-- --------------------------------------------------------
-- Host:                         127.0.0.1
-- Server version:               10.4.17-MariaDB - mariadb.org binary distribution
-- Server OS:                    Win64
-- HeidiSQL Version:             9.5.0.5196
-- --------------------------------------------------------

/*!40101 SET @OLD_CHARACTER_SET_CLIENT=@@CHARACTER_SET_CLIENT */;
/*!40101 SET NAMES utf8 */;
/*!50503 SET NAMES utf8mb4 */;
/*!40014 SET @OLD_FOREIGN_KEY_CHECKS=@@FOREIGN_KEY_CHECKS, FOREIGN_KEY_CHECKS=0 */;
/*!40101 SET @OLD_SQL_MODE=@@SQL_MODE, SQL_MODE='NO_AUTO_VALUE_ON_ZERO' */;


-- Dumping database structure for alcomputer
CREATE DATABASE IF NOT EXISTS `alcomputer` /*!40100 DEFAULT CHARACTER SET utf8 */;
USE `alcomputer`;

-- Dumping structure for table alcomputer.admin_resource
CREATE TABLE IF NOT EXISTS `admin_resource` (
  `id` int(10) unsigned NOT NULL AUTO_INCREMENT,
  `ten_hien_thi` varchar(191) COLLATE utf8mb4_unicode_ci DEFAULT NULL,
  `resource` varchar(191) COLLATE utf8mb4_unicode_ci DEFAULT NULL,
  `method` varchar(191) COLLATE utf8mb4_unicode_ci DEFAULT NULL,
  `action` varchar(191) COLLATE utf8mb4_unicode_ci DEFAULT NULL,
  `parameter` varchar(191) COLLATE utf8mb4_unicode_ci DEFAULT NULL,
  `parameter_value` varchar(191) COLLATE utf8mb4_unicode_ci DEFAULT NULL,
  `parent_id` int(10) unsigned DEFAULT NULL,
  `created_at` datetime NOT NULL DEFAULT current_timestamp(),
  `updated_at` datetime NOT NULL DEFAULT current_timestamp() ON UPDATE current_timestamp(),
  `uri` varchar(250) COLLATE utf8mb4_unicode_ci DEFAULT NULL,
  `status` int(11) DEFAULT 1,
  `show_menu` int(11) DEFAULT NULL,
  `order` int(11) DEFAULT NULL,
  `icon` varchar(250) COLLATE utf8mb4_unicode_ci DEFAULT NULL,
  PRIMARY KEY (`id`),
  KEY `admin_resource_parent_foreign` (`parent_id`),
  CONSTRAINT `admin_resource_parent_foreign` FOREIGN KEY (`parent_id`) REFERENCES `admin_resource` (`id`) ON DELETE CASCADE ON UPDATE CASCADE
) ENGINE=InnoDB AUTO_INCREMENT=1016 DEFAULT CHARSET=utf8mb4 COLLATE=utf8mb4_unicode_ci;

-- Dumping data for table alcomputer.admin_resource: ~118 rows (approximately)
/*!40000 ALTER TABLE `admin_resource` DISABLE KEYS */;
INSERT INTO `admin_resource` (`id`, `ten_hien_thi`, `resource`, `method`, `action`, `parameter`, `parameter_value`, `parent_id`, `created_at`, `updated_at`, `uri`, `status`, `show_menu`, `order`, `icon`) VALUES
	(1, '#', '#', '#', '#', '#', '#', NULL, '2021-03-12 16:43:45', '2021-03-12 16:46:12', '#', 1, 1, 0, NULL),
	(872, 'Đăng nhập', 'GET | App\\Http\\Controllers\\Auth\\LoginController@showLoginForm', 'GET', 'App\\Http\\Controllers\\Auth\\LoginController@showLoginForm', '', '', 1, '2021-03-12 16:43:45', '2021-04-05 09:29:25', 'login', 1, 1, 1000, '<i class="fa fa-lock menu-icon"></i>'),
	(873, 'Nút đăng nhập', 'POST | App\\Http\\Controllers\\Auth\\LoginController@login', 'POST', 'App\\Http\\Controllers\\Auth\\LoginController@login', '', '', 872, '2021-03-12 16:43:45', '2021-04-05 09:29:25', 'login', 1, 2, 1000, NULL),
	(874, 'Đăng xuất', 'POST | App\\Http\\Controllers\\Auth\\LoginController@logout', 'POST', 'App\\Http\\Controllers\\Auth\\LoginController@logout', '', '', 1, '2021-03-12 16:43:45', '2021-04-05 09:29:25', 'logout', 1, 2, 1000, '<i class="fa fa-unlock menu-icon"></i>'),
	(875, 'Đăng ký', 'GET | App\\Http\\Controllers\\Auth\\RegisterController@showRegistrationForm', 'GET', 'App\\Http\\Controllers\\Auth\\RegisterController@showRegistrationForm', '', '', 1, '2021-03-12 16:43:45', '2021-04-05 09:29:25', 'register', 1, 1, 1000, '<i class="fa fa-vcard-o menu-icon"></i>'),
	(876, 'Nút đăng ký', 'POST | App\\Http\\Controllers\\Auth\\RegisterController@register', 'POST', 'App\\Http\\Controllers\\Auth\\RegisterController@register', '', '', 875, '2021-03-12 16:43:45', '2021-04-05 09:29:25', 'register', 1, 2, 1000, NULL),
	(877, 'Reset mật khẩu', 'GET | App\\Http\\Controllers\\Auth\\ForgotPasswordController@showLinkRequestForm', 'GET', 'App\\Http\\Controllers\\Auth\\ForgotPasswordController@showLinkRequestForm', '', '', 1, '2021-03-12 16:43:45', '2021-04-05 09:29:25', 'password/reset', 1, 1, 1000, '<i class="fa fa-refresh menu-icon"></i>'),
	(878, 'password/email', 'POST | App\\Http\\Controllers\\Auth\\ForgotPasswordController@sendResetLinkEmail', 'POST', 'App\\Http\\Controllers\\Auth\\ForgotPasswordController@sendResetLinkEmail', '', '', 877, '2021-03-12 16:43:45', '2021-04-05 09:29:25', 'password/email', 1, 2, 1000, NULL),
	(879, 'password/reset/{token}', 'GET | App\\Http\\Controllers\\Auth\\ResetPasswordController@showResetForm', 'GET', 'App\\Http\\Controllers\\Auth\\ResetPasswordController@showResetForm', '', '', 877, '2021-03-12 16:43:45', '2021-04-05 09:29:25', 'password/reset/{token}', 1, 1, 1000, NULL),
	(880, 'password/reset', 'POST | App\\Http\\Controllers\\Auth\\ResetPasswordController@reset', 'POST', 'App\\Http\\Controllers\\Auth\\ResetPasswordController@reset', '', '', 877, '2021-03-12 16:43:45', '2021-04-05 09:29:25', 'password/reset', 1, 2, 1000, NULL),
	(881, 'password/confirm', 'GET | App\\Http\\Controllers\\Auth\\ConfirmPasswordController@showConfirmForm', 'GET', 'App\\Http\\Controllers\\Auth\\ConfirmPasswordController@showConfirmForm', '', '', 877, '2021-03-12 16:43:45', '2021-04-05 09:29:25', 'password/confirm', 1, 1, 1000, NULL),
	(882, 'password/confirm', 'POST | App\\Http\\Controllers\\Auth\\ConfirmPasswordController@confirm', 'POST', 'App\\Http\\Controllers\\Auth\\ConfirmPasswordController@confirm', '', '', 877, '2021-03-12 16:43:45', '2021-04-05 09:29:25', 'password/confirm', 1, 2, 1000, NULL),
	(883, 'Danh mục phường xã', 'GET | App\\Modules\\DmPhuongXa\\Controllers\\DmPhuongXaController@dmPhuongXa', 'GET', 'App\\Modules\\DmPhuongXa\\Controllers\\DmPhuongXaController@dmPhuongXa', '', '', 1, '2021-03-12 16:43:45', '2021-04-05 09:29:25', 'dm-phuong-xa', 1, 1, 18, '<i class="menu-icon icon-location-pin"></i>'),
	(884, 'Import danh mục phường xã', 'POST | App\\Modules\\DmPhuongXa\\Controllers\\DmPhuongXaController@dmPhuongXaAndImport', 'POST', 'App\\Modules\\DmPhuongXa\\Controllers\\DmPhuongXaController@dmPhuongXaAndImport', '', '', 883, '2021-03-12 16:43:45', '2021-04-05 09:29:25', 'dm-phuong-xa/import', 1, 2, 1000, NULL),
	(885, 'Danh mục quận huyện', 'GET | App\\Modules\\DmQuanHuyen\\Controllers\\DmQuanHuyenController@dmQuanHuyen', 'GET', 'App\\Modules\\DmQuanHuyen\\Controllers\\DmQuanHuyenController@dmQuanHuyen', '', '', 1, '2021-03-12 16:43:45', '2021-04-05 09:29:25', 'dm-quan-huyen', 1, 1, 17, '<i class="menu-icon icon-location-pin"></i>'),
	(886, 'Import danh mục quận/huyện', 'POST | App\\Modules\\DmQuanHuyen\\Controllers\\DmQuanHuyenController@dmQuanHuyenAndImport', 'POST', 'App\\Modules\\DmQuanHuyen\\Controllers\\DmQuanHuyenController@dmQuanHuyenAndImport', '', '', 885, '2021-03-12 16:43:45', '2021-04-05 09:29:25', 'dm-quan-huyen/import', 1, 2, 1000, NULL),
	(887, 'Đơn vị', 'GET | App\\Modules\\DonVi\\Controllers\\DonViController@donVi', 'GET', 'App\\Modules\\DonVi\\Controllers\\DonViController@donVi', '', '', 1, '2021-03-12 16:43:45', '2021-04-05 09:29:25', 'don-vi', 1, 1, 14, '<i class="fa fa-university menu-icon"></i>'),
	(888, 'Xem danh sách đơn vị', 'POST | App\\Modules\\DonVi\\Controllers\\DonViController@danhSachDonVi', 'POST', 'App\\Modules\\DonVi\\Controllers\\DonViController@danhSachDonVi', '', '', 887, '2021-03-12 16:43:45', '2021-04-05 09:29:25', 'danh-sach-don-vi', 1, 2, 1000, NULL),
	(889, 'Thêm đơn vị', 'POST | App\\Modules\\DonVi\\Controllers\\DonViController@themDonVi', 'POST', 'App\\Modules\\DonVi\\Controllers\\DonViController@themDonVi', '', '', 887, '2021-03-12 16:43:45', '2021-04-05 09:29:25', 'them-don-vi', 1, 2, 1000, NULL),
	(890, 'Load thông tin đơn vị', 'POST | App\\Modules\\DonVi\\Controllers\\DonViController@donViSingle', 'POST', 'App\\Modules\\DonVi\\Controllers\\DonViController@donViSingle', '', '', 887, '2021-03-12 16:43:45', '2021-04-05 09:29:25', 'don-vi-single', 1, 2, 1000, NULL),
	(891, 'Cập nhật đơn vị', 'POST | App\\Modules\\DonVi\\Controllers\\DonViController@capNhatDonVi', 'POST', 'App\\Modules\\DonVi\\Controllers\\DonViController@capNhatDonVi', '', '', 887, '2021-03-12 16:43:45', '2021-04-05 09:29:25', 'cap-nhat-don-vi', 1, 2, 1000, NULL),
	(892, 'Xóa đơn vị', 'POST | App\\Modules\\DonVi\\Controllers\\DonViController@xoaDonVi', 'POST', 'App\\Modules\\DonVi\\Controllers\\DonViController@xoaDonVi', '', '', 887, '2021-03-12 16:43:45', '2021-04-05 09:29:25', 'xoa-don-vi', 1, 2, 1000, NULL),
	(893, 'Nhóm quyền', 'GET | App\\Modules\\NhomQuyen\\Controllers\\NhomQuyenController@nhomQuyen', 'GET', 'App\\Modules\\NhomQuyen\\Controllers\\NhomQuyenController@nhomQuyen', '', '', 1, '2021-03-12 16:43:45', '2021-04-05 09:29:25', 'nhom-quyen', 1, 1, 11, '<i class="fa fa-database menu-icon"></i>'),
	(894, 'Xem danh sách nhóm quyền', 'POST | App\\Modules\\NhomQuyen\\Controllers\\NhomQuyenController@danhSachNhomQuyen', 'POST', 'App\\Modules\\NhomQuyen\\Controllers\\NhomQuyenController@danhSachNhomQuyen', '', '', 893, '2021-03-12 16:43:45', '2021-04-05 09:29:25', 'danh-sach-nhom-quyen', 1, 2, 1000, NULL),
	(895, 'Thêm nhóm quyền', 'POST | App\\Modules\\NhomQuyen\\Controllers\\NhomQuyenController@themNhomQuyen', 'POST', 'App\\Modules\\NhomQuyen\\Controllers\\NhomQuyenController@themNhomQuyen', '', '', 893, '2021-03-12 16:43:45', '2021-04-05 09:29:25', 'them-nhom-quyen', 1, 2, 1000, NULL),
	(896, 'Load thông tin nhóm quyền', 'POST | App\\Modules\\NhomQuyen\\Controllers\\NhomQuyenController@nhomQuyenSingle', 'POST', 'App\\Modules\\NhomQuyen\\Controllers\\NhomQuyenController@nhomQuyenSingle', '', '', 893, '2021-03-12 16:43:45', '2021-04-05 09:29:25', 'nhom-quyen-single', 1, 2, 1000, NULL),
	(897, 'Cập nhật nhóm quyền', 'POST | App\\Modules\\NhomQuyen\\Controllers\\NhomQuyenController@capNhatNhomQuyen', 'POST', 'App\\Modules\\NhomQuyen\\Controllers\\NhomQuyenController@capNhatNhomQuyen', '', '', 893, '2021-03-12 16:43:45', '2021-04-05 09:29:25', 'cap-nhat-nhom-quyen', 1, 2, 1000, NULL),
	(898, 'Xóa nhóm quyền', 'POST | App\\Modules\\NhomQuyen\\Controllers\\NhomQuyenController@xoaNhomQuyen', 'POST', 'App\\Modules\\NhomQuyen\\Controllers\\NhomQuyenController@xoaNhomQuyen', '', '', 893, '2021-03-12 16:43:45', '2021-04-05 09:29:25', 'xoa-nhom-quyen', 1, 2, 1000, NULL),
	(899, 'Phân quyền', 'GET | App\\Modules\\PhanQuyen\\Controllers\\PhanQuyenController@phanQuyen', 'GET', 'App\\Modules\\PhanQuyen\\Controllers\\PhanQuyenController@phanQuyen', '', '', 1, '2021-03-12 16:43:45', '2021-04-05 09:29:25', 'phan-quyen', 1, 1, 12, '<i class="fa fa-cogs menu-icon"></i>'),
	(900, 'Lưu thông tin quyền', 'POST | App\\Modules\\PhanQuyen\\Controllers\\PhanQuyenController@phanQuyenPost', 'POST', 'App\\Modules\\PhanQuyen\\Controllers\\PhanQuyenController@phanQuyenPost', '', '', 899, '2021-03-12 16:43:45', '2021-04-05 09:29:25', 'phan-quyen-post', 1, 2, 1000, NULL),
	(901, 'Load danh sách nhóm quyền', 'POST | App\\Modules\\PhanQuyen\\Controllers\\PhanQuyenController@phanQuyenDanhSachNhomQuyen', 'POST', 'App\\Modules\\PhanQuyen\\Controllers\\PhanQuyenController@phanQuyenDanhSachNhomQuyen', '', '', 899, '2021-03-12 16:43:45', '2021-04-05 09:29:25', 'phan-quyen/danh-sach-nhom-quyen', 1, 2, 1000, NULL),
	(902, 'Load danh sách quyền', 'POST | App\\Modules\\PhanQuyen\\Controllers\\PhanQuyenController@phanQuyenDanhSachQuyenTheoNhomQuyenId', 'POST', 'App\\Modules\\PhanQuyen\\Controllers\\PhanQuyenController@phanQuyenDanhSachQuyenTheoNhomQuyenId', '', '', 899, '2021-03-12 16:43:45', '2021-04-05 09:29:25', 'phan-quyen/danh-sach-quyen-theo-nhom-quyen-id', 1, 2, 1000, NULL),
	(903, 'Danh mục chức năng', 'GET | App\\Modules\\TaiNguyen\\Controllers\\TaiNguyenController@taiNguyen', 'GET', 'App\\Modules\\TaiNguyen\\Controllers\\TaiNguyenController@taiNguyen', '', '', 1, '2021-03-12 16:43:45', '2021-04-05 09:29:25', 'tai-nguyen', 1, 1, 13, '<i class="menu-icon icon-list"></i>'),
	(904, 'Xem danh sách tài nguyên', 'POST | App\\Modules\\TaiNguyen\\Controllers\\TaiNguyenController@danhSachTaiNguyen', 'POST', 'App\\Modules\\TaiNguyen\\Controllers\\TaiNguyenController@danhSachTaiNguyen', '', '', 903, '2021-03-12 16:43:45', '2021-04-05 09:29:25', 'danh-sach-tai-nguyen', 1, 2, 1000, NULL),
	(905, 'Quét tài nguyên hệ thống', 'POST | App\\Modules\\TaiNguyen\\Controllers\\TaiNguyenController@quetTaiNguyen', 'POST', 'App\\Modules\\TaiNguyen\\Controllers\\TaiNguyenController@quetTaiNguyen', '', '', 903, '2021-03-12 16:43:45', '2021-04-05 09:29:25', 'quet-tai-nguyen', 1, 2, 1000, NULL),
	(906, 'Thêm tài nguyên', 'POST | App\\Modules\\TaiNguyen\\Controllers\\TaiNguyenController@themTaiNguyen', 'POST', 'App\\Modules\\TaiNguyen\\Controllers\\TaiNguyenController@themTaiNguyen', '', '', 903, '2021-03-12 16:43:45', '2021-04-05 09:29:25', 'them-tai-nguyen', 1, 2, 1000, NULL),
	(907, 'Load thông tin tài nguyên', 'POST | App\\Modules\\TaiNguyen\\Controllers\\TaiNguyenController@taiNguyenSingle', 'POST', 'App\\Modules\\TaiNguyen\\Controllers\\TaiNguyenController@taiNguyenSingle', '', '', 903, '2021-03-12 16:43:45', '2021-04-05 09:29:25', 'tai-nguyen-single', 1, 2, 1000, NULL),
	(908, 'Cập nhật tài nguyên', 'POST | App\\Modules\\TaiNguyen\\Controllers\\TaiNguyenController@capNhatTaiNguyen', 'POST', 'App\\Modules\\TaiNguyen\\Controllers\\TaiNguyenController@capNhatTaiNguyen', '', '', 903, '2021-03-12 16:43:45', '2021-04-05 09:29:25', 'cap-nhat-tai-nguyen', 1, 2, 1000, NULL),
	(909, 'Xóa tài nguyên', 'POST | App\\Modules\\TaiNguyen\\Controllers\\TaiNguyenController@xoaTaiNguyen', 'POST', 'App\\Modules\\TaiNguyen\\Controllers\\TaiNguyenController@xoaTaiNguyen', '', '', 903, '2021-03-12 16:43:45', '2021-04-05 09:29:25', 'xoa-tai-nguyen', 1, 2, 1000, NULL),
	(910, 'Trang chủ', 'GET | App\\Modules\\TrangChu\\Controllers\\TrangChuController@home', 'GET', 'App\\Modules\\TrangChu\\Controllers\\TrangChuController@home', '', '', 1, '2021-03-12 16:43:45', '2021-04-05 09:29:25', '/', 1, 1, 1, '<i class="fa fa-home menu-icon"></i>'),
	(911, 'Tài khoản', 'GET | App\\Modules\\User\\Controllers\\UserController@user', 'GET', 'App\\Modules\\User\\Controllers\\UserController@user', '', '', 1, '2021-03-12 16:43:45', '2021-04-05 09:29:25', 'user', 1, 1, 10, '<i class="fa fa-address-book menu-icon"></i>'),
	(912, 'Xem danh sách tài khoản', 'POST | App\\Modules\\User\\Controllers\\UserController@danhSachUser', 'POST', 'App\\Modules\\User\\Controllers\\UserController@danhSachUser', '', '', 911, '2021-03-12 16:43:45', '2021-04-05 09:29:25', 'danh-sach-user', 1, 2, 1000, NULL),
	(913, 'Tạo tài khoản', 'POST | App\\Modules\\User\\Controllers\\UserController@themUser', 'POST', 'App\\Modules\\User\\Controllers\\UserController@themUser', '', '', 911, '2021-03-12 16:43:45', '2021-04-05 09:29:25', 'them-user', 1, 2, 1000, NULL),
	(914, 'Load thông tin tài khoản', 'POST | App\\Modules\\User\\Controllers\\UserController@userSingle', 'POST', 'App\\Modules\\User\\Controllers\\UserController@userSingle', '', '', 911, '2021-03-12 16:43:45', '2021-04-05 09:29:25', 'user-single', 1, 2, 1000, NULL),
	(915, 'Cập nhật tài khoản', 'POST | App\\Modules\\User\\Controllers\\UserController@capNhatUser', 'POST', 'App\\Modules\\User\\Controllers\\UserController@capNhatUser', '', '', 911, '2021-03-12 16:43:45', '2021-04-05 09:29:25', 'cap-nhat-user', 1, 2, 1000, NULL),
	(916, 'Xóa tài khoản', 'POST | App\\Modules\\User\\Controllers\\UserController@xoaUser', 'POST', 'App\\Modules\\User\\Controllers\\UserController@xoaUser', '', '', 911, '2021-03-12 16:43:45', '2021-04-05 09:29:25', 'xoa-user', 1, 2, 1000, NULL),
	(917, 'Sản phẩm', 'GET | App\\Modules\\SanPham\\Controllers\\SanPhamController@sanPham', 'GET', 'App\\Modules\\SanPham\\Controllers\\SanPhamController@sanPham', '', '', 1, '2021-03-13 19:23:18', '2021-04-05 09:29:25', 'san-pham', 1, 1, 7, '<i class="fa fa-desktop menu-icon"></i>'),
	(918, 'Xem danh sách sản phẩm', 'POST | App\\Modules\\SanPham\\Controllers\\SanPhamController@danhSachSanPham', 'POST', 'App\\Modules\\SanPham\\Controllers\\SanPhamController@danhSachSanPham', '', '', 917, '2021-03-13 19:23:18', '2021-04-05 09:29:25', 'danh-sach-san-pham', 1, 2, 1000, NULL),
	(919, 'Thêm sản phẩm', 'POST | App\\Modules\\SanPham\\Controllers\\SanPhamController@themSanPham', 'POST', 'App\\Modules\\SanPham\\Controllers\\SanPhamController@themSanPham', '', '', 917, '2021-03-13 19:23:18', '2021-04-05 09:29:25', 'them-san-pham', 1, 2, 1000, NULL),
	(920, 'Load sản phẩm', 'POST | App\\Modules\\SanPham\\Controllers\\SanPhamController@sanPhamSingle', 'POST', 'App\\Modules\\SanPham\\Controllers\\SanPhamController@sanPhamSingle', '', '', 917, '2021-03-13 19:23:18', '2021-04-05 09:29:25', 'san-pham-single', 1, 2, 1000, NULL),
	(921, 'Cập nhật sản phẩm', 'POST | App\\Modules\\SanPham\\Controllers\\SanPhamController@capNhatSanPham', 'POST', 'App\\Modules\\SanPham\\Controllers\\SanPhamController@capNhatSanPham', '', '', 917, '2021-03-13 19:23:18', '2021-04-05 09:29:25', 'cap-nhat-san-pham', 1, 2, 1000, NULL),
	(922, 'Xóa sản phẩm', 'POST | App\\Modules\\SanPham\\Controllers\\SanPhamController@xoaSanPham', 'POST', 'App\\Modules\\SanPham\\Controllers\\SanPhamController@xoaSanPham', '', '', 917, '2021-03-13 19:23:18', '2021-04-05 09:29:25', 'xoa-san-pham', 1, 2, 1000, NULL),
	(923, 'Nhà cung cấp', 'GET | App\\Modules\\DoiTac\\Controllers\\DoiTacController@doiTac', 'GET', 'App\\Modules\\DoiTac\\Controllers\\DoiTacController@doiTac', '', '', 1, '2021-03-13 22:13:42', '2021-04-05 09:29:25', 'doi-tac', 1, 1, 9, '<i class="fa fa-handshake-o menu-icon"></i>'),
	(924, 'Xem danh sách đối tác', 'POST | App\\Modules\\DoiTac\\Controllers\\DoiTacController@danhSachDoiTac', 'POST', 'App\\Modules\\DoiTac\\Controllers\\DoiTacController@danhSachDoiTac', '', '', 923, '2021-03-13 22:13:42', '2021-04-05 09:29:25', 'danh-sach-doi-tac', 1, 2, 1000, NULL),
	(925, 'Thêm đối tác', 'POST | App\\Modules\\DoiTac\\Controllers\\DoiTacController@themDoiTac', 'POST', 'App\\Modules\\DoiTac\\Controllers\\DoiTacController@themDoiTac', '', '', 923, '2021-03-13 22:13:42', '2021-04-05 09:29:25', 'them-doi-tac', 1, 2, 1000, NULL),
	(926, 'Load đối tác', 'POST | App\\Modules\\DoiTac\\Controllers\\DoiTacController@doiTacSingle', 'POST', 'App\\Modules\\DoiTac\\Controllers\\DoiTacController@doiTacSingle', '', '', 923, '2021-03-13 22:13:42', '2021-04-05 09:29:25', 'doi-tac-single', 1, 2, 1000, NULL),
	(927, 'Cập nhật thông tin đối tác', 'POST | App\\Modules\\DoiTac\\Controllers\\DoiTacController@capNhatDoiTac', 'POST', 'App\\Modules\\DoiTac\\Controllers\\DoiTacController@capNhatDoiTac', '', '', 923, '2021-03-13 22:13:42', '2021-04-05 09:29:25', 'cap-nhat-doi-tac', 1, 2, 1000, NULL),
	(928, 'Xóa đối tác', 'POST | App\\Modules\\DoiTac\\Controllers\\DoiTacController@xoaDoiTac', 'POST', 'App\\Modules\\DoiTac\\Controllers\\DoiTacController@xoaDoiTac', '', '', 923, '2021-03-13 22:13:42', '2021-04-05 09:29:25', 'xoa-doi-tac', 1, 2, 1000, NULL),
	(929, 'Khách hàng', 'GET | App\\Modules\\KhachHang\\Controllers\\KhachHangController@KhachHang', 'GET', 'App\\Modules\\KhachHang\\Controllers\\KhachHangController@KhachHang', '', '', 1, '2021-03-13 22:35:07', '2021-04-05 09:29:25', 'khach-hang', 1, 1, 8, '<i class="fa fa-users menu-icon"></i>'),
	(930, 'Xem danh sách khách hàng', 'POST | App\\Modules\\KhachHang\\Controllers\\KhachHangController@danhSachKhachHang', 'POST', 'App\\Modules\\KhachHang\\Controllers\\KhachHangController@danhSachKhachHang', '', '', 929, '2021-03-13 22:35:07', '2021-04-05 09:29:25', 'danh-sach-khach-hang', 1, 2, 1000, NULL),
	(931, 'Thêm khách hàng', 'POST | App\\Modules\\KhachHang\\Controllers\\KhachHangController@themKhachHang', 'POST', 'App\\Modules\\KhachHang\\Controllers\\KhachHangController@themKhachHang', '', '', 929, '2021-03-13 22:35:07', '2021-04-05 09:29:25', 'them-khach-hang', 1, 2, 1000, NULL),
	(932, 'Load thông tin khách hàng', 'POST | App\\Modules\\KhachHang\\Controllers\\KhachHangController@khachHangSingle', 'POST', 'App\\Modules\\KhachHang\\Controllers\\KhachHangController@khachHangSingle', '', '', 929, '2021-03-13 22:35:07', '2021-04-05 09:29:25', 'khach-hang-single', 1, 2, 1000, NULL),
	(933, 'Cập nhật khách hàng', 'POST | App\\Modules\\KhachHang\\Controllers\\KhachHangController@capNhatKhachHang', 'POST', 'App\\Modules\\KhachHang\\Controllers\\KhachHangController@capNhatKhachHang', '', '', 929, '2021-03-13 22:35:07', '2021-04-05 09:29:25', 'cap-nhat-khach-hang', 1, 2, 1000, NULL),
	(934, 'Xóa khách hàng', 'POST | App\\Modules\\KhachHang\\Controllers\\KhachHangController@xoaKhachHang', 'POST', 'App\\Modules\\KhachHang\\Controllers\\KhachHangController@xoaKhachHang', '', '', 929, '2021-03-13 22:35:07', '2021-04-05 09:29:25', 'xoa-khach-hang', 1, 2, 1000, NULL),
	(935, 'Phiếu nhập kho', 'GET | App\\Modules\\PhieuNhap\\Controllers\\PhieuNhapController@phieuNhap', 'GET', 'App\\Modules\\PhieuNhap\\Controllers\\PhieuNhapController@phieuNhap', '', '', 1, '2021-03-14 07:43:13', '2021-04-05 09:29:25', 'phieu-nhap', 1, 1, 3, '<i class="fa fa-download menu-icon"></i>'),
	(936, 'Xem danh sách phiếu nhập kho', 'POST | App\\Modules\\PhieuNhap\\Controllers\\PhieuNhapController@danhSachPhieuNhap', 'POST', 'App\\Modules\\PhieuNhap\\Controllers\\PhieuNhapController@danhSachPhieuNhap', '', '', 935, '2021-03-14 07:43:13', '2021-04-05 09:29:25', 'danh-sach-phieu-nhap', 1, 2, 1000, NULL),
	(937, 'Lập phiếu nhập kho', 'POST | App\\Modules\\PhieuNhap\\Controllers\\PhieuNhapController@themPhieuNhap', 'POST', 'App\\Modules\\PhieuNhap\\Controllers\\PhieuNhapController@themPhieuNhap', '', '', 935, '2021-03-14 07:43:13', '2021-04-05 09:29:25', 'them-phieu-nhap', 1, 2, 1000, NULL),
	(938, 'Load thông tin phiếu nhập kho', 'POST | App\\Modules\\PhieuNhap\\Controllers\\PhieuNhapController@phieuNhapSingle', 'POST', 'App\\Modules\\PhieuNhap\\Controllers\\PhieuNhapController@phieuNhapSingle', '', '', 935, '2021-03-14 07:43:13', '2021-04-05 09:29:25', 'phieu-nhap-single', 1, 2, 1000, NULL),
	(939, 'Cập nhật phiếu nhập kho', 'POST | App\\Modules\\PhieuNhap\\Controllers\\PhieuNhapController@capNhatPhieuNhap', 'POST', 'App\\Modules\\PhieuNhap\\Controllers\\PhieuNhapController@capNhatPhieuNhap', '', '', 935, '2021-03-14 07:43:13', '2021-04-05 09:29:25', 'cap-nhat-phieu-nhap', 1, 2, 1000, NULL),
	(940, 'Xóa phiếu nhập kho', 'POST | App\\Modules\\PhieuNhap\\Controllers\\PhieuNhapController@xoaPhieuNhap', 'POST', 'App\\Modules\\PhieuNhap\\Controllers\\PhieuNhapController@xoaPhieuNhap', '', '', 935, '2021-03-14 07:43:13', '2021-04-05 09:29:25', 'xoa-phieu-nhap', 1, 2, 1000, NULL),
	(941, 'Thêm sản phẩm vào phiếu nhập kho', 'POST | App\\Modules\\PhieuNhap\\Controllers\\PhieuNhapController@themChiTietPhieuNhap', 'POST', 'App\\Modules\\PhieuNhap\\Controllers\\PhieuNhapController@themChiTietPhieuNhap', '', '', 935, '2021-03-14 13:10:10', '2021-04-05 09:29:25', 'them-chi-tiet-phieu-nhap', 1, 2, 1000, NULL),
	(942, 'Load chi tiết phiếu nhập', 'POST | App\\Modules\\PhieuNhap\\Controllers\\PhieuNhapController@loadChiTietPhieuNhap', 'POST', 'App\\Modules\\PhieuNhap\\Controllers\\PhieuNhapController@loadChiTietPhieuNhap', '', '', 935, '2021-03-14 14:57:49', '2021-04-05 09:29:25', 'load-chi-tiet-phieu-nhap', 1, 2, 1000, NULL),
	(943, 'Xóa chi tiết phiếu nhập', 'POST | App\\Modules\\PhieuNhap\\Controllers\\PhieuNhapController@xoaChiTietPhieuNhap', 'POST', 'App\\Modules\\PhieuNhap\\Controllers\\PhieuNhapController@xoaChiTietPhieuNhap', '', '', 935, '2021-03-14 15:14:00', '2021-04-05 09:29:25', 'xoa-chi-tiet-phieu-nhap', 1, 2, 1000, NULL),
	(959, 'Phiếu xuất kho', 'GET | App\\Modules\\PhieuXuat\\Controllers\\PhieuXuatController@phieuXuat', 'GET', 'App\\Modules\\PhieuXuat\\Controllers\\PhieuXuatController@phieuXuat', '', '', 1, '2021-03-19 13:42:07', '2021-04-05 09:29:25', 'phieu-xuat', 1, 1, 4, '<i class="fa fa-shopping-cart menu-icon"></i>'),
	(960, 'Danh sách phiếu xuất', 'POST | App\\Modules\\PhieuXuat\\Controllers\\PhieuXuatController@danhSachPhieuXuat', 'POST', 'App\\Modules\\PhieuXuat\\Controllers\\PhieuXuatController@danhSachPhieuXuat', '', '', 959, '2021-03-19 13:42:07', '2021-04-05 09:29:25', 'danh-sach-phieu-xuat', 1, 2, 1000, NULL),
	(961, 'Load phiếu xuất', 'POST | App\\Modules\\PhieuXuat\\Controllers\\PhieuXuatController@phieuXuatSingle', 'POST', 'App\\Modules\\PhieuXuat\\Controllers\\PhieuXuatController@phieuXuatSingle', '', '', 959, '2021-03-19 13:49:40', '2021-04-05 09:29:25', 'phieu-xuat-single', 1, 2, 1000, NULL),
	(963, 'Thêm phiếu xuất', 'POST | App\\Modules\\PhieuXuat\\Controllers\\PhieuXuatController@themPhieuXuat', 'POST', 'App\\Modules\\PhieuXuat\\Controllers\\PhieuXuatController@themPhieuXuat', '', '', 959, '2021-03-19 13:55:56', '2021-04-05 09:29:25', 'them-phieu-xuat', 1, 2, 1000, NULL),
	(964, 'Xóa phiếu xuất', 'POST | App\\Modules\\PhieuXuat\\Controllers\\PhieuXuatController@xoaPhieuXuat', 'POST', 'App\\Modules\\PhieuXuat\\Controllers\\PhieuXuatController@xoaPhieuXuat', '', '', 959, '2021-03-19 13:55:56', '2021-04-05 09:29:25', 'xoa-phieu-xuat', 1, 2, 1000, NULL),
	(965, 'Cập nhật phiếu xuất', 'POST | App\\Modules\\PhieuXuat\\Controllers\\PhieuXuatController@capNhatPhieuXuat', 'POST', 'App\\Modules\\PhieuXuat\\Controllers\\PhieuXuatController@capNhatPhieuXuat', '', '', 959, '2021-03-19 13:55:56', '2021-04-05 09:29:25', 'cap-nhat-phieu-xuat', 1, 2, 1000, NULL),
	(966, 'Thêm phiếu xuất', 'POST | App\\Modules\\PhieuXuat\\Controllers\\PhieuXuatController@themChiTietPhieuXuat', 'POST', 'App\\Modules\\PhieuXuat\\Controllers\\PhieuXuatController@themChiTietPhieuXuat', '', '', 959, '2021-03-19 13:55:56', '2021-04-05 09:29:25', 'them-chi-tiet-phieu-xuat', 1, 2, 1000, NULL),
	(967, 'Load chi tiết phiếu xuất', 'POST | App\\Modules\\PhieuXuat\\Controllers\\PhieuXuatController@loadChiTietPhieuXuat', 'POST', 'App\\Modules\\PhieuXuat\\Controllers\\PhieuXuatController@loadChiTietPhieuXuat', '', '', 959, '2021-03-19 13:55:56', '2021-04-05 09:29:25', 'load-chi-tiet-phieu-xuat', 1, 2, 1000, NULL),
	(968, 'Xóa chi tiết phiếu xuất', 'POST | App\\Modules\\PhieuXuat\\Controllers\\PhieuXuatController@xoaChiTietPhieuXuat', 'POST', 'App\\Modules\\PhieuXuat\\Controllers\\PhieuXuatController@xoaChiTietPhieuXuat', '', '', 959, '2021-03-19 13:55:56', '2021-04-05 09:29:25', 'xoa-chi-tiet-phieu-xuat', 1, 2, 1000, NULL),
	(969, 'Lấy thông tin đối tác theo tên và mã đối tác', 'POST | App\\Modules\\PhieuNhap\\Controllers\\PhieuNhapController@layThongTinDoiTacTheoTenVaMa', 'POST', 'App\\Modules\\PhieuNhap\\Controllers\\PhieuNhapController@layThongTinDoiTacTheoTenVaMa', '', '', 935, '2021-03-19 14:35:28', '2021-04-05 09:29:25', 'lay-thong-tin-doi-tac-theo-ten-va-ma', 1, 2, 1000, NULL),
	(970, 'Lấy thông tin khách hàng theo tên và mã', 'POST | App\\Modules\\PhieuXuat\\Controllers\\PhieuXuatController@layThongTinKhachHangTheoTenVaMa', 'POST', 'App\\Modules\\PhieuXuat\\Controllers\\PhieuXuatController@layThongTinKhachHangTheoTenVaMa', '', '', 959, '2021-03-19 14:35:28', '2021-04-05 09:29:25', 'lay-thong-tin-khach-hang-theo-ten-va-ma', 1, 2, 1000, NULL),
	(971, 'Lấy chi tiết sản phẩm theo tên và mã', 'POST | App\\Modules\\PhieuXuat\\Controllers\\PhieuXuatController@layThongTinSanPhamTheoTenVaMa', 'POST', 'App\\Modules\\PhieuXuat\\Controllers\\PhieuXuatController@layThongTinSanPhamTheoTenVaMa', '', '', 959, '2021-03-19 15:37:51', '2021-04-05 09:29:25', 'lay-thong-tin-san-pham-theo-ten-va-ma', 1, 2, 1000, NULL),
	(972, 'Báo cáo - Thống kê', NULL, 'GET', NULL, NULL, NULL, 1, '2021-03-21 15:06:34', '2021-04-01 15:35:32', NULL, 1, 1, 2, '<i class="fa fa-bar-chart-o menu-icon"></i>'),
	(973, 'Thống kê xuất nhập tồn', 'GET | App\\Modules\\ThongKe\\Controllers\\ThongKeXuatNhapTonController@thongKeXuatNhapTon', 'GET', 'App\\Modules\\ThongKe\\Controllers\\ThongKeXuatNhapTonController@thongKeXuatNhapTon', '', '', 972, '2021-03-21 15:06:39', '2021-04-05 09:29:25', 'thong-ke-xuat-nhap-ton', 1, 1, 1000, NULL),
	(974, 'Danh sách thống kê xuất nhập tồn', 'POST | App\\Modules\\ThongKe\\Controllers\\ThongKeXuatNhapTonController@danhSachThongKeXuatNhapTon', 'POST', 'App\\Modules\\ThongKe\\Controllers\\ThongKeXuatNhapTonController@danhSachThongKeXuatNhapTon', '', '', 973, '2021-03-21 15:06:39', '2021-04-05 09:29:25', 'danh-sach-thong-ke-xuat-nhap-ton', 1, 2, 1000, NULL),
	(975, 'Dashboard', 'GET | App\\Modules\\ThongKe\\Controllers\\ThongKeXuatNhapTonController@dashboard', 'GET', 'App\\Modules\\ThongKe\\Controllers\\ThongKeXuatNhapTonController@dashboard', '', '', 972, '2021-03-22 08:27:09', '2021-04-05 09:29:25', 'dashboard', 1, 1, 1, NULL),
	(978, 'Import phiếu nhập bằng Excel', 'POST | App\\Modules\\PhieuNhap\\Controllers\\PhieuNhapController@importPhieuNhap', 'POST', 'App\\Modules\\PhieuNhap\\Controllers\\PhieuNhapController@importPhieuNhap', '', '', 935, '2021-03-23 15:17:37', '2021-04-05 09:29:25', 'import-phieu-nhap', 1, 2, 1000, NULL),
	(979, 'Import phiếu xuất kho', 'POST | App\\Modules\\PhieuXuat\\Controllers\\PhieuXuatController@importPhieuXuat', 'POST', 'App\\Modules\\PhieuXuat\\Controllers\\PhieuXuatController@importPhieuXuat', '', '', 959, '2021-03-24 08:54:34', '2021-04-05 09:29:25', 'import-phieu-xuat', 1, 2, 1000, NULL),
	(980, 'Xuất thống kê', 'GET | App\\Modules\\ThongKe\\Controllers\\ThongKeXuatNhapTonController@exportThongKe', 'GET', 'App\\Modules\\ThongKe\\Controllers\\ThongKeXuatNhapTonController@exportThongKe', '', '', 972, '2021-03-27 06:02:58', '2021-04-05 09:29:25', 'export-thong-ke', 1, 2, 1000, NULL),
	(981, 'Export phiếu xuất', 'GET | App\\Modules\\PhieuXuat\\Controllers\\PhieuXuatController@exportPhieuXuat', 'GET', 'App\\Modules\\PhieuXuat\\Controllers\\PhieuXuatController@exportPhieuXuat', '', '', 959, '2021-03-28 13:02:01', '2021-04-05 09:29:25', 'export-phieu-xuat', 1, 2, 1000, NULL),
	(982, 'Export phiếu nhập', 'GET | App\\Modules\\PhieuNhap\\Controllers\\PhieuNhapController@exportPhieuNhap', 'GET', 'App\\Modules\\PhieuNhap\\Controllers\\PhieuNhapController@exportPhieuNhap', '', '', 935, '2021-03-28 13:13:04', '2021-04-05 09:29:25', 'export-phieu-nhap', 1, 2, 1000, NULL),
	(983, 'Import sản phẩm', 'POST | App\\Modules\\SanPham\\Controllers\\SanPhamController@importSanPham', 'POST', 'App\\Modules\\SanPham\\Controllers\\SanPhamController@importSanPham', '', '', 917, '2021-03-28 13:39:10', '2021-04-05 09:29:25', 'import-san-pham', 1, 2, 1000, NULL),
	(984, 'Import khách hàng', 'POST | App\\Modules\\KhachHang\\Controllers\\KhachHangController@importKhachHang', 'POST', 'App\\Modules\\KhachHang\\Controllers\\KhachHangController@importKhachHang', '', '', 929, '2021-03-28 13:57:40', '2021-04-05 09:29:25', 'import-khach-hang', 1, 2, 1000, NULL),
	(985, 'Import nhà cung cấp', 'POST | App\\Modules\\DoiTac\\Controllers\\DoiTacController@importDoiTac', 'POST', 'App\\Modules\\DoiTac\\Controllers\\DoiTacController@importDoiTac', '', '', 923, '2021-03-28 14:07:34', '2021-04-05 09:29:25', 'import-doi-tac', 1, 2, 1000, NULL),
	(986, 'In phiếu xuất kho', 'GET | App\\Modules\\PhieuXuat\\Controllers\\PhieuXuatController@inPhieuXuat', 'GET', 'App\\Modules\\PhieuXuat\\Controllers\\PhieuXuatController@inPhieuXuat', '', '', 959, '2021-03-29 16:03:35', '2021-04-05 09:29:25', 'in-phieu-xuat', 1, 2, 1000, NULL),
	(987, 'In phiếu giao hàng', 'GET | App\\Modules\\PhieuXuat\\Controllers\\PhieuXuatController@inPhieuGiaoHang', 'GET', 'App\\Modules\\PhieuXuat\\Controllers\\PhieuXuatController@inPhieuGiaoHang', '', '', 959, '2021-03-29 16:03:35', '2021-04-05 09:29:25', 'in-phieu-giao-hang', 1, 2, 1000, NULL),
	(988, 'Công nợ', 'GET | App\\Modules\\CongNo\\Controllers\\CongNoController@congNo', 'GET', 'App\\Modules\\CongNo\\Controllers\\CongNoController@congNo', '', '', 1, '2021-04-01 08:12:37', '2021-04-05 09:29:25', 'cong-no', 1, 1, 5, '<i class="fa fa-briefcase menu-icon"></i>'),
	(989, 'Xem danh sách công nợ', 'POST | App\\Modules\\CongNo\\Controllers\\CongNoController@danhSachCongNo', 'POST', 'App\\Modules\\CongNo\\Controllers\\CongNoController@danhSachCongNo', '', '', 988, '2021-04-01 08:12:37', '2021-04-05 09:29:25', 'danh-sach-cong-no', 1, 2, 1000, NULL),
	(990, 'Load thông tin công nợ', 'POST | App\\Modules\\CongNo\\Controllers\\CongNoController@congNoSingle', 'POST', 'App\\Modules\\CongNo\\Controllers\\CongNoController@congNoSingle', '', '', 988, '2021-04-01 08:12:37', '2021-04-05 09:29:25', 'cong-no-single', 1, 2, 1000, NULL),
	(997, 'Lập phiếu chi', 'GET | App\\Modules\\PhieuChi\\Controllers\\PhieuChiController@phieuChi', 'GET', 'App\\Modules\\PhieuChi\\Controllers\\PhieuChiController@phieuChi', '', '', 1009, '2021-04-01 15:32:51', '2021-04-05 09:29:25', 'phieu-chi', 1, 1, 6, '<i class="fa fa-external-link-square menu-icon"></i>'),
	(998, 'Xem danh sách phiếu chi', 'POST | App\\Modules\\PhieuChi\\Controllers\\PhieuChiController@danhSachPhieuChi', 'POST', 'App\\Modules\\PhieuChi\\Controllers\\PhieuChiController@danhSachPhieuChi', '', '', 997, '2021-04-01 15:32:51', '2021-04-05 09:29:25', 'danh-sach-phieu-chi', 1, 2, 6, NULL),
	(999, 'Thêm phiếu chi', 'POST | App\\Modules\\PhieuChi\\Controllers\\PhieuChiController@themPhieuChi', 'POST', 'App\\Modules\\PhieuChi\\Controllers\\PhieuChiController@themPhieuChi', '', '', 997, '2021-04-01 15:32:51', '2021-04-05 09:29:25', 'them-phieu-chi', 1, 2, 1000, NULL),
	(1000, 'Load phiếu chi', 'POST | App\\Modules\\PhieuChi\\Controllers\\PhieuChiController@phieuChiSingle', 'POST', 'App\\Modules\\PhieuChi\\Controllers\\PhieuChiController@phieuChiSingle', '', '', 997, '2021-04-01 15:32:51', '2021-04-05 09:29:25', 'phieu-chi-single', 1, 2, 1000, NULL),
	(1001, 'Cập nhật phiếu chi', 'POST | App\\Modules\\PhieuChi\\Controllers\\PhieuChiController@capNhatPhieuChi', 'POST', 'App\\Modules\\PhieuChi\\Controllers\\PhieuChiController@capNhatPhieuChi', '', '', 997, '2021-04-01 15:32:51', '2021-04-05 09:29:25', 'cap-nhat-phieu-chi', 1, 2, 1000, NULL),
	(1002, 'Xóa phiếu chi', 'POST | App\\Modules\\PhieuChi\\Controllers\\PhieuChiController@xoaPhieuChi', 'POST', 'App\\Modules\\PhieuChi\\Controllers\\PhieuChiController@xoaPhieuChi', '', '', 997, '2021-04-01 15:32:51', '2021-04-05 09:29:25', 'xoa-phieu-chi', 1, 2, 1000, NULL),
	(1003, 'Đơn vị tính', 'GET | App\\Modules\\DonViTinh\\Controllers\\DonViTinhController@donViTinh', 'GET', 'App\\Modules\\DonViTinh\\Controllers\\DonViTinhController@donViTinh', '', '', 1, '2021-04-02 20:11:07', '2021-04-05 09:29:25', 'don-vi-tinh', 1, 1, 9, '<i class="fa fa-flask menu-icon"></i>'),
	(1004, 'Xem danh sách đơn vị tính', 'POST | App\\Modules\\DonViTinh\\Controllers\\DonViTinhController@danhSachDonViTinh', 'POST', 'App\\Modules\\DonViTinh\\Controllers\\DonViTinhController@danhSachDonViTinh', '', '', 1003, '2021-04-02 20:11:07', '2021-04-05 09:29:25', 'danh-sach-don-vi-tinh', 1, 2, 1000, NULL),
	(1005, 'Thêm đơn vị tính', 'POST | App\\Modules\\DonViTinh\\Controllers\\DonViTinhController@themDonViTinh', 'POST', 'App\\Modules\\DonViTinh\\Controllers\\DonViTinhController@themDonViTinh', '', '', 1003, '2021-04-02 20:11:07', '2021-04-05 09:29:25', 'them-don-vi-tinh', 1, 2, 1000, NULL),
	(1006, 'Load thông tin đơn vị tính', 'POST | App\\Modules\\DonViTinh\\Controllers\\DonViTinhController@donViTinhSingle', 'POST', 'App\\Modules\\DonViTinh\\Controllers\\DonViTinhController@donViTinhSingle', '', '', 1003, '2021-04-02 20:11:07', '2021-04-05 09:29:25', 'don-vi-tinh-single', 1, 2, 1000, NULL),
	(1007, 'Cập nhật đơn vị tính', 'POST | App\\Modules\\DonViTinh\\Controllers\\DonViTinhController@capNhatDonViTinh', 'POST', 'App\\Modules\\DonViTinh\\Controllers\\DonViTinhController@capNhatDonViTinh', '', '', 1003, '2021-04-02 20:11:07', '2021-04-05 09:29:25', 'cap-nhat-don-vi-tinh', 1, 2, 1000, NULL),
	(1008, 'Xóa đơn vị tính', 'POST | App\\Modules\\DonViTinh\\Controllers\\DonViTinhController@xoaDonViTinh', 'POST', 'App\\Modules\\DonViTinh\\Controllers\\DonViTinhController@xoaDonViTinh', '', '', 1003, '2021-04-02 20:11:07', '2021-04-05 09:29:25', 'xoa-don-vi-tinh', 1, 2, 1000, NULL),
	(1009, 'Phiếu chi', NULL, 'GET', NULL, NULL, NULL, 1, '2021-04-05 08:54:38', '2021-04-05 08:56:56', NULL, 1, 1, 6, '<i class="fa fa-external-link-square menu-icon"></i>'),
	(1013, 'Duyệt phiếu chi', 'GET | App\\Modules\\PhieuChi\\Controllers\\PhieuChiController@phieuChiChoDuyet', 'GET', 'App\\Modules\\PhieuChi\\Controllers\\PhieuChiController@phieuChiChoDuyet', '', '', 1009, '2021-04-05 09:27:59', '2021-04-05 09:30:18', 'phieu-chi-cho-duyet', 1, 1, 1000, NULL),
	(1014, 'Danh sách phiếu chi chờ duyệt', 'POST | App\\Modules\\PhieuChi\\Controllers\\PhieuChiController@danhSachPhieuChiChoDuyet', 'POST', 'App\\Modules\\PhieuChi\\Controllers\\PhieuChiController@danhSachPhieuChiChoDuyet', '', '', 1013, '2021-04-05 09:29:25', '2021-04-05 09:29:51', 'danh-sach-phieu-chi-cho-duyet', 1, 2, 1000, NULL),
	(1015, 'Duyệt phiếu chi', 'POST | App\\Modules\\PhieuChi\\Controllers\\PhieuChiController@duyetPhieuChi', 'POST', 'App\\Modules\\PhieuChi\\Controllers\\PhieuChiController@duyetPhieuChi', '', '', 1013, '2021-04-05 09:29:25', '2021-04-05 09:30:06', 'duyet-phieu-chi', 1, 2, 1000, NULL);
/*!40000 ALTER TABLE `admin_resource` ENABLE KEYS */;

-- Dumping structure for table alcomputer.admin_role
CREATE TABLE IF NOT EXISTS `admin_role` (
  `id` int(10) unsigned NOT NULL AUTO_INCREMENT,
  `role_name` varchar(10) COLLATE utf8mb4_unicode_ci NOT NULL,
  `state` int(10) unsigned NOT NULL DEFAULT 1 COMMENT '0: ngừng hoạt động; 1: hoạt động',
  `created_at` timestamp NULL DEFAULT current_timestamp(),
  `updated_at` timestamp NULL DEFAULT current_timestamp() ON UPDATE current_timestamp(),
  PRIMARY KEY (`id`)
) ENGINE=InnoDB AUTO_INCREMENT=11 DEFAULT CHARSET=utf8mb4 COLLATE=utf8mb4_unicode_ci;

-- Dumping data for table alcomputer.admin_role: ~1 rows (approximately)
/*!40000 ALTER TABLE `admin_role` DISABLE KEYS */;
INSERT INTO `admin_role` (`id`, `role_name`, `state`, `created_at`, `updated_at`) VALUES
	(1, 'ADMIN', 1, NULL, '2021-03-12 21:01:52'),
	(9, 'Nhân viên', 1, '2021-03-13 10:33:41', '2021-03-13 10:38:46'),
	(10, 'Giám đốc', 1, '2021-04-02 19:44:26', '2021-04-02 19:44:26');
/*!40000 ALTER TABLE `admin_role` ENABLE KEYS */;

-- Dumping structure for table alcomputer.admin_rule
CREATE TABLE IF NOT EXISTS `admin_rule` (
  `id` int(10) unsigned NOT NULL AUTO_INCREMENT,
  `role_id` int(10) unsigned NOT NULL,
  `resource_id` int(10) unsigned NOT NULL,
  `created_at` timestamp NULL DEFAULT current_timestamp(),
  `updated_at` timestamp NULL DEFAULT current_timestamp() ON UPDATE current_timestamp(),
  PRIMARY KEY (`id`),
  KEY `admin_rule_role_id_foreign` (`role_id`),
  KEY `admin_rule_resource_id_foreign` (`resource_id`),
  CONSTRAINT `admin_rule_resource_id_foreign` FOREIGN KEY (`resource_id`) REFERENCES `admin_resource` (`id`) ON DELETE CASCADE ON UPDATE CASCADE,
  CONSTRAINT `admin_rule_role_id_foreign` FOREIGN KEY (`role_id`) REFERENCES `admin_role` (`id`) ON DELETE CASCADE ON UPDATE CASCADE
) ENGINE=InnoDB AUTO_INCREMENT=1034 DEFAULT CHARSET=utf8mb4 COLLATE=utf8mb4_unicode_ci;

-- Dumping data for table alcomputer.admin_rule: ~278 rows (approximately)
/*!40000 ALTER TABLE `admin_rule` DISABLE KEYS */;
INSERT INTO `admin_rule` (`id`, `role_id`, `resource_id`, `created_at`, `updated_at`) VALUES
	(508, 1, 1, '2021-03-21 15:43:58', '2021-03-21 15:43:58'),
	(689, 1, 910, '2021-04-02 19:47:35', '2021-04-02 19:47:35'),
	(690, 1, 972, '2021-04-02 19:47:36', '2021-04-02 19:47:36'),
	(691, 1, 973, '2021-04-02 19:47:36', '2021-04-02 19:47:36'),
	(692, 1, 974, '2021-04-02 19:47:36', '2021-04-02 19:47:36'),
	(693, 1, 975, '2021-04-02 19:47:36', '2021-04-02 19:47:36'),
	(694, 1, 980, '2021-04-02 19:47:36', '2021-04-02 19:47:36'),
	(695, 1, 935, '2021-04-02 19:47:38', '2021-04-02 19:47:38'),
	(696, 1, 936, '2021-04-02 19:47:38', '2021-04-02 19:47:38'),
	(697, 1, 937, '2021-04-02 19:47:38', '2021-04-02 19:47:38'),
	(698, 1, 938, '2021-04-02 19:47:38', '2021-04-02 19:47:38'),
	(699, 1, 939, '2021-04-02 19:47:38', '2021-04-02 19:47:38'),
	(700, 1, 940, '2021-04-02 19:47:38', '2021-04-02 19:47:38'),
	(701, 1, 941, '2021-04-02 19:47:38', '2021-04-02 19:47:38'),
	(702, 1, 942, '2021-04-02 19:47:38', '2021-04-02 19:47:38'),
	(703, 1, 943, '2021-04-02 19:47:38', '2021-04-02 19:47:38'),
	(704, 1, 969, '2021-04-02 19:47:38', '2021-04-02 19:47:38'),
	(705, 1, 978, '2021-04-02 19:47:38', '2021-04-02 19:47:38'),
	(706, 1, 982, '2021-04-02 19:47:38', '2021-04-02 19:47:38'),
	(707, 1, 959, '2021-04-02 19:47:39', '2021-04-02 19:47:39'),
	(708, 1, 960, '2021-04-02 19:47:39', '2021-04-02 19:47:39'),
	(709, 1, 961, '2021-04-02 19:47:39', '2021-04-02 19:47:39'),
	(710, 1, 963, '2021-04-02 19:47:39', '2021-04-02 19:47:39'),
	(711, 1, 964, '2021-04-02 19:47:39', '2021-04-02 19:47:39'),
	(712, 1, 965, '2021-04-02 19:47:39', '2021-04-02 19:47:39'),
	(713, 1, 966, '2021-04-02 19:47:39', '2021-04-02 19:47:39'),
	(714, 1, 967, '2021-04-02 19:47:39', '2021-04-02 19:47:39'),
	(715, 1, 968, '2021-04-02 19:47:39', '2021-04-02 19:47:39'),
	(716, 1, 970, '2021-04-02 19:47:39', '2021-04-02 19:47:39'),
	(717, 1, 971, '2021-04-02 19:47:39', '2021-04-02 19:47:39'),
	(718, 1, 979, '2021-04-02 19:47:39', '2021-04-02 19:47:39'),
	(719, 1, 981, '2021-04-02 19:47:39', '2021-04-02 19:47:39'),
	(720, 1, 986, '2021-04-02 19:47:39', '2021-04-02 19:47:39'),
	(721, 1, 987, '2021-04-02 19:47:39', '2021-04-02 19:47:39'),
	(722, 1, 988, '2021-04-02 19:47:41', '2021-04-02 19:47:41'),
	(723, 1, 989, '2021-04-02 19:47:41', '2021-04-02 19:47:41'),
	(724, 1, 990, '2021-04-02 19:47:41', '2021-04-02 19:47:41'),
	(752, 1, 917, '2021-04-02 19:47:54', '2021-04-02 19:47:54'),
	(753, 1, 918, '2021-04-02 19:47:54', '2021-04-02 19:47:54'),
	(754, 1, 919, '2021-04-02 19:47:54', '2021-04-02 19:47:54'),
	(755, 1, 920, '2021-04-02 19:47:54', '2021-04-02 19:47:54'),
	(756, 1, 921, '2021-04-02 19:47:54', '2021-04-02 19:47:54'),
	(757, 1, 922, '2021-04-02 19:47:54', '2021-04-02 19:47:54'),
	(758, 1, 983, '2021-04-02 19:47:54', '2021-04-02 19:47:54'),
	(759, 1, 929, '2021-04-02 19:47:56', '2021-04-02 19:47:56'),
	(760, 1, 930, '2021-04-02 19:47:56', '2021-04-02 19:47:56'),
	(761, 1, 931, '2021-04-02 19:47:56', '2021-04-02 19:47:56'),
	(762, 1, 932, '2021-04-02 19:47:56', '2021-04-02 19:47:56'),
	(763, 1, 933, '2021-04-02 19:47:56', '2021-04-02 19:47:56'),
	(764, 1, 934, '2021-04-02 19:47:56', '2021-04-02 19:47:56'),
	(765, 1, 984, '2021-04-02 19:47:56', '2021-04-02 19:47:56'),
	(766, 1, 923, '2021-04-02 19:47:58', '2021-04-02 19:47:58'),
	(767, 1, 924, '2021-04-02 19:47:58', '2021-04-02 19:47:58'),
	(768, 1, 925, '2021-04-02 19:47:58', '2021-04-02 19:47:58'),
	(769, 1, 926, '2021-04-02 19:47:58', '2021-04-02 19:47:58'),
	(770, 1, 927, '2021-04-02 19:47:58', '2021-04-02 19:47:58'),
	(771, 1, 928, '2021-04-02 19:47:58', '2021-04-02 19:47:58'),
	(772, 1, 985, '2021-04-02 19:47:58', '2021-04-02 19:47:58'),
	(773, 1, 911, '2021-04-02 19:47:59', '2021-04-02 19:47:59'),
	(774, 1, 912, '2021-04-02 19:47:59', '2021-04-02 19:47:59'),
	(775, 1, 913, '2021-04-02 19:47:59', '2021-04-02 19:47:59'),
	(776, 1, 914, '2021-04-02 19:47:59', '2021-04-02 19:47:59'),
	(777, 1, 915, '2021-04-02 19:47:59', '2021-04-02 19:47:59'),
	(778, 1, 916, '2021-04-02 19:47:59', '2021-04-02 19:47:59'),
	(779, 1, 893, '2021-04-02 19:48:01', '2021-04-02 19:48:01'),
	(780, 1, 894, '2021-04-02 19:48:01', '2021-04-02 19:48:01'),
	(781, 1, 895, '2021-04-02 19:48:01', '2021-04-02 19:48:01'),
	(782, 1, 896, '2021-04-02 19:48:01', '2021-04-02 19:48:01'),
	(783, 1, 897, '2021-04-02 19:48:01', '2021-04-02 19:48:01'),
	(784, 1, 898, '2021-04-02 19:48:01', '2021-04-02 19:48:01'),
	(785, 1, 899, '2021-04-02 19:49:43', '2021-04-02 19:49:43'),
	(786, 1, 900, '2021-04-02 19:49:43', '2021-04-02 19:49:43'),
	(787, 1, 901, '2021-04-02 19:49:43', '2021-04-02 19:49:43'),
	(788, 1, 902, '2021-04-02 19:49:43', '2021-04-02 19:49:43'),
	(789, 1, 903, '2021-04-02 19:49:45', '2021-04-02 19:49:45'),
	(790, 1, 904, '2021-04-02 19:49:45', '2021-04-02 19:49:45'),
	(791, 1, 905, '2021-04-02 19:49:45', '2021-04-02 19:49:45'),
	(792, 1, 906, '2021-04-02 19:49:45', '2021-04-02 19:49:45'),
	(793, 1, 907, '2021-04-02 19:49:45', '2021-04-02 19:49:45'),
	(794, 1, 908, '2021-04-02 19:49:45', '2021-04-02 19:49:45'),
	(795, 1, 909, '2021-04-02 19:49:45', '2021-04-02 19:49:45'),
	(796, 1, 887, '2021-04-02 19:49:47', '2021-04-02 19:49:47'),
	(797, 1, 888, '2021-04-02 19:49:47', '2021-04-02 19:49:47'),
	(798, 1, 889, '2021-04-02 19:49:47', '2021-04-02 19:49:47'),
	(799, 1, 890, '2021-04-02 19:49:47', '2021-04-02 19:49:47'),
	(800, 1, 891, '2021-04-02 19:49:47', '2021-04-02 19:49:47'),
	(801, 1, 892, '2021-04-02 19:49:47', '2021-04-02 19:49:47'),
	(802, 1, 885, '2021-04-02 19:49:48', '2021-04-02 19:49:48'),
	(803, 1, 886, '2021-04-02 19:49:48', '2021-04-02 19:49:48'),
	(804, 1, 883, '2021-04-02 19:49:50', '2021-04-02 19:49:50'),
	(805, 1, 884, '2021-04-02 19:49:50', '2021-04-02 19:49:50'),
	(806, 1, 872, '2021-04-02 19:49:52', '2021-04-02 19:49:52'),
	(807, 1, 873, '2021-04-02 19:49:52', '2021-04-02 19:49:52'),
	(808, 1, 875, '2021-04-02 19:49:54', '2021-04-02 19:49:54'),
	(809, 1, 876, '2021-04-02 19:49:54', '2021-04-02 19:49:54'),
	(810, 1, 877, '2021-04-02 19:49:57', '2021-04-02 19:49:57'),
	(811, 1, 878, '2021-04-02 19:49:57', '2021-04-02 19:49:57'),
	(812, 1, 879, '2021-04-02 19:49:57', '2021-04-02 19:49:57'),
	(813, 1, 880, '2021-04-02 19:49:57', '2021-04-02 19:49:57'),
	(814, 1, 881, '2021-04-02 19:49:57', '2021-04-02 19:49:57'),
	(815, 1, 882, '2021-04-02 19:49:57', '2021-04-02 19:49:57'),
	(816, 9, 910, '2021-04-02 19:50:32', '2021-04-02 19:50:32'),
	(844, 1, 1003, '2021-04-02 20:19:35', '2021-04-02 20:19:35'),
	(845, 1, 1004, '2021-04-02 20:19:35', '2021-04-02 20:19:35'),
	(846, 1, 1005, '2021-04-02 20:19:35', '2021-04-02 20:19:35'),
	(847, 1, 1006, '2021-04-02 20:19:35', '2021-04-02 20:19:35'),
	(848, 1, 1007, '2021-04-02 20:19:35', '2021-04-02 20:19:35'),
	(849, 1, 1008, '2021-04-02 20:19:35', '2021-04-02 20:19:35'),
	(850, 9, 935, '2021-04-02 20:19:52', '2021-04-02 20:19:52'),
	(851, 9, 936, '2021-04-02 20:19:52', '2021-04-02 20:19:52'),
	(852, 9, 937, '2021-04-02 20:19:52', '2021-04-02 20:19:52'),
	(853, 9, 938, '2021-04-02 20:19:52', '2021-04-02 20:19:52'),
	(854, 9, 939, '2021-04-02 20:19:52', '2021-04-02 20:19:52'),
	(855, 9, 940, '2021-04-02 20:19:52', '2021-04-02 20:19:52'),
	(856, 9, 941, '2021-04-02 20:19:52', '2021-04-02 20:19:52'),
	(857, 9, 942, '2021-04-02 20:19:52', '2021-04-02 20:19:52'),
	(858, 9, 943, '2021-04-02 20:19:52', '2021-04-02 20:19:52'),
	(859, 9, 969, '2021-04-02 20:19:52', '2021-04-02 20:19:52'),
	(860, 9, 978, '2021-04-02 20:19:52', '2021-04-02 20:19:52'),
	(861, 9, 982, '2021-04-02 20:19:52', '2021-04-02 20:19:52'),
	(862, 9, 959, '2021-04-02 20:19:53', '2021-04-02 20:19:53'),
	(863, 9, 960, '2021-04-02 20:19:53', '2021-04-02 20:19:53'),
	(864, 9, 961, '2021-04-02 20:19:53', '2021-04-02 20:19:53'),
	(865, 9, 963, '2021-04-02 20:19:53', '2021-04-02 20:19:53'),
	(866, 9, 964, '2021-04-02 20:19:53', '2021-04-02 20:19:53'),
	(867, 9, 965, '2021-04-02 20:19:53', '2021-04-02 20:19:53'),
	(868, 9, 966, '2021-04-02 20:19:53', '2021-04-02 20:19:53'),
	(869, 9, 967, '2021-04-02 20:19:53', '2021-04-02 20:19:53'),
	(870, 9, 968, '2021-04-02 20:19:53', '2021-04-02 20:19:53'),
	(871, 9, 970, '2021-04-02 20:19:53', '2021-04-02 20:19:53'),
	(872, 9, 971, '2021-04-02 20:19:53', '2021-04-02 20:19:53'),
	(873, 9, 979, '2021-04-02 20:19:53', '2021-04-02 20:19:53'),
	(874, 9, 981, '2021-04-02 20:19:53', '2021-04-02 20:19:53'),
	(875, 9, 986, '2021-04-02 20:19:53', '2021-04-02 20:19:53'),
	(876, 9, 987, '2021-04-02 20:19:53', '2021-04-02 20:19:53'),
	(877, 9, 997, '2021-04-02 20:19:57', '2021-04-02 20:19:57'),
	(878, 9, 998, '2021-04-02 20:19:57', '2021-04-02 20:19:57'),
	(879, 9, 999, '2021-04-02 20:19:57', '2021-04-02 20:19:57'),
	(880, 9, 1000, '2021-04-02 20:19:57', '2021-04-02 20:19:57'),
	(881, 9, 1001, '2021-04-02 20:19:57', '2021-04-02 20:19:57'),
	(882, 9, 1002, '2021-04-02 20:19:57', '2021-04-02 20:19:57'),
	(883, 9, 917, '2021-04-02 20:20:02', '2021-04-02 20:20:02'),
	(884, 9, 918, '2021-04-02 20:20:02', '2021-04-02 20:20:02'),
	(885, 9, 919, '2021-04-02 20:20:02', '2021-04-02 20:20:02'),
	(886, 9, 920, '2021-04-02 20:20:02', '2021-04-02 20:20:02'),
	(887, 9, 921, '2021-04-02 20:20:02', '2021-04-02 20:20:02'),
	(888, 9, 922, '2021-04-02 20:20:02', '2021-04-02 20:20:02'),
	(889, 9, 983, '2021-04-02 20:20:02', '2021-04-02 20:20:02'),
	(890, 9, 929, '2021-04-02 20:20:03', '2021-04-02 20:20:03'),
	(891, 9, 930, '2021-04-02 20:20:03', '2021-04-02 20:20:03'),
	(892, 9, 931, '2021-04-02 20:20:03', '2021-04-02 20:20:03'),
	(893, 9, 932, '2021-04-02 20:20:03', '2021-04-02 20:20:03'),
	(894, 9, 933, '2021-04-02 20:20:03', '2021-04-02 20:20:03'),
	(895, 9, 934, '2021-04-02 20:20:03', '2021-04-02 20:20:03'),
	(896, 9, 984, '2021-04-02 20:20:03', '2021-04-02 20:20:03'),
	(897, 9, 923, '2021-04-02 20:20:05', '2021-04-02 20:20:05'),
	(898, 9, 924, '2021-04-02 20:20:05', '2021-04-02 20:20:05'),
	(899, 9, 925, '2021-04-02 20:20:05', '2021-04-02 20:20:05'),
	(900, 9, 926, '2021-04-02 20:20:05', '2021-04-02 20:20:05'),
	(901, 9, 927, '2021-04-02 20:20:05', '2021-04-02 20:20:05'),
	(902, 9, 928, '2021-04-02 20:20:05', '2021-04-02 20:20:05'),
	(903, 9, 985, '2021-04-02 20:20:05', '2021-04-02 20:20:05'),
	(904, 9, 1003, '2021-04-02 20:20:06', '2021-04-02 20:20:06'),
	(905, 9, 1004, '2021-04-02 20:20:06', '2021-04-02 20:20:06'),
	(906, 9, 1005, '2021-04-02 20:20:06', '2021-04-02 20:20:06'),
	(907, 9, 1006, '2021-04-02 20:20:06', '2021-04-02 20:20:06'),
	(908, 9, 1007, '2021-04-02 20:20:06', '2021-04-02 20:20:06'),
	(909, 9, 1008, '2021-04-02 20:20:06', '2021-04-02 20:20:06'),
	(910, 10, 910, '2021-04-02 20:20:23', '2021-04-02 20:20:23'),
	(911, 10, 972, '2021-04-02 20:20:24', '2021-04-02 20:20:24'),
	(912, 10, 973, '2021-04-02 20:20:24', '2021-04-02 20:20:24'),
	(913, 10, 974, '2021-04-02 20:20:24', '2021-04-02 20:20:24'),
	(914, 10, 975, '2021-04-02 20:20:24', '2021-04-02 20:20:24'),
	(915, 10, 980, '2021-04-02 20:20:24', '2021-04-02 20:20:24'),
	(916, 10, 935, '2021-04-02 20:20:25', '2021-04-02 20:20:25'),
	(917, 10, 936, '2021-04-02 20:20:25', '2021-04-02 20:20:25'),
	(918, 10, 937, '2021-04-02 20:20:25', '2021-04-02 20:20:25'),
	(919, 10, 938, '2021-04-02 20:20:25', '2021-04-02 20:20:25'),
	(920, 10, 939, '2021-04-02 20:20:25', '2021-04-02 20:20:25'),
	(921, 10, 940, '2021-04-02 20:20:25', '2021-04-02 20:20:25'),
	(922, 10, 941, '2021-04-02 20:20:25', '2021-04-02 20:20:25'),
	(923, 10, 942, '2021-04-02 20:20:25', '2021-04-02 20:20:25'),
	(924, 10, 943, '2021-04-02 20:20:25', '2021-04-02 20:20:25'),
	(925, 10, 969, '2021-04-02 20:20:25', '2021-04-02 20:20:25'),
	(926, 10, 978, '2021-04-02 20:20:25', '2021-04-02 20:20:25'),
	(927, 10, 982, '2021-04-02 20:20:25', '2021-04-02 20:20:25'),
	(928, 10, 959, '2021-04-02 20:20:26', '2021-04-02 20:20:26'),
	(929, 10, 960, '2021-04-02 20:20:26', '2021-04-02 20:20:26'),
	(930, 10, 961, '2021-04-02 20:20:26', '2021-04-02 20:20:26'),
	(931, 10, 963, '2021-04-02 20:20:26', '2021-04-02 20:20:26'),
	(932, 10, 964, '2021-04-02 20:20:26', '2021-04-02 20:20:26'),
	(933, 10, 965, '2021-04-02 20:20:26', '2021-04-02 20:20:26'),
	(934, 10, 966, '2021-04-02 20:20:26', '2021-04-02 20:20:26'),
	(935, 10, 967, '2021-04-02 20:20:26', '2021-04-02 20:20:26'),
	(936, 10, 968, '2021-04-02 20:20:26', '2021-04-02 20:20:26'),
	(937, 10, 970, '2021-04-02 20:20:26', '2021-04-02 20:20:26'),
	(938, 10, 971, '2021-04-02 20:20:26', '2021-04-02 20:20:26'),
	(939, 10, 979, '2021-04-02 20:20:26', '2021-04-02 20:20:26'),
	(940, 10, 981, '2021-04-02 20:20:26', '2021-04-02 20:20:26'),
	(941, 10, 986, '2021-04-02 20:20:26', '2021-04-02 20:20:26'),
	(942, 10, 987, '2021-04-02 20:20:26', '2021-04-02 20:20:26'),
	(943, 10, 988, '2021-04-02 20:20:27', '2021-04-02 20:20:27'),
	(944, 10, 989, '2021-04-02 20:20:27', '2021-04-02 20:20:27'),
	(945, 10, 990, '2021-04-02 20:20:27', '2021-04-02 20:20:27'),
	(946, 10, 997, '2021-04-02 20:20:27', '2021-04-02 20:20:27'),
	(947, 10, 998, '2021-04-02 20:20:27', '2021-04-02 20:20:27'),
	(948, 10, 999, '2021-04-02 20:20:27', '2021-04-02 20:20:27'),
	(949, 10, 1000, '2021-04-02 20:20:27', '2021-04-02 20:20:27'),
	(950, 10, 1001, '2021-04-02 20:20:27', '2021-04-02 20:20:27'),
	(951, 10, 1002, '2021-04-02 20:20:27', '2021-04-02 20:20:27'),
	(952, 10, 917, '2021-04-02 20:20:28', '2021-04-02 20:20:28'),
	(953, 10, 918, '2021-04-02 20:20:28', '2021-04-02 20:20:28'),
	(954, 10, 919, '2021-04-02 20:20:28', '2021-04-02 20:20:28'),
	(955, 10, 920, '2021-04-02 20:20:28', '2021-04-02 20:20:28'),
	(956, 10, 921, '2021-04-02 20:20:28', '2021-04-02 20:20:28'),
	(957, 10, 922, '2021-04-02 20:20:28', '2021-04-02 20:20:28'),
	(958, 10, 983, '2021-04-02 20:20:28', '2021-04-02 20:20:28'),
	(959, 10, 929, '2021-04-02 20:20:29', '2021-04-02 20:20:29'),
	(960, 10, 930, '2021-04-02 20:20:29', '2021-04-02 20:20:29'),
	(961, 10, 931, '2021-04-02 20:20:29', '2021-04-02 20:20:29'),
	(962, 10, 932, '2021-04-02 20:20:29', '2021-04-02 20:20:29'),
	(963, 10, 933, '2021-04-02 20:20:29', '2021-04-02 20:20:29'),
	(964, 10, 934, '2021-04-02 20:20:29', '2021-04-02 20:20:29'),
	(965, 10, 984, '2021-04-02 20:20:29', '2021-04-02 20:20:29'),
	(966, 10, 923, '2021-04-02 20:20:32', '2021-04-02 20:20:32'),
	(967, 10, 924, '2021-04-02 20:20:32', '2021-04-02 20:20:32'),
	(968, 10, 925, '2021-04-02 20:20:32', '2021-04-02 20:20:32'),
	(969, 10, 926, '2021-04-02 20:20:32', '2021-04-02 20:20:32'),
	(970, 10, 927, '2021-04-02 20:20:32', '2021-04-02 20:20:32'),
	(971, 10, 928, '2021-04-02 20:20:32', '2021-04-02 20:20:32'),
	(972, 10, 985, '2021-04-02 20:20:32', '2021-04-02 20:20:32'),
	(973, 10, 1003, '2021-04-02 20:20:34', '2021-04-02 20:20:34'),
	(974, 10, 1004, '2021-04-02 20:20:34', '2021-04-02 20:20:34'),
	(975, 10, 1005, '2021-04-02 20:20:34', '2021-04-02 20:20:34'),
	(976, 10, 1006, '2021-04-02 20:20:34', '2021-04-02 20:20:34'),
	(977, 10, 1007, '2021-04-02 20:20:34', '2021-04-02 20:20:34'),
	(978, 10, 1008, '2021-04-02 20:20:34', '2021-04-02 20:20:34'),
	(979, 10, 911, '2021-04-02 20:20:35', '2021-04-02 20:20:35'),
	(980, 10, 912, '2021-04-02 20:20:35', '2021-04-02 20:20:35'),
	(981, 10, 913, '2021-04-02 20:20:35', '2021-04-02 20:20:35'),
	(982, 10, 914, '2021-04-02 20:20:35', '2021-04-02 20:20:35'),
	(983, 10, 915, '2021-04-02 20:20:35', '2021-04-02 20:20:35'),
	(984, 10, 916, '2021-04-02 20:20:35', '2021-04-02 20:20:35'),
	(985, 10, 899, '2021-04-02 20:20:39', '2021-04-02 20:20:39'),
	(986, 10, 900, '2021-04-02 20:20:39', '2021-04-02 20:20:39'),
	(987, 10, 901, '2021-04-02 20:20:39', '2021-04-02 20:20:39'),
	(988, 10, 902, '2021-04-02 20:20:39', '2021-04-02 20:20:39'),
	(989, 10, 893, '2021-04-02 20:20:40', '2021-04-02 20:20:40'),
	(990, 10, 894, '2021-04-02 20:20:40', '2021-04-02 20:20:40'),
	(991, 10, 895, '2021-04-02 20:20:40', '2021-04-02 20:20:40'),
	(992, 10, 896, '2021-04-02 20:20:40', '2021-04-02 20:20:40'),
	(993, 10, 897, '2021-04-02 20:20:40', '2021-04-02 20:20:40'),
	(994, 10, 898, '2021-04-02 20:20:40', '2021-04-02 20:20:40'),
	(995, 10, 903, '2021-04-02 20:20:45', '2021-04-02 20:20:45'),
	(996, 10, 904, '2021-04-02 20:20:45', '2021-04-02 20:20:45'),
	(997, 10, 905, '2021-04-02 20:20:45', '2021-04-02 20:20:45'),
	(998, 10, 906, '2021-04-02 20:20:45', '2021-04-02 20:20:45'),
	(999, 10, 907, '2021-04-02 20:20:45', '2021-04-02 20:20:45'),
	(1000, 10, 908, '2021-04-02 20:20:45', '2021-04-02 20:20:45'),
	(1001, 10, 909, '2021-04-02 20:20:45', '2021-04-02 20:20:45'),
	(1002, 10, 1009, '2021-04-05 08:54:58', '2021-04-05 08:54:58'),
	(1014, 1, 1009, '2021-04-05 09:30:29', '2021-04-05 09:30:29'),
	(1015, 1, 997, '2021-04-05 09:30:29', '2021-04-05 09:30:29'),
	(1016, 1, 998, '2021-04-05 09:30:29', '2021-04-05 09:30:29'),
	(1017, 1, 999, '2021-04-05 09:30:29', '2021-04-05 09:30:29'),
	(1018, 1, 1000, '2021-04-05 09:30:29', '2021-04-05 09:30:29'),
	(1019, 1, 1001, '2021-04-05 09:30:29', '2021-04-05 09:30:29'),
	(1020, 1, 1002, '2021-04-05 09:30:29', '2021-04-05 09:30:29'),
	(1021, 1, 1013, '2021-04-05 09:30:29', '2021-04-05 09:30:29'),
	(1022, 1, 1014, '2021-04-05 09:30:29', '2021-04-05 09:30:29'),
	(1023, 1, 1015, '2021-04-05 09:30:29', '2021-04-05 09:30:29'),
	(1024, 9, 1009, '2021-04-05 10:35:30', '2021-04-05 10:35:30'),
	(1025, 9, 997, '2021-04-05 10:35:30', '2021-04-05 10:35:30'),
	(1026, 9, 998, '2021-04-05 10:35:30', '2021-04-05 10:35:30'),
	(1027, 9, 999, '2021-04-05 10:35:30', '2021-04-05 10:35:30'),
	(1028, 9, 1000, '2021-04-05 10:35:30', '2021-04-05 10:35:30'),
	(1029, 9, 1001, '2021-04-05 10:35:30', '2021-04-05 10:35:30'),
	(1030, 9, 1002, '2021-04-05 10:35:30', '2021-04-05 10:35:30'),
	(1031, 9, 1013, '2021-04-05 10:35:30', '2021-04-05 10:35:30'),
	(1032, 9, 1014, '2021-04-05 10:35:30', '2021-04-05 10:35:30'),
	(1033, 9, 1015, '2021-04-05 10:35:30', '2021-04-05 10:35:30');
/*!40000 ALTER TABLE `admin_rule` ENABLE KEYS */;

-- Dumping structure for table alcomputer.chi_tiet_phieu_nhap
CREATE TABLE IF NOT EXISTS `chi_tiet_phieu_nhap` (
  `id` int(11) NOT NULL AUTO_INCREMENT,
  `id_phieu_nhap` int(11) NOT NULL,
  `id_san_pham` int(11) NOT NULL,
  `gia_nhap` float NOT NULL DEFAULT 0,
  `so_luong` float NOT NULL DEFAULT 0,
  `so_luong_da_xuat` float NOT NULL DEFAULT 0,
  `giam_gia` float NOT NULL DEFAULT 0,
  `thanh_tien` float NOT NULL DEFAULT 0,
  `ghi_chu` varchar(250) DEFAULT NULL,
  `state` int(11) NOT NULL DEFAULT 0,
  PRIMARY KEY (`id`),
  KEY `FK_chi_tiet_phieu_nhap_phieu_nhap` (`id_phieu_nhap`),
  KEY `FK_chi_tiet_phieu_nhap_san_pham` (`id_san_pham`),
  CONSTRAINT `FK_chi_tiet_phieu_nhap_phieu_nhap` FOREIGN KEY (`id_phieu_nhap`) REFERENCES `phieu_nhap` (`id`) ON DELETE CASCADE ON UPDATE CASCADE,
  CONSTRAINT `FK_chi_tiet_phieu_nhap_san_pham` FOREIGN KEY (`id_san_pham`) REFERENCES `san_pham` (`id`) ON DELETE CASCADE ON UPDATE CASCADE
) ENGINE=InnoDB AUTO_INCREMENT=413 DEFAULT CHARSET=utf8;

-- Dumping data for table alcomputer.chi_tiet_phieu_nhap: ~14 rows (approximately)
/*!40000 ALTER TABLE `chi_tiet_phieu_nhap` DISABLE KEYS */;
INSERT INTO `chi_tiet_phieu_nhap` (`id`, `id_phieu_nhap`, `id_san_pham`, `gia_nhap`, `so_luong`, `so_luong_da_xuat`, `giam_gia`, `thanh_tien`, `ghi_chu`, `state`) VALUES
	(399, 355, 272, 10000, 1000, 11, 0, 10000000, '', 0),
	(400, 356, 272, 10000, 10, 0, 0, 100000, '', 0),
	(401, 357, 272, 10000, 10, 0, 0, 100000, '', 0),
	(402, 358, 272, 10000, 1000, 0, 0, 10000000, '', 0),
	(403, 359, 272, 100000, 10, 0, 0, 1000000, '', 0),
	(404, 360, 272, 10000, 10, 0, 0, 100000, '', 0),
	(405, 361, 272, 1000, 10, 0, 0, 10000, '', 0),
	(406, 361, 273, 1000, 1000, 0, 0, 1000000, '', 0),
	(407, 362, 356, 10000, 100, 2, 0, 1000000, '', 0),
	(408, 363, 356, 10, 10, 0, 0, 100, '', 0),
	(409, 364, 356, 10000, 100, 0, 0, 1000000, '', 0),
	(410, 364, 357, 10000, 100, 1, 0, 1000000, '', 0),
	(411, 365, 356, 10000, 1, 0, 0, 10000, '', 0),
	(412, 365, 359, 10000, 1, 0, 0, 10000, '', 0);
/*!40000 ALTER TABLE `chi_tiet_phieu_nhap` ENABLE KEYS */;

-- Dumping structure for table alcomputer.chi_tiet_phieu_xuat
CREATE TABLE IF NOT EXISTS `chi_tiet_phieu_xuat` (
  `id` int(11) NOT NULL AUTO_INCREMENT,
  `id_phieu_xuat` int(11) NOT NULL,
  `id_chi_tiet_phieu_nhap` int(11) DEFAULT NULL COMMENT 'Lưu thông tin id chi tiết phiếu nhập để biết sản phẩm đó xuất từ chi tiết phiếu nhập nào',
  `id_san_pham` int(11) NOT NULL,
  `gia_xuat` float NOT NULL DEFAULT 0,
  `gia_von` float NOT NULL DEFAULT 0,
  `so_luong` float NOT NULL DEFAULT 0,
  `giam_gia` float NOT NULL DEFAULT 0,
  `thanh_tien` float NOT NULL DEFAULT 0,
  `ghi_chu` varchar(250) DEFAULT NULL,
  `state` int(11) NOT NULL DEFAULT 0,
  PRIMARY KEY (`id`),
  KEY `FK_chi_tiet_phieu_xuat_phieu_xuat` (`id_phieu_xuat`),
  KEY `FK_chi_tiet_phieu_xuat_san_pham` (`id_san_pham`),
  KEY `FK_chi_tiet_phieu_xuat_chi_tiet_phieu_nhap` (`id_chi_tiet_phieu_nhap`),
  CONSTRAINT `FK_chi_tiet_phieu_xuat_chi_tiet_phieu_nhap` FOREIGN KEY (`id_chi_tiet_phieu_nhap`) REFERENCES `chi_tiet_phieu_nhap` (`id`) ON DELETE CASCADE ON UPDATE CASCADE,
  CONSTRAINT `FK_chi_tiet_phieu_xuat_phieu_xuat` FOREIGN KEY (`id_phieu_xuat`) REFERENCES `phieu_xuat` (`id`) ON DELETE CASCADE ON UPDATE CASCADE,
  CONSTRAINT `FK_chi_tiet_phieu_xuat_san_pham` FOREIGN KEY (`id_san_pham`) REFERENCES `san_pham` (`id`) ON DELETE CASCADE ON UPDATE CASCADE
) ENGINE=InnoDB AUTO_INCREMENT=389 DEFAULT CHARSET=utf8;

-- Dumping data for table alcomputer.chi_tiet_phieu_xuat: ~8 rows (approximately)
/*!40000 ALTER TABLE `chi_tiet_phieu_xuat` DISABLE KEYS */;
INSERT INTO `chi_tiet_phieu_xuat` (`id`, `id_phieu_xuat`, `id_chi_tiet_phieu_nhap`, `id_san_pham`, `gia_xuat`, `gia_von`, `so_luong`, `giam_gia`, `thanh_tien`, `ghi_chu`, `state`) VALUES
	(381, 354, 399, 272, 280000, 10000, 1, 0, 280000, '', 0),
	(382, 355, 399, 272, 280000, 10000, 2, 0, 560000, '', 0),
	(383, 356, 399, 272, 280000, 10000, 2, 0, 560000, '', 0),
	(384, 357, 399, 272, 280000, 10000, 2, 0, 560000, '', 0),
	(385, 358, 399, 272, 280000, 10000, 2, 0, 560000, '', 0),
	(386, 359, 399, 272, 280000, 10000, 2, 0, 560000, '', 0),
	(387, 360, 407, 356, 849999, 10000, 2, 0, 1700000, '', 0),
	(388, 360, 410, 357, 1500000, 10000, 1, 0, 1500000, '', 0);
/*!40000 ALTER TABLE `chi_tiet_phieu_xuat` ENABLE KEYS */;

-- Dumping structure for table alcomputer.dm_cap_don_vi
CREATE TABLE IF NOT EXISTS `dm_cap_don_vi` (
  `id` int(11) NOT NULL AUTO_INCREMENT,
  `ma_cap` varchar(50) DEFAULT NULL,
  `ten_cap` varchar(250) DEFAULT NULL,
  PRIMARY KEY (`id`)
) ENGINE=InnoDB AUTO_INCREMENT=9 DEFAULT CHARSET=utf8;

-- Dumping data for table alcomputer.dm_cap_don_vi: ~8 rows (approximately)
/*!40000 ALTER TABLE `dm_cap_don_vi` DISABLE KEYS */;
INSERT INTO `dm_cap_don_vi` (`id`, `ma_cap`, `ten_cap`) VALUES
	(1, 'UBT', 'UBND Tỉnh'),
	(2, 'VTT', 'VIỄN THÔNG TỈNH TRÀ VINH'),
	(3, 'TTCNTT', 'Trung tâm công nghệ thông tin'),
	(4, 'TTDHTT', 'Trung tâm Điều hành thông tin'),
	(5, 'TTKDTT', 'Trung tâm Kinh doanh thông tin'),
	(6, 'TTVT', 'Trung tâm Viễn thông'),
	(7, 'HUYEN', 'Viễn thông cấp huyện'),
	(8, 'XA', 'Viễn thông cấp huyện');
/*!40000 ALTER TABLE `dm_cap_don_vi` ENABLE KEYS */;

-- Dumping structure for table alcomputer.dm_phuong_xa
CREATE TABLE IF NOT EXISTS `dm_phuong_xa` (
  `ma_phuong_xa` int(10) unsigned NOT NULL,
  `ten_phuong_xa` varchar(250) COLLATE utf8_unicode_ci DEFAULT NULL,
  `loai` varchar(50) COLLATE utf8_unicode_ci DEFAULT NULL,
  `ma_quan_huyen` int(10) unsigned NOT NULL,
  `created_at` datetime NOT NULL DEFAULT current_timestamp(),
  `updated_at` datetime NOT NULL DEFAULT current_timestamp() ON UPDATE current_timestamp(),
  PRIMARY KEY (`ma_phuong_xa`),
  KEY `FK_dm_xaphuong_DM_quanhuyen` (`ma_quan_huyen`),
  CONSTRAINT `FK_dm_xaphuong_DM_quanhuyen` FOREIGN KEY (`ma_quan_huyen`) REFERENCES `dm_quan_huyen` (`ma_quan_huyen`) ON DELETE CASCADE ON UPDATE CASCADE
) ENGINE=InnoDB DEFAULT CHARSET=utf8 COLLATE=utf8_unicode_ci;

-- Dumping data for table alcomputer.dm_phuong_xa: ~106 rows (approximately)
/*!40000 ALTER TABLE `dm_phuong_xa` DISABLE KEYS */;
INSERT INTO `dm_phuong_xa` (`ma_phuong_xa`, `ten_phuong_xa`, `loai`, `ma_quan_huyen`, `created_at`, `updated_at`) VALUES
	(29236, 'Phường 4', 'Phuong', 842, '2020-08-13 02:48:54', '2020-08-13 02:48:54'),
	(29239, 'Phường 1', 'Phuong', 842, '2020-08-13 02:48:54', '2020-08-13 02:48:54'),
	(29242, 'Phường 3', 'Phuong', 842, '2020-08-13 02:48:54', '2020-08-13 02:48:54'),
	(29245, 'Phường 2', 'Phuong', 842, '2020-08-13 02:48:54', '2020-08-13 02:48:54'),
	(29248, 'Phường 5', 'Phuong', 842, '2020-08-13 02:48:54', '2020-08-13 02:48:54'),
	(29251, 'Phường 6', 'Phuong', 842, '2020-08-13 02:48:54', '2020-08-13 02:48:54'),
	(29254, 'Phường 7', 'Phuong', 842, '2020-08-13 02:48:54', '2020-08-13 02:48:54'),
	(29257, 'Phường 8', 'Phuong', 842, '2020-08-13 02:48:54', '2020-08-13 02:48:54'),
	(29260, 'Phường 9', 'Phuong', 842, '2020-08-13 02:48:54', '2020-08-13 02:48:54'),
	(29263, 'Xã Long Đức', 'Xa', 842, '2020-08-13 02:48:54', '2020-08-13 02:48:54'),
	(29266, 'Thị trấn Càng Long', 'TT', 844, '2020-08-13 02:48:54', '2020-08-13 02:48:54'),
	(29269, 'Xã Mỹ Cẩm', 'Xa', 844, '2020-08-13 02:48:54', '2020-08-13 02:48:54'),
	(29272, 'Xã An Trường A', 'Xa', 844, '2020-08-13 02:48:54', '2020-08-13 02:48:54'),
	(29275, 'Xã An Trường', 'Xa', 844, '2020-08-13 02:48:54', '2020-08-13 02:48:54'),
	(29278, 'Xã Huyền Hội', 'Xa', 844, '2020-08-13 02:48:54', '2020-08-13 02:48:54'),
	(29281, 'Xã Tân An', 'Xa', 844, '2020-08-13 02:48:54', '2020-08-13 02:48:54'),
	(29284, 'Xã Tân Bình', 'Xa', 844, '2020-08-13 02:48:54', '2020-08-13 02:48:54'),
	(29287, 'Xã Bình Phú', 'Xa', 844, '2020-08-13 02:48:54', '2020-08-13 02:48:54'),
	(29290, 'Xã Phương Thạnh', 'Xa', 844, '2020-08-13 02:48:54', '2020-08-13 02:48:54'),
	(29293, 'Xã Đại Phúc', 'Xa', 844, '2020-08-13 02:48:54', '2020-08-13 02:48:54'),
	(29296, 'Xã Đại Phước', 'Xa', 844, '2020-08-13 02:48:54', '2020-08-13 02:48:54'),
	(29299, 'Xã Nhị Long Phú', 'Xa', 844, '2020-08-13 02:48:54', '2020-08-13 02:48:54'),
	(29302, 'Xã Nhị Long', 'Xa', 844, '2020-08-13 02:48:54', '2020-08-13 02:48:54'),
	(29305, 'Xã Đức Mỹ', 'Xa', 844, '2020-08-13 02:48:54', '2020-08-13 02:48:54'),
	(29308, 'Thị trấn Cầu Kè', 'TT', 845, '2020-08-13 02:48:54', '2020-08-13 02:48:54'),
	(29311, 'Xã Hòa Ân', 'Xa', 845, '2020-08-13 02:48:54', '2020-08-13 02:48:54'),
	(29314, 'Xã Châu Điền', 'Xa', 845, '2020-08-13 02:48:54', '2020-08-13 02:48:54'),
	(29317, 'Xã An Phú Tân', 'Xa', 845, '2020-08-13 02:48:54', '2020-08-13 02:48:54'),
	(29320, 'Xã Hoà Tân', 'Xa', 845, '2020-08-13 02:48:54', '2020-08-13 02:48:54'),
	(29323, 'Xã Ninh Thới', 'Xa', 845, '2020-08-13 02:48:54', '2020-08-13 02:48:54'),
	(29326, 'Xã Phong Phú', 'Xa', 845, '2020-08-13 02:48:54', '2020-08-13 02:48:54'),
	(29329, 'Xã Phong Thạnh', 'Xa', 845, '2020-08-13 02:48:54', '2020-08-13 02:48:54'),
	(29332, 'Xã Tam Ngãi', 'Xa', 845, '2020-08-13 02:48:54', '2020-08-13 02:48:54'),
	(29335, 'Xã Thông Hòa', 'Xa', 845, '2020-08-13 02:48:54', '2020-08-13 02:48:54'),
	(29338, 'Xã Thạnh Phú', 'Xa', 845, '2020-08-13 02:48:54', '2020-08-13 02:48:54'),
	(29341, 'Thị trấn Tiểu Cần', 'TT', 846, '2020-08-13 02:48:54', '2020-08-13 02:48:54'),
	(29344, 'Thị trấn Cầu Quan', 'TT', 846, '2020-08-13 02:48:54', '2020-08-13 02:48:54'),
	(29347, 'Xã Phú Cần', 'Xa', 846, '2020-08-13 02:48:54', '2020-08-13 02:48:54'),
	(29350, 'Xã Hiếu Tử', 'Xa', 846, '2020-08-13 02:48:54', '2020-08-13 02:48:54'),
	(29353, 'Xã Hiếu Trung', 'Xa', 846, '2020-08-13 02:48:54', '2020-08-13 02:48:54'),
	(29356, 'Xã Long Thới', 'Xa', 846, '2020-08-13 02:48:54', '2020-08-13 02:48:54'),
	(29359, 'Xã Hùng Hòa', 'Xa', 846, '2020-08-13 02:48:54', '2020-08-13 02:48:54'),
	(29362, 'Xã Tân Hùng', 'Xa', 846, '2020-08-13 02:48:54', '2020-08-13 02:48:54'),
	(29365, 'Xã Tập Ngãi', 'Xa', 846, '2020-08-13 02:48:54', '2020-08-13 02:48:54'),
	(29368, 'Xã Ngãi Hùng', 'Xa', 846, '2020-08-13 02:48:54', '2020-08-13 02:48:54'),
	(29371, 'Xã Tân Hòa', 'Xa', 846, '2020-08-13 02:48:54', '2020-08-13 02:48:54'),
	(29374, 'Thị trấn Châu Thành', 'TT', 847, '2020-08-13 02:48:54', '2020-08-13 02:48:54'),
	(29377, 'Xã Đa Lộc', 'Xa', 847, '2020-08-13 02:48:54', '2020-08-13 02:48:54'),
	(29380, 'Xã Mỹ Chánh', 'Xa', 847, '2020-08-13 02:48:54', '2020-08-13 02:48:54'),
	(29383, 'Xã Thanh Mỹ', 'Xa', 847, '2020-08-13 02:48:54', '2020-08-13 02:48:54'),
	(29386, 'Xã Lương Hoà A', 'Xa', 847, '2020-08-13 02:48:54', '2020-08-13 02:48:54'),
	(29389, 'Xã Lương Hòa', 'Xa', 847, '2020-08-13 02:48:54', '2020-08-13 02:48:54'),
	(29392, 'Xã Song Lộc', 'Xa', 847, '2020-08-13 02:48:54', '2020-08-13 02:48:54'),
	(29395, 'Xã Nguyệt Hóa', 'Xa', 847, '2020-08-13 02:48:54', '2020-08-13 02:48:54'),
	(29398, 'Xã Hòa Thuận', 'Xa', 847, '2020-08-13 02:48:54', '2020-08-13 02:48:54'),
	(29401, 'Xã Hòa Lợi', 'Xa', 847, '2020-08-13 02:48:54', '2020-08-13 02:48:54'),
	(29404, 'Xã Phước Hảo', 'Xa', 847, '2020-08-13 02:48:54', '2020-08-13 02:48:54'),
	(29407, 'Xã Hưng Mỹ', 'Xa', 847, '2020-08-13 02:48:54', '2020-08-13 02:48:54'),
	(29410, 'Xã Hòa Minh', 'Xa', 847, '2020-08-13 02:48:54', '2020-08-13 02:48:54'),
	(29413, 'Xã Long Hòa', 'Xa', 847, '2020-08-13 02:48:54', '2020-08-13 02:48:54'),
	(29416, 'Thị trấn Cầu Ngang', 'TT', 848, '2020-08-13 02:48:54', '2020-08-13 02:48:54'),
	(29419, 'Thị trấn Mỹ Long', 'TT', 848, '2020-08-13 02:48:54', '2020-08-13 02:48:54'),
	(29422, 'Xã Mỹ Long Bắc', 'Xa', 848, '2020-08-13 02:48:54', '2020-08-13 02:48:54'),
	(29425, 'Xã Mỹ Long Nam', 'Xa', 848, '2020-08-13 02:48:54', '2020-08-13 02:48:54'),
	(29428, 'Xã Mỹ Hòa', 'Xa', 848, '2020-08-13 02:48:54', '2020-08-13 02:48:54'),
	(29431, 'Xã Vĩnh Kim', 'Xa', 848, '2020-08-13 02:48:54', '2020-08-13 02:48:54'),
	(29434, 'Xã Kim Hòa', 'Xa', 848, '2020-08-13 02:48:54', '2020-08-13 02:48:54'),
	(29437, 'Xã Hiệp Hòa', 'Xa', 848, '2020-08-13 02:48:54', '2020-08-13 02:48:54'),
	(29440, 'Xã Thuận Hòa', 'Xa', 848, '2020-08-13 02:48:54', '2020-08-13 02:48:54'),
	(29443, 'Xã Long Sơn', 'Xa', 848, '2020-08-13 02:48:54', '2020-08-13 02:48:54'),
	(29446, 'Xã Nhị Trường', 'Xa', 848, '2020-08-13 02:48:54', '2020-08-13 02:48:54'),
	(29449, 'Xã Trường Thọ', 'Xa', 848, '2020-08-13 02:48:54', '2020-08-13 02:48:54'),
	(29452, 'Xã Hiệp Mỹ Đông', 'Xa', 848, '2020-08-13 02:48:54', '2020-08-13 02:48:54'),
	(29455, 'Xã Hiệp Mỹ Tây', 'Xa', 848, '2020-08-13 02:48:54', '2020-08-13 02:48:54'),
	(29458, 'Xã Thạnh Hòa Sơn', 'Xa', 848, '2020-08-13 02:48:54', '2020-08-13 02:48:54'),
	(29461, 'Thị trấn Trà Cú', 'TT', 849, '2020-08-13 02:48:54', '2020-08-13 02:48:54'),
	(29462, 'Thị trấn Định An', 'TT', 849, '2020-08-13 02:48:54', '2020-08-13 02:48:54'),
	(29464, 'Xã Phước Hưng', 'Xa', 849, '2020-08-13 02:48:54', '2020-08-13 02:48:54'),
	(29467, 'Xã Tập Sơn', 'Xa', 849, '2020-08-13 02:48:54', '2020-08-13 02:48:54'),
	(29470, 'Xã Tân Sơn', 'Xa', 849, '2020-08-13 02:48:54', '2020-08-13 02:48:54'),
	(29473, 'Xã An Quảng Hữu', 'Xa', 849, '2020-08-13 02:48:54', '2020-08-13 02:48:54'),
	(29476, 'Xã Lưu Nghiệp Anh', 'Xa', 849, '2020-08-13 02:48:54', '2020-08-13 02:48:54'),
	(29479, 'Xã Ngãi Xuyên', 'Xa', 849, '2020-08-13 02:48:54', '2020-08-13 02:48:54'),
	(29482, 'Xã Kim Sơn', 'Xa', 849, '2020-08-13 02:48:54', '2020-08-13 02:48:54'),
	(29485, 'Xã Thanh Sơn', 'Xa', 849, '2020-08-13 02:48:54', '2020-08-13 02:48:54'),
	(29488, 'Xã Hàm Giang', 'Xa', 849, '2020-08-13 02:48:54', '2020-08-13 02:48:54'),
	(29489, 'Xã Hàm Tân', 'Xa', 849, '2020-08-13 02:48:54', '2020-08-13 02:48:54'),
	(29491, 'Xã Đại An', 'Xa', 849, '2020-08-13 02:48:54', '2020-08-13 02:48:54'),
	(29494, 'Thị trấn Định An', 'TT', 849, '2020-08-13 02:48:54', '2020-08-13 02:48:54'),
	(29497, 'Xã Đôn Xuân', 'Xa', 850, '2020-08-13 02:48:54', '2020-08-13 02:48:54'),
	(29500, 'Xã Đôn Châu', 'Xa', 850, '2020-08-13 02:48:54', '2020-08-13 02:48:54'),
	(29503, 'Xã Ngọc Biên', 'Xa', 849, '2020-08-13 02:48:54', '2020-08-13 02:48:54'),
	(29506, 'Xã Long Hiệp', 'Xa', 849, '2020-08-13 02:48:54', '2020-08-13 02:48:54'),
	(29509, 'Xã Tân Hiệp', 'Xa', 849, '2020-08-13 02:48:54', '2020-08-13 02:48:54'),
	(29512, 'Phường 1', 'Phuong', 851, '2020-08-13 02:48:54', '2020-08-13 02:48:54'),
	(29513, 'Thị trấn Long Thành', 'TT', 850, '2020-08-13 02:48:54', '2020-08-13 02:48:54'),
	(29515, 'Xã Long Toàn', 'Xa', 851, '2020-08-13 02:48:54', '2020-08-13 02:48:54'),
	(29516, 'Phường 2', 'Phuong', 851, '2020-08-13 02:48:54', '2020-08-13 02:48:54'),
	(29518, 'Xã Long Hữu', 'Xa', 851, '2020-08-13 02:48:54', '2020-08-13 02:48:54'),
	(29521, 'Xã Long Khánh', 'Xa', 850, '2020-08-13 02:48:54', '2020-08-13 02:48:54'),
	(29524, 'Xã Dân Thành', 'Xa', 851, '2020-08-13 02:48:54', '2020-08-13 02:48:54'),
	(29527, 'Xã Trường Long Hòa', 'Xa', 851, '2020-08-13 02:48:54', '2020-08-13 02:48:54'),
	(29530, 'Xã Ngũ Lạc', 'Xa', 850, '2020-08-13 02:48:54', '2020-08-13 02:48:54'),
	(29533, 'Xã Long Vĩnh', 'Xa', 850, '2020-08-13 02:48:54', '2020-08-13 02:48:54'),
	(29536, 'Xã Đông Hải', 'Xa', 850, '2020-08-13 02:48:54', '2020-08-13 02:48:54'),
	(29539, 'Xã Hiệp Thạnh', 'Xa', 851, '2020-08-13 02:48:54', '2020-08-13 02:48:54');
/*!40000 ALTER TABLE `dm_phuong_xa` ENABLE KEYS */;

-- Dumping structure for table alcomputer.dm_quan_huyen
CREATE TABLE IF NOT EXISTS `dm_quan_huyen` (
  `ma_quan_huyen` int(10) unsigned NOT NULL,
  `ten_quan_huyen` varchar(250) COLLATE utf8_unicode_ci DEFAULT NULL,
  `ma_tinh` varchar(50) COLLATE utf8_unicode_ci DEFAULT NULL,
  `loai` varchar(50) COLLATE utf8_unicode_ci DEFAULT NULL,
  `updated_at` datetime NOT NULL DEFAULT current_timestamp() ON UPDATE current_timestamp(),
  `created_at` datetime NOT NULL DEFAULT current_timestamp(),
  PRIMARY KEY (`ma_quan_huyen`)
) ENGINE=InnoDB DEFAULT CHARSET=utf8 COLLATE=utf8_unicode_ci;

-- Dumping data for table alcomputer.dm_quan_huyen: ~9 rows (approximately)
/*!40000 ALTER TABLE `dm_quan_huyen` DISABLE KEYS */;
INSERT INTO `dm_quan_huyen` (`ma_quan_huyen`, `ten_quan_huyen`, `ma_tinh`, `loai`, `updated_at`, `created_at`) VALUES
	(842, 'Thành phố Trà Vinh', '84', 'TP', '2020-08-13 02:00:55', '2020-08-13 02:00:55'),
	(844, 'Huyện Càng Long', '84', 'Huyen', '2020-08-13 02:00:55', '2020-08-13 02:00:55'),
	(845, 'Huyện Cầu Kè', '84', 'Huyen', '2020-08-13 02:00:55', '2020-08-13 02:00:55'),
	(846, 'Huyện Tiểu Cần', '84', 'Huyen', '2020-08-13 02:00:55', '2020-08-13 02:00:55'),
	(847, 'Huyện Châu Thành', '84', 'Huyen', '2020-08-13 02:00:55', '2020-08-13 02:00:55'),
	(848, 'Huyện Cầu Ngang', '84', 'Huyen', '2020-08-13 02:00:55', '2020-08-13 02:00:55'),
	(849, 'Huyện Trà Cú', '84', 'Huyen', '2020-08-13 02:00:55', '2020-08-13 02:00:55'),
	(850, 'Huyện Duyên Hải', '84', 'Huyen', '2020-08-13 02:00:55', '2020-08-13 02:00:55'),
	(851, 'Thị xã Duyên Hải', '84', 'TX', '2020-08-13 02:00:55', '2020-08-13 02:00:55');
/*!40000 ALTER TABLE `dm_quan_huyen` ENABLE KEYS */;

-- Dumping structure for table alcomputer.dm_tham_so_he_thong
CREATE TABLE IF NOT EXISTS `dm_tham_so_he_thong` (
  `id` int(11) NOT NULL AUTO_INCREMENT,
  `ma_tham_so` varchar(250) DEFAULT NULL,
  `ten_tham_so` varchar(250) DEFAULT NULL,
  `loai_tham_so` varchar(250) DEFAULT NULL,
  `gia_tri_tham_so` varchar(250) DEFAULT NULL,
  `mo_ta_tham_so` varchar(250) DEFAULT NULL,
  PRIMARY KEY (`id`)
) ENGINE=InnoDB AUTO_INCREMENT=3 DEFAULT CHARSET=utf8;

-- Dumping data for table alcomputer.dm_tham_so_he_thong: ~0 rows (approximately)
/*!40000 ALTER TABLE `dm_tham_so_he_thong` DISABLE KEYS */;
/*!40000 ALTER TABLE `dm_tham_so_he_thong` ENABLE KEYS */;

-- Dumping structure for table alcomputer.doi_tac
CREATE TABLE IF NOT EXISTS `doi_tac` (
  `id` int(11) NOT NULL AUTO_INCREMENT,
  `ma_doi_tac` varchar(250) NOT NULL,
  `ten_doi_tac` varchar(250) DEFAULT NULL,
  `ten_cong_ty` varchar(250) DEFAULT NULL,
  `gioi_tinh` int(11) NOT NULL DEFAULT 0 COMMENT '0 nữ; 1 nam',
  `dia_chi` varchar(250) DEFAULT NULL,
  `di_dong` varchar(15) DEFAULT NULL,
  `co_dinh` varchar(15) DEFAULT NULL,
  `email` varchar(100) DEFAULT NULL,
  `bien_so` varchar(100) DEFAULT NULL,
  `fax` varchar(50) DEFAULT NULL,
  `hinh_anh` varchar(250) DEFAULT NULL,
  `state` int(11) NOT NULL DEFAULT 1,
  PRIMARY KEY (`id`),
  UNIQUE KEY `ma_doi_tac` (`ma_doi_tac`)
) ENGINE=InnoDB AUTO_INCREMENT=316 DEFAULT CHARSET=utf8;

-- Dumping data for table alcomputer.doi_tac: ~102 rows (approximately)
/*!40000 ALTER TABLE `doi_tac` DISABLE KEYS */;
INSERT INTO `doi_tac` (`id`, `ma_doi_tac`, `ten_doi_tac`, `ten_cong_ty`, `gioi_tinh`, `dia_chi`, `di_dong`, `co_dinh`, `email`, `bien_so`, `fax`, `hinh_anh`, `state`) VALUES
	(210, 'KH001', 'Phan Văn Thanh 001 - 011- 001 -001-001', NULL, 1, 'Cầu Kè, Trà Vinh', '0941138484', '0941138484', '0941138484', '0941138484', '0941138484', NULL, 1),
	(211, 'KH002', 'Phan Văn Thanh 002', NULL, 0, 'Trà  Cú, Trà Vinh', '0941138485', '0941138485', '0941138485', '0941138485', '0941138485', NULL, 1),
	(212, 'KH003', 'Phan Văn Thanh 003', NULL, 1, 'Trà  Cú, Trà Vinh', '0941138486', '0941138486', '0941138486', '0941138486', '0941138486', NULL, 1),
	(213, 'KH004', 'Phan Văn Thanh 004', NULL, 0, 'Trà  Cú, Trà Vinh', '0941138487', '0941138487', '0941138487', '0941138487', '0941138487', NULL, 1),
	(214, 'KH005', 'Phan Văn Thanh 005', NULL, 1, 'Trà  Cú, Trà Vinh', '0941138488', '0941138488', '0941138488', '0941138488', '0941138488', NULL, 1),
	(215, 'KH006', 'Phan Văn Thanh 006', NULL, 0, 'Trà  Cú, Trà Vinh', '0941138489', '0941138489', '0941138489', '0941138489', '0941138489', NULL, 1),
	(216, 'KH007', 'Phan Văn Thanh 007', NULL, 1, 'Trà  Cú, Trà Vinh', '0941138490', '0941138490', '0941138490', '0941138490', '0941138490', NULL, 1),
	(217, 'KH008', 'Phan Văn Thanh 008', NULL, 0, 'Trà  Cú, Trà Vinh', '0941138491', '0941138491', '0941138491', '0941138491', '0941138491', NULL, 1),
	(218, 'KH009', 'Phan Văn Thanh 009', NULL, 1, 'Trà  Cú, Trà Vinh', '0941138492', '0941138492', '0941138492', '0941138492', '0941138492', NULL, 1),
	(219, 'KH010', 'Phan Văn Thanh 010', NULL, 0, 'Trà  Cú, Trà Vinh', '0941138493', '0941138493', '0941138493', '0941138493', '0941138493', NULL, 1),
	(220, 'KH011', 'Phan Văn Thanh 011', NULL, 1, 'Trà  Cú, Trà Vinh', '0941138494', '0941138494', '0941138494', '0941138494', '0941138494', NULL, 1),
	(221, 'KH012', 'Phan Văn Thanh 012', NULL, 0, 'Trà  Cú, Trà Vinh', '0941138495', '0941138495', '0941138495', '0941138495', '0941138495', NULL, 1),
	(222, 'KH013', 'Phan Văn Thanh 013', NULL, 1, 'Trà  Cú, Trà Vinh', '0941138496', '0941138496', '0941138496', '0941138496', '0941138496', NULL, 1),
	(223, 'KH014', 'Phan Văn Thanh 014', NULL, 0, 'Trà  Cú, Trà Vinh', '0941138497', '0941138497', '0941138497', '0941138497', '0941138497', NULL, 1),
	(224, 'KH015', 'Phan Văn Thanh 015', NULL, 1, 'Trà  Cú, Trà Vinh', '0941138498', '0941138498', '0941138498', '0941138498', '0941138498', NULL, 1),
	(225, 'KH016', 'Phan Văn Thanh 016', NULL, 0, 'Trà  Cú, Trà Vinh', '0941138499', '0941138499', '0941138499', '0941138499', '0941138499', NULL, 1),
	(226, 'KH017', 'Phan Văn Thanh 017', NULL, 1, 'Trà  Cú, Trà Vinh', '0941138500', '0941138500', '0941138500', '0941138500', '0941138500', NULL, 1),
	(227, 'KH018', 'Phan Văn Thanh 018', NULL, 0, 'Trà  Cú, Trà Vinh', '0941138501', '0941138501', '0941138501', '0941138501', '0941138501', NULL, 1),
	(228, 'KH019', 'Phan Văn Thanh 019', NULL, 1, 'Trà  Cú, Trà Vinh', '0941138502', '0941138502', '0941138502', '0941138502', '0941138502', NULL, 1),
	(229, 'KH020', 'Phan Văn Thanh 020', NULL, 0, 'Trà  Cú, Trà Vinh', '0941138503', '0941138503', '0941138503', '0941138503', '0941138503', NULL, 1),
	(230, 'KH021', 'Phan Văn Thanh 021', NULL, 1, 'Trà  Cú, Trà Vinh', '0941138504', '0941138504', '0941138504', '0941138504', '0941138504', NULL, 1),
	(231, 'KH022', 'Phan Văn Thanh 022', NULL, 0, 'Trà  Cú, Trà Vinh', '0941138505', '0941138505', '0941138505', '0941138505', '0941138505', NULL, 1),
	(232, 'KH023', 'Phan Văn Thanh 023', NULL, 1, 'Trà  Cú, Trà Vinh', '0941138506', '0941138506', '0941138506', '0941138506', '0941138506', NULL, 1),
	(233, 'KH024', 'Phan Văn Thanh 024', NULL, 0, 'Trà  Cú, Trà Vinh', '0941138507', '0941138507', '0941138507', '0941138507', '0941138507', NULL, 1),
	(234, 'KH025', 'Phan Văn Thanh 025', NULL, 1, 'Trà  Cú, Trà Vinh', '0941138508', '0941138508', '0941138508', '0941138508', '0941138508', NULL, 1),
	(235, 'KH026', 'Phan Văn Thanh 026', NULL, 0, 'Trà  Cú, Trà Vinh', '0941138509', '0941138509', '0941138509', '0941138509', '0941138509', NULL, 1),
	(236, 'KH027', 'Phan Văn Thanh 027', NULL, 1, 'Trà  Cú, Trà Vinh', '0941138510', '0941138510', '0941138510', '0941138510', '0941138510', NULL, 1),
	(237, 'KH028', 'Phan Văn Thanh 028', NULL, 0, 'Trà  Cú, Trà Vinh', '0941138511', '0941138511', '0941138511', '0941138511', '0941138511', NULL, 1),
	(238, 'KH029', 'Phan Văn Thanh 029', NULL, 1, 'Trà  Cú, Trà Vinh', '0941138512', '0941138512', '0941138512', '0941138512', '0941138512', NULL, 1),
	(239, 'KH030', 'Phan Văn Thanh 030', NULL, 0, 'Trà  Cú, Trà Vinh', '0941138513', '0941138513', '0941138513', '0941138513', '0941138513', NULL, 1),
	(240, 'KH031', 'Phan Văn Thanh 031', NULL, 1, 'Trà  Cú, Trà Vinh', '0941138514', '0941138514', '0941138514', '0941138514', '0941138514', NULL, 1),
	(241, 'KH032', 'Phan Văn Thanh 032', NULL, 0, 'Trà  Cú, Trà Vinh', '0941138515', '0941138515', '0941138515', '0941138515', '0941138515', NULL, 1),
	(242, 'KH033', 'Phan Văn Thanh 033', NULL, 1, 'Trà  Cú, Trà Vinh', '0941138516', '0941138516', '0941138516', '0941138516', '0941138516', NULL, 1),
	(243, 'KH034', 'Phan Văn Thanh 034', NULL, 0, 'Trà  Cú, Trà Vinh', '0941138517', '0941138517', '0941138517', '0941138517', '0941138517', NULL, 1),
	(244, 'KH035', 'Phan Văn Thanh 035', NULL, 1, 'Trà  Cú, Trà Vinh', '0941138518', '0941138518', '0941138518', '0941138518', '0941138518', NULL, 1),
	(245, 'KH036', 'Phan Văn Thanh 036', NULL, 0, 'Trà  Cú, Trà Vinh', '0941138519', '0941138519', '0941138519', '0941138519', '0941138519', NULL, 1),
	(246, 'KH037', 'Phan Văn Thanh 037', NULL, 1, 'Trà  Cú, Trà Vinh', '0941138520', '0941138520', '0941138520', '0941138520', '0941138520', NULL, 1),
	(247, 'KH038', 'Phan Văn Thanh 038', NULL, 0, 'Trà  Cú, Trà Vinh', '0941138521', '0941138521', '0941138521', '0941138521', '0941138521', NULL, 1),
	(248, 'KH039', 'Phan Văn Thanh 039', NULL, 1, 'Trà  Cú, Trà Vinh', '0941138522', '0941138522', '0941138522', '0941138522', '0941138522', NULL, 1),
	(249, 'KH040', 'Phan Văn Thanh 040', NULL, 0, 'Trà  Cú, Trà Vinh', '0941138523', '0941138523', '0941138523', '0941138523', '0941138523', NULL, 1),
	(250, 'KH041', 'Phan Văn Thanh 041', NULL, 1, 'Trà  Cú, Trà Vinh', '0941138524', '0941138524', '0941138524', '0941138524', '0941138524', NULL, 1),
	(251, 'KH042', 'Phan Văn Thanh 042', NULL, 0, 'Trà  Cú, Trà Vinh', '0941138525', '0941138525', '0941138525', '0941138525', '0941138525', NULL, 1),
	(252, 'KH043', 'Phan Văn Thanh 043', NULL, 1, 'Trà  Cú, Trà Vinh', '0941138526', '0941138526', '0941138526', '0941138526', '0941138526', NULL, 1),
	(253, 'KH044', 'Phan Văn Thanh 044', NULL, 0, 'Trà  Cú, Trà Vinh', '0941138527', '0941138527', '0941138527', '0941138527', '0941138527', NULL, 1),
	(254, 'KH045', 'Phan Văn Thanh 045', NULL, 1, 'Trà  Cú, Trà Vinh', '0941138528', '0941138528', '0941138528', '0941138528', '0941138528', NULL, 1),
	(255, 'KH046', 'Phan Văn Thanh 046', NULL, 0, 'Trà  Cú, Trà Vinh', '0941138529', '0941138529', '0941138529', '0941138529', '0941138529', NULL, 1),
	(256, 'KH047', 'Phan Văn Thanh 047', NULL, 1, 'Trà  Cú, Trà Vinh', '0941138530', '0941138530', '0941138530', '0941138530', '0941138530', NULL, 1),
	(257, 'KH048', 'Phan Văn Thanh 048', NULL, 0, 'Trà  Cú, Trà Vinh', '0941138531', '0941138531', '0941138531', '0941138531', '0941138531', NULL, 1),
	(258, 'KH049', 'Phan Văn Thanh 049', NULL, 1, 'Trà  Cú, Trà Vinh', '0941138532', '0941138532', '0941138532', '0941138532', '0941138532', NULL, 1),
	(259, 'KH050', 'Phan Văn Thanh 050', NULL, 0, 'Trà  Cú, Trà Vinh', '0941138533', '0941138533', '0941138533', '0941138533', '0941138533', NULL, 1),
	(260, 'KH051', 'Phan Văn Thanh 051', NULL, 1, 'Trà  Cú, Trà Vinh', '0941138534', '0941138534', '0941138534', '0941138534', '0941138534', NULL, 1),
	(261, 'KH052', 'Phan Văn Thanh 052', NULL, 0, 'Trà  Cú, Trà Vinh', '0941138535', '0941138535', '0941138535', '0941138535', '0941138535', NULL, 1),
	(262, 'KH053', 'Phan Văn Thanh 053', NULL, 1, 'Trà  Cú, Trà Vinh', '0941138536', '0941138536', '0941138536', '0941138536', '0941138536', NULL, 1),
	(263, 'KH054', 'Phan Văn Thanh 054', NULL, 0, 'Trà  Cú, Trà Vinh', '0941138537', '0941138537', '0941138537', '0941138537', '0941138537', NULL, 1),
	(264, 'KH055', 'Phan Văn Thanh 055', NULL, 1, 'Trà  Cú, Trà Vinh', '0941138538', '0941138538', '0941138538', '0941138538', '0941138538', NULL, 1),
	(265, 'KH056', 'Phan Văn Thanh 056', NULL, 0, 'Trà  Cú, Trà Vinh', '0941138539', '0941138539', '0941138539', '0941138539', '0941138539', NULL, 1),
	(266, 'KH057', 'Phan Văn Thanh 057', NULL, 1, 'Trà  Cú, Trà Vinh', '0941138540', '0941138540', '0941138540', '0941138540', '0941138540', NULL, 1),
	(267, 'KH058', 'Phan Văn Thanh 058', NULL, 0, 'Trà  Cú, Trà Vinh', '0941138541', '0941138541', '0941138541', '0941138541', '0941138541', NULL, 1),
	(268, 'KH059', 'Phan Văn Thanh 059', NULL, 1, 'Trà  Cú, Trà Vinh', '0941138542', '0941138542', '0941138542', '0941138542', '0941138542', NULL, 1),
	(269, 'KH060', 'Phan Văn Thanh 060', NULL, 0, 'Trà  Cú, Trà Vinh', '0941138543', '0941138543', '0941138543', '0941138543', '0941138543', NULL, 1),
	(270, 'KH061', 'Phan Văn Thanh 061', NULL, 1, 'Trà  Cú, Trà Vinh', '0941138544', '0941138544', '0941138544', '0941138544', '0941138544', NULL, 1),
	(271, 'KH062', 'Phan Văn Thanh 062', NULL, 0, 'Trà  Cú, Trà Vinh', '0941138545', '0941138545', '0941138545', '0941138545', '0941138545', NULL, 1),
	(272, 'KH063', 'Phan Văn Thanh 063', NULL, 1, 'Trà  Cú, Trà Vinh', '0941138546', '0941138546', '0941138546', '0941138546', '0941138546', NULL, 1),
	(273, 'KH064', 'Phan Văn Thanh 064', NULL, 0, 'Trà  Cú, Trà Vinh', '0941138547', '0941138547', '0941138547', '0941138547', '0941138547', NULL, 1),
	(274, 'KH065', 'Phan Văn Thanh 065', NULL, 1, 'Trà  Cú, Trà Vinh', '0941138548', '0941138548', '0941138548', '0941138548', '0941138548', NULL, 1),
	(275, 'KH066', 'Phan Văn Thanh 066', NULL, 0, 'Trà  Cú, Trà Vinh', '0941138549', '0941138549', '0941138549', '0941138549', '0941138549', NULL, 1),
	(276, 'KH067', 'Phan Văn Thanh 067', NULL, 1, 'Trà  Cú, Trà Vinh', '0941138550', '0941138550', '0941138550', '0941138550', '0941138550', NULL, 1),
	(277, 'KH068', 'Phan Văn Thanh 068', NULL, 0, 'Trà  Cú, Trà Vinh', '0941138551', '0941138551', '0941138551', '0941138551', '0941138551', NULL, 1),
	(278, 'KH069', 'Phan Văn Thanh 069', NULL, 1, 'Trà  Cú, Trà Vinh', '0941138552', '0941138552', '0941138552', '0941138552', '0941138552', NULL, 1),
	(279, 'KH070', 'Phan Văn Thanh 070', NULL, 0, 'Trà  Cú, Trà Vinh', '0941138553', '0941138553', '0941138553', '0941138553', '0941138553', NULL, 1),
	(280, 'KH071', 'Phan Văn Thanh 071', NULL, 1, 'Trà  Cú, Trà Vinh', '0941138554', '0941138554', '0941138554', '0941138554', '0941138554', NULL, 1),
	(281, 'KH072', 'Phan Văn Thanh 072', NULL, 0, 'Trà  Cú, Trà Vinh', '0941138555', '0941138555', '0941138555', '0941138555', '0941138555', NULL, 1),
	(282, 'KH073', 'Phan Văn Thanh 073', NULL, 1, 'Trà  Cú, Trà Vinh', '0941138556', '0941138556', '0941138556', '0941138556', '0941138556', NULL, 1),
	(283, 'KH074', 'Phan Văn Thanh 074', NULL, 0, 'Trà  Cú, Trà Vinh', '0941138557', '0941138557', '0941138557', '0941138557', '0941138557', NULL, 1),
	(284, 'KH075', 'Phan Văn Thanh 075', NULL, 1, 'Trà  Cú, Trà Vinh', '0941138558', '0941138558', '0941138558', '0941138558', '0941138558', NULL, 1),
	(285, 'KH076', 'Phan Văn Thanh 076', NULL, 0, 'Trà  Cú, Trà Vinh', '0941138559', '0941138559', '0941138559', '0941138559', '0941138559', NULL, 1),
	(286, 'KH077', 'Phan Văn Thanh 077', NULL, 1, 'Trà  Cú, Trà Vinh', '0941138560', '0941138560', '0941138560', '0941138560', '0941138560', NULL, 1),
	(287, 'KH078', 'Phan Văn Thanh 078', NULL, 0, 'Trà  Cú, Trà Vinh', '0941138561', '0941138561', '0941138561', '0941138561', '0941138561', NULL, 1),
	(288, 'KH079', 'Phan Văn Thanh 079', NULL, 1, 'Trà  Cú, Trà Vinh', '0941138562', '0941138562', '0941138562', '0941138562', '0941138562', NULL, 1),
	(289, 'KH080', 'Phan Văn Thanh 080', NULL, 0, 'Trà  Cú, Trà Vinh', '0941138563', '0941138563', '0941138563', '0941138563', '0941138563', NULL, 1),
	(290, 'KH081', 'Phan Văn Thanh 081', NULL, 1, 'Trà  Cú, Trà Vinh', '0941138564', '0941138564', '0941138564', '0941138564', '0941138564', NULL, 1),
	(291, 'KH082', 'Phan Văn Thanh 082', NULL, 0, 'Trà  Cú, Trà Vinh', '0941138565', '0941138565', '0941138565', '0941138565', '0941138565', NULL, 1),
	(292, 'KH083', 'Phan Văn Thanh 083', NULL, 1, 'Trà  Cú, Trà Vinh', '0941138566', '0941138566', '0941138566', '0941138566', '0941138566', NULL, 1),
	(293, 'KH084', 'Phan Văn Thanh 084', NULL, 0, 'Trà  Cú, Trà Vinh', '0941138567', '0941138567', '0941138567', '0941138567', '0941138567', NULL, 1),
	(294, 'KH085', 'Phan Văn Thanh 085', NULL, 1, 'Trà  Cú, Trà Vinh', '0941138568', '0941138568', '0941138568', '0941138568', '0941138568', NULL, 1),
	(295, 'KH086', 'Phan Văn Thanh 086', NULL, 0, 'Trà  Cú, Trà Vinh', '0941138569', '0941138569', '0941138569', '0941138569', '0941138569', NULL, 1),
	(296, 'KH087', 'Phan Văn Thanh 087', NULL, 1, 'Trà  Cú, Trà Vinh', '0941138570', '0941138570', '0941138570', '0941138570', '0941138570', NULL, 1),
	(297, 'KH088', 'Phan Văn Thanh 088', NULL, 0, 'Trà  Cú, Trà Vinh', '0941138571', '0941138571', '0941138571', '0941138571', '0941138571', NULL, 1),
	(298, 'KH089', 'Phan Văn Thanh 089', NULL, 1, 'Trà  Cú, Trà Vinh', '0941138572', '0941138572', '0941138572', '0941138572', '0941138572', NULL, 1),
	(299, 'KH090', 'Phan Văn Thanh 090', NULL, 0, 'Trà  Cú, Trà Vinh', '0941138573', '0941138573', '0941138573', '0941138573', '0941138573', NULL, 1),
	(300, 'KH091', 'Phan Văn Thanh 091', NULL, 1, 'Trà  Cú, Trà Vinh', '0941138574', '0941138574', '0941138574', '0941138574', '0941138574', NULL, 1),
	(301, 'KH092', 'Phan Văn Thanh 092', NULL, 0, 'Trà  Cú, Trà Vinh', '0941138575', '0941138575', '0941138575', '0941138575', '0941138575', NULL, 1),
	(302, 'KH093', 'Phan Văn Thanh 093', NULL, 1, 'Trà  Cú, Trà Vinh', '0941138576', '0941138576', '0941138576', '0941138576', '0941138576', NULL, 1),
	(303, 'KH094', 'Phan Văn Thanh 094', NULL, 0, 'Trà  Cú, Trà Vinh', '0941138577', '0941138577', '0941138577', '0941138577', '0941138577', NULL, 1),
	(304, 'KH095', 'Phan Văn Thanh 095', NULL, 1, 'Trà  Cú, Trà Vinh', '0941138578', '0941138578', '0941138578', '0941138578', '0941138578', NULL, 1),
	(305, 'KH096', 'Phan Văn Thanh 096', NULL, 0, 'Trà  Cú, Trà Vinh', '0941138579', '0941138579', '0941138579', '0941138579', '0941138579', NULL, 1),
	(306, 'KH097', 'Phan Văn Thanh 097', NULL, 1, 'Trà  Cú, Trà Vinh', '0941138580', '0941138580', '0941138580', '0941138580', '0941138580', NULL, 1),
	(307, 'KH098', 'Phan Văn Thanh 098', NULL, 0, 'Trà  Cú, Trà Vinh', '0941138581', '0941138581', '0941138581', '0941138581', '0941138581', NULL, 1),
	(308, 'KH099', 'Phan Văn Thanh 099', NULL, 1, 'Trà  Cú, Trà Vinh', '0941138582', '0941138582', '0941138582', '0941138582', '0941138582', NULL, 1),
	(309, 'KH100', 'Phan Văn Thanh 100', NULL, 0, 'Trà  Cú, Trà Vinh', '0941138583', '0941138583', '0941138583', '0941138583', '0941138583', NULL, 1),
	(310, 'KH101', 'Phan Văn Thanh 101', NULL, 1, 'Trà  Cú, Trà Vinh', '0941138584', '0941138584', '0941138584', '0941138584', '0941138584', NULL, 1),
	(311, 'DT0311', 'Phan Văn Tèo', NULL, 0, NULL, NULL, NULL, NULL, NULL, NULL, NULL, 1),
	(312, 'DT0312', 'Kim Ngọc Tuyền', NULL, 0, NULL, NULL, NULL, NULL, NULL, NULL, NULL, 1),
	(313, 'DT0313', NULL, NULL, 0, NULL, NULL, NULL, NULL, NULL, NULL, NULL, 1),
	(314, 'DT0314', 'sdfa', NULL, 0, NULL, NULL, NULL, NULL, NULL, NULL, NULL, 1),
	(315, 'DT0315', 'sdfasdf', NULL, 0, NULL, NULL, NULL, NULL, NULL, NULL, NULL, 1);
/*!40000 ALTER TABLE `doi_tac` ENABLE KEYS */;

-- Dumping structure for table alcomputer.don_vi
CREATE TABLE IF NOT EXISTS `don_vi` (
  `id` int(10) unsigned NOT NULL AUTO_INCREMENT,
  `ma_don_vi` varchar(250) COLLATE utf8_unicode_ci DEFAULT NULL,
  `ten_don_vi` varchar(250) COLLATE utf8_unicode_ci NOT NULL,
  `ma_phuong_xa` int(10) unsigned NOT NULL,
  `ma_cap` varchar(250) COLLATE utf8_unicode_ci DEFAULT NULL,
  `ma_dinh_danh` varchar(250) COLLATE utf8_unicode_ci DEFAULT NULL,
  `email` varchar(250) COLLATE utf8_unicode_ci DEFAULT NULL,
  `co_dinh` varchar(250) COLLATE utf8_unicode_ci DEFAULT NULL,
  `di_dong` varchar(250) COLLATE utf8_unicode_ci DEFAULT NULL,
  `fax` varchar(250) COLLATE utf8_unicode_ci DEFAULT NULL,
  `parent_id` int(10) unsigned DEFAULT NULL,
  `order` int(11) NOT NULL DEFAULT 1,
  `state` int(11) NOT NULL DEFAULT 1 COMMENT '0: không hoạt động; 1: hoạt động',
  PRIMARY KEY (`id`),
  KEY `FK_don_vi_don_vi` (`parent_id`),
  KEY `order` (`order`),
  KEY `FK_don_vi_dm_phuong_xa` (`ma_phuong_xa`),
  CONSTRAINT `FK_don_vi_dm_phuong_xa` FOREIGN KEY (`ma_phuong_xa`) REFERENCES `dm_phuong_xa` (`ma_phuong_xa`) ON DELETE CASCADE ON UPDATE CASCADE,
  CONSTRAINT `FK_don_vi_don_vi` FOREIGN KEY (`parent_id`) REFERENCES `don_vi` (`id`) ON DELETE CASCADE ON UPDATE CASCADE
) ENGINE=InnoDB AUTO_INCREMENT=39 DEFAULT CHARSET=utf8 COLLATE=utf8_unicode_ci;

-- Dumping data for table alcomputer.don_vi: ~28 rows (approximately)
/*!40000 ALTER TABLE `don_vi` DISABLE KEYS */;
INSERT INTO `don_vi` (`id`, `ma_don_vi`, `ten_don_vi`, `ma_phuong_xa`, `ma_cap`, `ma_dinh_danh`, `email`, `co_dinh`, `di_dong`, `fax`, `parent_id`, `order`, `state`) VALUES
	(1, NULL, 'Tỉnh Trà Vinh', 29239, 'UBT', '000.00.00.H59', NULL, NULL, NULL, NULL, NULL, 0, 1),
	(2, NULL, 'VNPT Trà Vinh', 29236, 'VTT', '000.00.01.H59', NULL, NULL, NULL, NULL, 1, 1, 1),
	(12, NULL, 'Trung tâm Công nghệ Thông tin', 29236, 'TTCNTT', '000.01.01.H59', NULL, NULL, NULL, NULL, 2, 1, 1),
	(13, NULL, 'Trung tâm Viễn Thông I', 29236, 'TTVT', '000.02.01.H59', NULL, NULL, NULL, NULL, 2, 1, 1),
	(14, NULL, 'Trung tâm Viễn Thông II', 29236, 'TTVT', '000.03.01.H59', NULL, NULL, NULL, NULL, 2, 1, 1),
	(15, NULL, 'Trung tâm Viễn Thông III', 29236, 'TTVT', '000.04.01.H59', NULL, NULL, NULL, NULL, 2, 1, 1),
	(16, NULL, 'Viễn Thông TP.Trà Vinh', 29239, 'HUYEN', '001.02.01.H59', NULL, NULL, NULL, NULL, 13, 1, 1),
	(17, NULL, 'Viễn Thông Châu Thành', 29374, 'HUYEN', '001.03.01.H59', NULL, NULL, NULL, NULL, 13, 1, 1),
	(18, NULL, 'Phòng giải pháp', 29236, NULL, NULL, NULL, NULL, NULL, NULL, 12, 1, 1),
	(19, NULL, 'Phòng tổng hợp', 29236, NULL, NULL, NULL, NULL, NULL, NULL, 12, 1, 1),
	(20, NULL, 'Viễn Thông Cầu Kè', 29308, 'HUYEN', '001.03.01.H59', NULL, NULL, NULL, NULL, 14, 1, 1),
	(21, NULL, 'Viễn Thông Càng Long', 29266, 'HUYEN', '001.03.01.H59', NULL, NULL, NULL, NULL, 14, 1, 1),
	(22, NULL, 'Viễn Thông Trà Cú', 29461, 'HUYEN', '001.03.01.H59', NULL, NULL, NULL, NULL, 15, 1, 1),
	(23, NULL, 'Viễn Thông Tiểu Cần', 29341, 'HUYEN', '001.03.01.H59', NULL, NULL, NULL, NULL, 15, 1, 1),
	(24, NULL, 'Viễn Thông Cầu Ngang', 29416, 'HUYEN', '001.03.01.H59', NULL, NULL, NULL, NULL, 15, 1, 1),
	(25, NULL, 'Viễn Thông huyện Duyên Hải', 29497, 'HUYEN', '001.03.01.H59', NULL, NULL, NULL, NULL, 15, 1, 1),
	(26, NULL, 'Viễn Thông thị xã Duyên Hải', 29512, 'HUYEN', '001.03.01.H59', NULL, NULL, NULL, NULL, 15, 1, 1),
	(27, NULL, 'Phòng 001', 29512, NULL, NULL, NULL, NULL, NULL, NULL, 16, 1, 1),
	(28, NULL, 'Phòng 002', 29512, NULL, NULL, NULL, NULL, NULL, NULL, 16, 1, 1),
	(29, NULL, 'Phòng 003', 29512, NULL, NULL, NULL, NULL, NULL, NULL, 16, 1, 1),
	(31, NULL, 'Tổ tiếp nhận - TTVT 1', 29236, NULL, NULL, NULL, NULL, NULL, NULL, 13, 1, 1),
	(32, NULL, 'Tổ xử lý - TTVT 1', 29236, NULL, NULL, NULL, NULL, NULL, NULL, 13, 1, 1),
	(33, NULL, 'Tổ lãnh đạo - TTVT 1', 29236, NULL, NULL, NULL, NULL, NULL, NULL, 13, 1, 1),
	(34, NULL, 'Ban giám đốc', 29236, NULL, NULL, NULL, NULL, NULL, NULL, 2, 1, 1),
	(35, NULL, 'Tthị xã Duyên Hải', 29512, 'Xa', '001.03.01.H59', NULL, NULL, NULL, NULL, 26, 1, 1);
/*!40000 ALTER TABLE `don_vi` ENABLE KEYS */;

-- Dumping structure for table alcomputer.don_vi_tinh
CREATE TABLE IF NOT EXISTS `don_vi_tinh` (
  `id` int(11) NOT NULL AUTO_INCREMENT,
  `ten_don_vi_tinh` varchar(250) DEFAULT NULL,
  `state` int(11) NOT NULL DEFAULT 1,
  PRIMARY KEY (`id`)
) ENGINE=InnoDB AUTO_INCREMENT=19 DEFAULT CHARSET=utf8;

-- Dumping data for table alcomputer.don_vi_tinh: ~10 rows (approximately)
/*!40000 ALTER TABLE `don_vi_tinh` DISABLE KEYS */;
INSERT INTO `don_vi_tinh` (`id`, `ten_don_vi_tinh`, `state`) VALUES
	(1, 'Bộ', 1),
	(8, 'Cái', 1),
	(9, 'Thùng', 1),
	(10, 'Bình', 1),
	(11, 'Bộ', 1),
	(12, 'Chai', 1),
	(13, 'Sợi', 1),
	(14, 'Gói', 1),
	(15, 'Mét', 1),
	(16, 'Cuộn', 1),
	(18, NULL, 1);
/*!40000 ALTER TABLE `don_vi_tinh` ENABLE KEYS */;

-- Dumping structure for table alcomputer.khach_hang
CREATE TABLE IF NOT EXISTS `khach_hang` (
  `id` int(11) NOT NULL AUTO_INCREMENT,
  `ma_khach_hang` varchar(50) DEFAULT NULL,
  `ten_khach_hang` varchar(250) DEFAULT NULL,
  `ten_cong_ty` varchar(250) DEFAULT NULL,
  `gioi_tinh` int(11) NOT NULL DEFAULT 0 COMMENT '0 nữ; 1 nam',
  `dia_chi` varchar(250) DEFAULT NULL,
  `di_dong` varchar(15) DEFAULT NULL,
  `co_dinh` varchar(15) DEFAULT NULL,
  `bien_so` varchar(15) DEFAULT NULL,
  `email` varchar(50) DEFAULT NULL,
  `fax` varchar(50) DEFAULT NULL,
  `hinh_anh` varchar(250) DEFAULT NULL,
  `state` int(11) NOT NULL DEFAULT 1,
  PRIMARY KEY (`id`),
  UNIQUE KEY `ma_khach_hang` (`ma_khach_hang`)
) ENGINE=InnoDB AUTO_INCREMENT=315 DEFAULT CHARSET=utf8;

-- Dumping data for table alcomputer.khach_hang: ~102 rows (approximately)
/*!40000 ALTER TABLE `khach_hang` DISABLE KEYS */;
INSERT INTO `khach_hang` (`id`, `ma_khach_hang`, `ten_khach_hang`, `ten_cong_ty`, `gioi_tinh`, `dia_chi`, `di_dong`, `co_dinh`, `bien_so`, `email`, `fax`, `hinh_anh`, `state`) VALUES
	(208, 'KH001', 'Phan Văn Thanh 001 - 001 -001-001', NULL, 1, 'Cầu Kè, Trà Vinh', '0941138484', '0941138484', '0941138484', '0941138484', '0941138484', NULL, 1),
	(209, 'KH002', 'Phan Văn Thanh 002', NULL, 0, 'Trà  Cú, Trà Vinh', '0941138485', '0941138485', '0941138485', '0941138485', '0941138485', NULL, 1),
	(210, 'KH003', 'Phan Văn Thanh 003', NULL, 1, 'Trà  Cú, Trà Vinh', '0941138486', '0941138486', '0941138486', '0941138486', '0941138486', NULL, 1),
	(211, 'KH004', 'Phan Văn Thanh 004', NULL, 0, 'Trà  Cú, Trà Vinh', '0941138487', '0941138487', '0941138487', '0941138487', '0941138487', NULL, 1),
	(212, 'KH005', 'Phan Văn Thanh 005', NULL, 1, 'Trà  Cú, Trà Vinh', '0941138488', '0941138488', '0941138488', '0941138488', '0941138488', NULL, 1),
	(213, 'KH006', 'Phan Văn Thanh 006', NULL, 0, 'Trà  Cú, Trà Vinh', '0941138489', '0941138489', '0941138489', '0941138489', '0941138489', NULL, 1),
	(214, 'KH007', 'Phan Văn Thanh 007', NULL, 1, 'Trà  Cú, Trà Vinh', '0941138490', '0941138490', '0941138490', '0941138490', '0941138490', NULL, 1),
	(215, 'KH008', 'Phan Văn Thanh 008', NULL, 0, 'Trà  Cú, Trà Vinh', '0941138491', '0941138491', '0941138491', '0941138491', '0941138491', NULL, 1),
	(216, 'KH009', 'Phan Văn Thanh 009', NULL, 1, 'Trà  Cú, Trà Vinh', '0941138492', '0941138492', '0941138492', '0941138492', '0941138492', NULL, 1),
	(217, 'KH010', 'Phan Văn Thanh 010', NULL, 0, 'Trà  Cú, Trà Vinh', '0941138493', '0941138493', '0941138493', '0941138493', '0941138493', NULL, 1),
	(218, 'KH011', 'Phan Văn Thanh 011', NULL, 1, 'Trà  Cú, Trà Vinh', '0941138494', '0941138494', '0941138494', '0941138494', '0941138494', NULL, 1),
	(219, 'KH012', 'Phan Văn Thanh 012', NULL, 0, 'Trà  Cú, Trà Vinh', '0941138495', '0941138495', '0941138495', '0941138495', '0941138495', NULL, 1),
	(220, 'KH013', 'Phan Văn Thanh 013', NULL, 1, 'Trà  Cú, Trà Vinh', '0941138496', '0941138496', '0941138496', '0941138496', '0941138496', NULL, 1),
	(221, 'KH014', 'Phan Văn Thanh 014', NULL, 0, 'Trà  Cú, Trà Vinh', '0941138497', '0941138497', '0941138497', '0941138497', '0941138497', NULL, 1),
	(222, 'KH015', 'Phan Văn Thanh 015', NULL, 1, 'Trà  Cú, Trà Vinh', '0941138498', '0941138498', '0941138498', '0941138498', '0941138498', NULL, 1),
	(223, 'KH016', 'Phan Văn Thanh 016', NULL, 0, 'Trà  Cú, Trà Vinh', '0941138499', '0941138499', '0941138499', '0941138499', '0941138499', NULL, 1),
	(224, 'KH017', 'Phan Văn Thanh 017', NULL, 1, 'Trà  Cú, Trà Vinh', '0941138500', '0941138500', '0941138500', '0941138500', '0941138500', NULL, 1),
	(225, 'KH018', 'Phan Văn Thanh 018', NULL, 0, 'Trà  Cú, Trà Vinh', '0941138501', '0941138501', '0941138501', '0941138501', '0941138501', NULL, 1),
	(226, 'KH019', 'Phan Văn Thanh 019', NULL, 1, 'Trà  Cú, Trà Vinh', '0941138502', '0941138502', '0941138502', '0941138502', '0941138502', NULL, 1),
	(227, 'KH020', 'Phan Văn Thanh 020', NULL, 0, 'Trà  Cú, Trà Vinh', '0941138503', '0941138503', '0941138503', '0941138503', '0941138503', NULL, 1),
	(228, 'KH021', 'Phan Văn Thanh 021', NULL, 1, 'Trà  Cú, Trà Vinh', '0941138504', '0941138504', '0941138504', '0941138504', '0941138504', NULL, 1),
	(229, 'KH022', 'Phan Văn Thanh 022', NULL, 0, 'Trà  Cú, Trà Vinh', '0941138505', '0941138505', '0941138505', '0941138505', '0941138505', NULL, 1),
	(230, 'KH023', 'Phan Văn Thanh 023', NULL, 1, 'Trà  Cú, Trà Vinh', '0941138506', '0941138506', '0941138506', '0941138506', '0941138506', NULL, 1),
	(231, 'KH024', 'Phan Văn Thanh 024', NULL, 0, 'Trà  Cú, Trà Vinh', '0941138507', '0941138507', '0941138507', '0941138507', '0941138507', NULL, 1),
	(232, 'KH025', 'Phan Văn Thanh 025', NULL, 1, 'Trà  Cú, Trà Vinh', '0941138508', '0941138508', '0941138508', '0941138508', '0941138508', NULL, 1),
	(233, 'KH026', 'Phan Văn Thanh 026', NULL, 0, 'Trà  Cú, Trà Vinh', '0941138509', '0941138509', '0941138509', '0941138509', '0941138509', NULL, 1),
	(234, 'KH027', 'Phan Văn Thanh 027', NULL, 1, 'Trà  Cú, Trà Vinh', '0941138510', '0941138510', '0941138510', '0941138510', '0941138510', NULL, 1),
	(235, 'KH028', 'Phan Văn Thanh 028', NULL, 0, 'Trà  Cú, Trà Vinh', '0941138511', '0941138511', '0941138511', '0941138511', '0941138511', NULL, 1),
	(236, 'KH029', 'Phan Văn Thanh 029', NULL, 1, 'Trà  Cú, Trà Vinh', '0941138512', '0941138512', '0941138512', '0941138512', '0941138512', NULL, 1),
	(237, 'KH030', 'Phan Văn Thanh 030', NULL, 0, 'Trà  Cú, Trà Vinh', '0941138513', '0941138513', '0941138513', '0941138513', '0941138513', NULL, 1),
	(238, 'KH031', 'Phan Văn Thanh 031', NULL, 1, 'Trà  Cú, Trà Vinh', '0941138514', '0941138514', '0941138514', '0941138514', '0941138514', NULL, 1),
	(239, 'KH032', 'Phan Văn Thanh 032', NULL, 0, 'Trà  Cú, Trà Vinh', '0941138515', '0941138515', '0941138515', '0941138515', '0941138515', NULL, 1),
	(240, 'KH033', 'Phan Văn Thanh 033', NULL, 1, 'Trà  Cú, Trà Vinh', '0941138516', '0941138516', '0941138516', '0941138516', '0941138516', NULL, 1),
	(241, 'KH034', 'Phan Văn Thanh 034', NULL, 0, 'Trà  Cú, Trà Vinh', '0941138517', '0941138517', '0941138517', '0941138517', '0941138517', NULL, 1),
	(242, 'KH035', 'Phan Văn Thanh 035', NULL, 1, 'Trà  Cú, Trà Vinh', '0941138518', '0941138518', '0941138518', '0941138518', '0941138518', NULL, 1),
	(243, 'KH036', 'Phan Văn Thanh 036', NULL, 0, 'Trà  Cú, Trà Vinh', '0941138519', '0941138519', '0941138519', '0941138519', '0941138519', NULL, 1),
	(244, 'KH037', 'Phan Văn Thanh 037', NULL, 1, 'Trà  Cú, Trà Vinh', '0941138520', '0941138520', '0941138520', '0941138520', '0941138520', NULL, 1),
	(245, 'KH038', 'Phan Văn Thanh 038', NULL, 0, 'Trà  Cú, Trà Vinh', '0941138521', '0941138521', '0941138521', '0941138521', '0941138521', NULL, 1),
	(246, 'KH039', 'Phan Văn Thanh 039', NULL, 1, 'Trà  Cú, Trà Vinh', '0941138522', '0941138522', '0941138522', '0941138522', '0941138522', NULL, 1),
	(247, 'KH040', 'Phan Văn Thanh 040', NULL, 0, 'Trà  Cú, Trà Vinh', '0941138523', '0941138523', '0941138523', '0941138523', '0941138523', NULL, 1),
	(248, 'KH041', 'Phan Văn Thanh 041', NULL, 1, 'Trà  Cú, Trà Vinh', '0941138524', '0941138524', '0941138524', '0941138524', '0941138524', NULL, 1),
	(249, 'KH042', 'Phan Văn Thanh 042', NULL, 0, 'Trà  Cú, Trà Vinh', '0941138525', '0941138525', '0941138525', '0941138525', '0941138525', NULL, 1),
	(250, 'KH043', 'Phan Văn Thanh 043', NULL, 1, 'Trà  Cú, Trà Vinh', '0941138526', '0941138526', '0941138526', '0941138526', '0941138526', NULL, 1),
	(251, 'KH044', 'Phan Văn Thanh 044', NULL, 0, 'Trà  Cú, Trà Vinh', '0941138527', '0941138527', '0941138527', '0941138527', '0941138527', NULL, 1),
	(252, 'KH045', 'Phan Văn Thanh 045', NULL, 1, 'Trà  Cú, Trà Vinh', '0941138528', '0941138528', '0941138528', '0941138528', '0941138528', NULL, 1),
	(253, 'KH046', 'Phan Văn Thanh 046', NULL, 0, 'Trà  Cú, Trà Vinh', '0941138529', '0941138529', '0941138529', '0941138529', '0941138529', NULL, 1),
	(254, 'KH047', 'Phan Văn Thanh 047', NULL, 1, 'Trà  Cú, Trà Vinh', '0941138530', '0941138530', '0941138530', '0941138530', '0941138530', NULL, 1),
	(255, 'KH048', 'Phan Văn Thanh 048', NULL, 0, 'Trà  Cú, Trà Vinh', '0941138531', '0941138531', '0941138531', '0941138531', '0941138531', NULL, 1),
	(256, 'KH049', 'Phan Văn Thanh 049', NULL, 1, 'Trà  Cú, Trà Vinh', '0941138532', '0941138532', '0941138532', '0941138532', '0941138532', NULL, 1),
	(257, 'KH050', 'Phan Văn Thanh 050', NULL, 0, 'Trà  Cú, Trà Vinh', '0941138533', '0941138533', '0941138533', '0941138533', '0941138533', NULL, 1),
	(258, 'KH051', 'Phan Văn Thanh 051', NULL, 1, 'Trà  Cú, Trà Vinh', '0941138534', '0941138534', '0941138534', '0941138534', '0941138534', NULL, 1),
	(259, 'KH052', 'Phan Văn Thanh 052', NULL, 0, 'Trà  Cú, Trà Vinh', '0941138535', '0941138535', '0941138535', '0941138535', '0941138535', NULL, 1),
	(260, 'KH053', 'Phan Văn Thanh 053', NULL, 1, 'Trà  Cú, Trà Vinh', '0941138536', '0941138536', '0941138536', '0941138536', '0941138536', NULL, 1),
	(261, 'KH054', 'Phan Văn Thanh 054', NULL, 0, 'Trà  Cú, Trà Vinh', '0941138537', '0941138537', '0941138537', '0941138537', '0941138537', NULL, 1),
	(262, 'KH055', 'Phan Văn Thanh 055', NULL, 1, 'Trà  Cú, Trà Vinh', '0941138538', '0941138538', '0941138538', '0941138538', '0941138538', NULL, 1),
	(263, 'KH056', 'Phan Văn Thanh 056', NULL, 0, 'Trà  Cú, Trà Vinh', '0941138539', '0941138539', '0941138539', '0941138539', '0941138539', NULL, 1),
	(264, 'KH057', 'Phan Văn Thanh 057', NULL, 1, 'Trà  Cú, Trà Vinh', '0941138540', '0941138540', '0941138540', '0941138540', '0941138540', NULL, 1),
	(265, 'KH058', 'Phan Văn Thanh 058', NULL, 0, 'Trà  Cú, Trà Vinh', '0941138541', '0941138541', '0941138541', '0941138541', '0941138541', NULL, 1),
	(266, 'KH059', 'Phan Văn Thanh 059', NULL, 1, 'Trà  Cú, Trà Vinh', '0941138542', '0941138542', '0941138542', '0941138542', '0941138542', NULL, 1),
	(267, 'KH060', 'Phan Văn Thanh 060', NULL, 0, 'Trà  Cú, Trà Vinh', '0941138543', '0941138543', '0941138543', '0941138543', '0941138543', NULL, 1),
	(268, 'KH061', 'Phan Văn Thanh 061', NULL, 1, 'Trà  Cú, Trà Vinh', '0941138544', '0941138544', '0941138544', '0941138544', '0941138544', NULL, 1),
	(269, 'KH062', 'Phan Văn Thanh 062', NULL, 0, 'Trà  Cú, Trà Vinh', '0941138545', '0941138545', '0941138545', '0941138545', '0941138545', NULL, 1),
	(270, 'KH063', 'Phan Văn Thanh 063', NULL, 1, 'Trà  Cú, Trà Vinh', '0941138546', '0941138546', '0941138546', '0941138546', '0941138546', NULL, 1),
	(271, 'KH064', 'Phan Văn Thanh 064', NULL, 0, 'Trà  Cú, Trà Vinh', '0941138547', '0941138547', '0941138547', '0941138547', '0941138547', NULL, 1),
	(272, 'KH065', 'Phan Văn Thanh 065', NULL, 1, 'Trà  Cú, Trà Vinh', '0941138548', '0941138548', '0941138548', '0941138548', '0941138548', NULL, 1),
	(273, 'KH066', 'Phan Văn Thanh 066', NULL, 0, 'Trà  Cú, Trà Vinh', '0941138549', '0941138549', '0941138549', '0941138549', '0941138549', NULL, 1),
	(274, 'KH067', 'Phan Văn Thanh 067', NULL, 1, 'Trà  Cú, Trà Vinh', '0941138550', '0941138550', '0941138550', '0941138550', '0941138550', NULL, 1),
	(275, 'KH068', 'Phan Văn Thanh 068', NULL, 0, 'Trà  Cú, Trà Vinh', '0941138551', '0941138551', '0941138551', '0941138551', '0941138551', NULL, 1),
	(276, 'KH069', 'Phan Văn Thanh 069', NULL, 1, 'Trà  Cú, Trà Vinh', '0941138552', '0941138552', '0941138552', '0941138552', '0941138552', NULL, 1),
	(277, 'KH070', 'Phan Văn Thanh 070', NULL, 0, 'Trà  Cú, Trà Vinh', '0941138553', '0941138553', '0941138553', '0941138553', '0941138553', NULL, 1),
	(278, 'KH071', 'Phan Văn Thanh 071', NULL, 1, 'Trà  Cú, Trà Vinh', '0941138554', '0941138554', '0941138554', '0941138554', '0941138554', NULL, 1),
	(279, 'KH072', 'Phan Văn Thanh 072', NULL, 0, 'Trà  Cú, Trà Vinh', '0941138555', '0941138555', '0941138555', '0941138555', '0941138555', NULL, 1),
	(280, 'KH073', 'Phan Văn Thanh 073', NULL, 1, 'Trà  Cú, Trà Vinh', '0941138556', '0941138556', '0941138556', '0941138556', '0941138556', NULL, 1),
	(281, 'KH074', 'Phan Văn Thanh 074', NULL, 0, 'Trà  Cú, Trà Vinh', '0941138557', '0941138557', '0941138557', '0941138557', '0941138557', NULL, 1),
	(282, 'KH075', 'Phan Văn Thanh 075', NULL, 1, 'Trà  Cú, Trà Vinh', '0941138558', '0941138558', '0941138558', '0941138558', '0941138558', NULL, 1),
	(283, 'KH076', 'Phan Văn Thanh 076', NULL, 0, 'Trà  Cú, Trà Vinh', '0941138559', '0941138559', '0941138559', '0941138559', '0941138559', NULL, 1),
	(284, 'KH077', 'Phan Văn Thanh 077', NULL, 1, 'Trà  Cú, Trà Vinh', '0941138560', '0941138560', '0941138560', '0941138560', '0941138560', NULL, 1),
	(285, 'KH078', 'Phan Văn Thanh 078', NULL, 0, 'Trà  Cú, Trà Vinh', '0941138561', '0941138561', '0941138561', '0941138561', '0941138561', NULL, 1),
	(286, 'KH079', 'Phan Văn Thanh 079', NULL, 1, 'Trà  Cú, Trà Vinh', '0941138562', '0941138562', '0941138562', '0941138562', '0941138562', NULL, 1),
	(287, 'KH080', 'Phan Văn Thanh 080', NULL, 0, 'Trà  Cú, Trà Vinh', '0941138563', '0941138563', '0941138563', '0941138563', '0941138563', NULL, 1),
	(288, 'KH081', 'Phan Văn Thanh 081', NULL, 1, 'Trà  Cú, Trà Vinh', '0941138564', '0941138564', '0941138564', '0941138564', '0941138564', NULL, 1),
	(289, 'KH082', 'Phan Văn Thanh 082', NULL, 0, 'Trà  Cú, Trà Vinh', '0941138565', '0941138565', '0941138565', '0941138565', '0941138565', NULL, 1),
	(290, 'KH083', 'Phan Văn Thanh 083', NULL, 1, 'Trà  Cú, Trà Vinh', '0941138566', '0941138566', '0941138566', '0941138566', '0941138566', NULL, 1),
	(291, 'KH084', 'Phan Văn Thanh 084', NULL, 0, 'Trà  Cú, Trà Vinh', '0941138567', '0941138567', '0941138567', '0941138567', '0941138567', NULL, 1),
	(292, 'KH085', 'Phan Văn Thanh 085', NULL, 1, 'Trà  Cú, Trà Vinh', '0941138568', '0941138568', '0941138568', '0941138568', '0941138568', NULL, 1),
	(293, 'KH086', 'Phan Văn Thanh 086', NULL, 0, 'Trà  Cú, Trà Vinh', '0941138569', '0941138569', '0941138569', '0941138569', '0941138569', NULL, 1),
	(294, 'KH087', 'Phan Văn Thanh 087', NULL, 1, 'Trà  Cú, Trà Vinh', '0941138570', '0941138570', '0941138570', '0941138570', '0941138570', NULL, 1),
	(295, 'KH088', 'Phan Văn Thanh 088', NULL, 0, 'Trà  Cú, Trà Vinh', '0941138571', '0941138571', '0941138571', '0941138571', '0941138571', NULL, 1),
	(296, 'KH089', 'Phan Văn Thanh 089', NULL, 1, 'Trà  Cú, Trà Vinh', '0941138572', '0941138572', '0941138572', '0941138572', '0941138572', NULL, 1),
	(297, 'KH090', 'Phan Văn Thanh 090', NULL, 0, 'Trà  Cú, Trà Vinh', '0941138573', '0941138573', '0941138573', '0941138573', '0941138573', NULL, 1),
	(298, 'KH091', 'Phan Văn Thanh 091', NULL, 1, 'Trà  Cú, Trà Vinh', '0941138574', '0941138574', '0941138574', '0941138574', '0941138574', NULL, 1),
	(299, 'KH092', 'Phan Văn Thanh 092', NULL, 0, 'Trà  Cú, Trà Vinh', '0941138575', '0941138575', '0941138575', '0941138575', '0941138575', NULL, 1),
	(300, 'KH093', 'Phan Văn Thanh 093', NULL, 1, 'Trà  Cú, Trà Vinh', '0941138576', '0941138576', '0941138576', '0941138576', '0941138576', NULL, 1),
	(301, 'KH094', 'Phan Văn Thanh 094', NULL, 0, 'Trà  Cú, Trà Vinh', '0941138577', '0941138577', '0941138577', '0941138577', '0941138577', NULL, 1),
	(302, 'KH095', 'Phan Văn Thanh 095', NULL, 1, 'Trà  Cú, Trà Vinh', '0941138578', '0941138578', '0941138578', '0941138578', '0941138578', NULL, 1),
	(303, 'KH096', 'Phan Văn Thanh 096', NULL, 0, 'Trà  Cú, Trà Vinh', '0941138579', '0941138579', '0941138579', '0941138579', '0941138579', NULL, 1),
	(304, 'KH097', 'Phan Văn Thanh 097', NULL, 1, 'Trà  Cú, Trà Vinh', '0941138580', '0941138580', '0941138580', '0941138580', '0941138580', NULL, 1),
	(305, 'KH098', 'Phan Văn Thanh 098', NULL, 0, 'Trà  Cú, Trà Vinh', '0941138581', '0941138581', '0941138581', '0941138581', '0941138581', NULL, 1),
	(306, 'KH099', 'Phan Văn Thanh 099', NULL, 1, 'Trà  Cú, Trà Vinh', '0941138582', '0941138582', '0941138582', '0941138582', '0941138582', NULL, 1),
	(307, 'KH100', 'Phan Văn Thanh 100', NULL, 0, 'Trà  Cú, Trà Vinh', '0941138583', '0941138583', '0941138583', '0941138583', '0941138583', NULL, 1),
	(308, 'KH101', 'Phan Văn Thanh 101', NULL, 1, 'Trà  Cú, Trà Vinh', '0941138584', '0941138584', '0941138584', '0941138584', '0941138584', NULL, 1),
	(309, 'KH0309', 'Phan Văn Thanh', NULL, 0, NULL, NULL, NULL, NULL, NULL, NULL, NULL, 1),
	(310, 'KH0310', NULL, NULL, 0, NULL, NULL, NULL, NULL, NULL, NULL, NULL, 1),
	(311, 'KH0311', NULL, NULL, 0, NULL, NULL, NULL, NULL, NULL, NULL, NULL, 1),
	(312, 'KH0312', 'SDFASDFAS', NULL, 0, NULL, NULL, NULL, NULL, NULL, NULL, NULL, 1),
	(313, 'KH0313', 'SDFAS', NULL, 0, NULL, NULL, NULL, NULL, NULL, NULL, NULL, 1),
	(314, 'KH0314', 'aaaaa', NULL, 0, NULL, NULL, NULL, NULL, NULL, NULL, NULL, 1);
/*!40000 ALTER TABLE `khach_hang` ENABLE KEYS */;

-- Dumping structure for table alcomputer.password_resets
CREATE TABLE IF NOT EXISTS `password_resets` (
  `email` varchar(191) COLLATE utf8mb4_unicode_ci NOT NULL,
  `token` varchar(191) COLLATE utf8mb4_unicode_ci NOT NULL,
  `created_at` timestamp NULL DEFAULT NULL,
  KEY `password_resets_email_index` (`email`)
) ENGINE=InnoDB DEFAULT CHARSET=utf8mb4 COLLATE=utf8mb4_unicode_ci;

-- Dumping data for table alcomputer.password_resets: ~0 rows (approximately)
/*!40000 ALTER TABLE `password_resets` DISABLE KEYS */;
INSERT INTO `password_resets` (`email`, `token`, `created_at`) VALUES
	('thanhpv.tvh', '$2y$10$GeJq5nbaNzdeY8UqlCnDIOIh6uSHYw5iZcRhpKuPxDrBtqBT4qAG.', '2019-06-20 02:17:07');
/*!40000 ALTER TABLE `password_resets` ENABLE KEYS */;

-- Dumping structure for table alcomputer.phieu_chi
CREATE TABLE IF NOT EXISTS `phieu_chi` (
  `id` int(11) NOT NULL AUTO_INCREMENT,
  `ma_phieu_chi` varchar(50) NOT NULL,
  `id_user` int(10) unsigned NOT NULL COMMENT 'Người tạo phiếu',
  `file` varchar(250) DEFAULT NULL,
  `noi_dung` longtext DEFAULT NULL,
  `tong_chi` float NOT NULL DEFAULT 0,
  `ghi_chu` varchar(250) DEFAULT NULL,
  `da_duyet` int(11) NOT NULL DEFAULT 0,
  `ngay_chi` datetime NOT NULL DEFAULT current_timestamp() ON UPDATE current_timestamp(),
  PRIMARY KEY (`id`),
  KEY `FK_chi_tieu_users` (`id_user`),
  CONSTRAINT `FK_chi_tieu_users` FOREIGN KEY (`id_user`) REFERENCES `users` (`id`) ON DELETE CASCADE ON UPDATE CASCADE
) ENGINE=InnoDB AUTO_INCREMENT=7 DEFAULT CHARSET=utf8;

-- Dumping data for table alcomputer.phieu_chi: ~0 rows (approximately)
/*!40000 ALTER TABLE `phieu_chi` DISABLE KEYS */;
INSERT INTO `phieu_chi` (`id`, `ma_phieu_chi`, `id_user`, `file`, `noi_dung`, `tong_chi`, `ghi_chu`, `da_duyet`, `ngay_chi`) VALUES
	(6, 'PC040421-0001', 1, NULL, 'sdfasdfa', 10000, NULL, 1, '2021-04-05 10:32:42');
/*!40000 ALTER TABLE `phieu_chi` ENABLE KEYS */;

-- Dumping structure for table alcomputer.phieu_nhap
CREATE TABLE IF NOT EXISTS `phieu_nhap` (
  `id` int(11) NOT NULL AUTO_INCREMENT,
  `id_doi_tac` int(11) DEFAULT NULL,
  `ma_phieu_nhap` varchar(50) DEFAULT NULL,
  `vat` float NOT NULL DEFAULT 0,
  `chiet_khau` float NOT NULL DEFAULT 0,
  `da_thanh_toan` float NOT NULL DEFAULT 0,
  `ngay_nhap` datetime NOT NULL DEFAULT current_timestamp(),
  `ghi_chu` varchar(250) DEFAULT NULL,
  `state` int(11) NOT NULL DEFAULT 0,
  PRIMARY KEY (`id`),
  KEY `FK_phieu_nhap_doi_tac` (`id_doi_tac`),
  CONSTRAINT `FK_phieu_nhap_doi_tac` FOREIGN KEY (`id_doi_tac`) REFERENCES `doi_tac` (`id`) ON DELETE CASCADE ON UPDATE CASCADE
) ENGINE=InnoDB AUTO_INCREMENT=366 DEFAULT CHARSET=utf8;

-- Dumping data for table alcomputer.phieu_nhap: ~11 rows (approximately)
/*!40000 ALTER TABLE `phieu_nhap` DISABLE KEYS */;
INSERT INTO `phieu_nhap` (`id`, `id_doi_tac`, `ma_phieu_nhap`, `vat`, `chiet_khau`, `da_thanh_toan`, `ngay_nhap`, `ghi_chu`, `state`) VALUES
	(355, 210, 'PN040421-0001', 0, 0, 0, '2021-04-04 06:00:33', NULL, 0),
	(356, 210, 'PN040421-0002', 0, 0, 0, '2021-04-04 06:07:41', NULL, 0),
	(357, 210, 'PN040421-0003', 0, 0, 0, '2021-04-04 06:09:16', NULL, 0),
	(358, 210, 'PN040421-0004', 0, 0, 0, '2021-04-04 06:11:58', NULL, 0),
	(359, 210, 'PN040421-0005', 0, 0, 0, '2021-04-04 06:18:52', NULL, 0),
	(360, 311, 'PN040421-0006', 0, 0, 0, '2021-04-04 07:20:38', NULL, 0),
	(361, 312, 'PN040421-0007', 0, 0, 0, '2021-04-04 07:24:37', NULL, 0),
	(362, 313, 'PN040421-0008', 0, 0, 0, '2021-04-04 07:25:40', NULL, 0),
	(363, 314, 'PN050421-0001', 0, 0, 0, '2021-04-05 14:46:46', '222fsdfa', 0),
	(364, 210, 'PN050421-0002', 0, 0, 0, '2021-04-05 14:48:31', 'Ghi chú chơi 1', 0),
	(365, 315, 'PN050421-0003', 0, 0, 0, '2021-04-05 16:13:26', 'test', 0);
/*!40000 ALTER TABLE `phieu_nhap` ENABLE KEYS */;

-- Dumping structure for table alcomputer.phieu_xuat
CREATE TABLE IF NOT EXISTS `phieu_xuat` (
  `id` int(11) NOT NULL AUTO_INCREMENT,
  `id_khach_hang` int(11) DEFAULT NULL,
  `ma_phieu_xuat` varchar(50) DEFAULT NULL,
  `vat` float NOT NULL DEFAULT 0,
  `chiet_khau` float NOT NULL DEFAULT 0,
  `da_thanh_toan` float NOT NULL DEFAULT 0,
  `ngay_xuat` datetime NOT NULL DEFAULT current_timestamp(),
  `ghi_chu` varchar(250) DEFAULT NULL,
  `state` int(11) NOT NULL DEFAULT 0,
  PRIMARY KEY (`id`),
  KEY `FK_phieu_xuat_khach_hang` (`id_khach_hang`),
  CONSTRAINT `FK_phieu_xuat_khach_hang` FOREIGN KEY (`id_khach_hang`) REFERENCES `khach_hang` (`id`) ON DELETE CASCADE ON UPDATE CASCADE
) ENGINE=InnoDB AUTO_INCREMENT=361 DEFAULT CHARSET=utf8;

-- Dumping data for table alcomputer.phieu_xuat: ~7 rows (approximately)
/*!40000 ALTER TABLE `phieu_xuat` DISABLE KEYS */;
INSERT INTO `phieu_xuat` (`id`, `id_khach_hang`, `ma_phieu_xuat`, `vat`, `chiet_khau`, `da_thanh_toan`, `ngay_xuat`, `ghi_chu`, `state`) VALUES
	(354, 208, 'PX040421-0001', 0, 0, 0, '2021-04-04 06:07:18', NULL, 0),
	(355, 208, 'PX040421-0002', 0, 0, 0, '2021-04-04 06:12:31', NULL, 0),
	(356, 208, 'PX040421-0003', 0, 0, 0, '2021-04-04 06:22:07', NULL, 0),
	(357, 309, 'PX040421-0004', 0, 0, 0, '2021-04-04 06:36:52', NULL, 0),
	(358, 310, 'PX040421-0005', 0, 0, 560000, '2021-04-04 06:37:32', NULL, 0),
	(359, 313, 'PX040421-0006', 0, 0, 560000, '2021-04-04 06:38:44', NULL, 0),
	(360, 314, 'PX050421-0001', 0, 0, 0, '2021-04-05 16:14:03', 'Ghi chú nhe', 0);
/*!40000 ALTER TABLE `phieu_xuat` ENABLE KEYS */;

-- Dumping structure for table alcomputer.san_pham
CREATE TABLE IF NOT EXISTS `san_pham` (
  `id` int(11) NOT NULL AUTO_INCREMENT,
  `id_don_vi_tinh` int(11) NOT NULL,
  `ten_san_pham` varchar(250) DEFAULT NULL,
  `ma_san_pham` varchar(50) DEFAULT NULL,
  `mo_ta_san_pham` longtext DEFAULT NULL,
  `hinh_anh` varchar(250) DEFAULT NULL,
  `gia_nhap_goi_y` float DEFAULT NULL,
  `gia_xuat_goi_y` float DEFAULT NULL,
  `state` int(11) NOT NULL DEFAULT 1,
  PRIMARY KEY (`id`),
  UNIQUE KEY `ma_san_pham` (`ma_san_pham`),
  KEY `FK_san_pham_don_vi_tinh` (`id_don_vi_tinh`),
  CONSTRAINT `FK_san_pham_don_vi_tinh` FOREIGN KEY (`id_don_vi_tinh`) REFERENCES `don_vi_tinh` (`id`) ON DELETE CASCADE ON UPDATE CASCADE
) ENGINE=InnoDB AUTO_INCREMENT=373 DEFAULT CHARSET=utf8;

-- Dumping data for table alcomputer.san_pham: ~101 rows (approximately)
/*!40000 ALTER TABLE `san_pham` DISABLE KEYS */;
INSERT INTO `san_pham` (`id`, `id_don_vi_tinh`, `ten_san_pham`, `ma_san_pham`, `mo_ta_san_pham`, `hinh_anh`, `gia_nhap_goi_y`, `gia_xuat_goi_y`, `state`) VALUES
	(272, 8, 'ADAPTER DELL 3340 - 001-002', 'SP49', NULL, 'logo_16174170050.jpg;', 280000, 280000, 1),
	(273, 8, 'ADAPTER LCD SAMSUNG 14V', 'SP108', NULL, NULL, 350000, 350000, 1),
	(274, 8, 'ASUS H61M ( CTY/3N)', 'SP20', NULL, NULL, 1700000, 1700000, 1),
	(275, 8, 'ASUS H81M (CTY/3N)', 'SP19', NULL, NULL, 1700000, 1700000, 1),
	(276, 8, 'BẠC 12A', 'SP83', NULL, NULL, 200000, 200000, 1),
	(277, 1, 'BALUN CAMERA ', 'SP56', NULL, NULL, 55000, 440000, 1),
	(278, 8, 'BÀN PHÍM LAPTOP HP 1000', 'SP188', NULL, NULL, 290000, 290000, 1),
	(279, 8, 'BAO LỤA 12A', 'SP96', NULL, NULL, 200000, 200000, 1),
	(280, 8, 'BOSTION G7 USB', 'SP12', NULL, NULL, 200000, 1000000, 1),
	(281, 8, 'CÀI ĐẶT LẠI PHẦN MỀM', 'SP111', NULL, NULL, 100000, 100000, 1),
	(282, 8, 'CAMERA HÀNH TRÌNH ỐP GƯƠNG CẢM ỨNG 9 INCH', 'SP60', NULL, NULL, 2950000, 8850000, 1),
	(283, 8, 'CAMERA KB VISION KN-2011WN', 'SP40', NULL, NULL, 1680000, 3360000, 1),
	(284, 8, 'CAMERA KB VISION KN-H21W', 'SP37', NULL, NULL, 1150000, 3450000, 1),
	(285, 8, 'CAMERA KB VISION KX-A2012S4', 'SP126', NULL, NULL, 360000, 720000, 1),
	(286, 8, 'CAMERA KB VISION KX-A2111N2', 'SP48', NULL, NULL, 699000, 1398000, 1),
	(287, 8, 'CAMERA KB VISION KX-C2003C4', 'SP42', NULL, NULL, 695000, 3475000, 1),
	(288, 8, 'CAMERA KB VISION KX-C2003N3-B', 'SP47', NULL, NULL, 1300000, 1300000, 1),
	(289, 8, 'CAMERA KB VISION KX-C2011SN3', 'SP41', NULL, NULL, 1942000, 15536000, 1),
	(290, 8, 'CAMERA KB VISION KX-C2012C4', 'SP43', NULL, NULL, 690000, 4830000, 1),
	(291, 8, 'CAMERA KB VISION KX-C2121S4', 'SP32', NULL, NULL, 440000, 2200000, 1),
	(292, 8, 'CAMERA KB VISION KX-C2K11C', 'SP31', NULL, NULL, 595000, 595000, 1),
	(293, 8, 'CAMERA KB VISION KX-CF2203L-A', 'SP34', NULL, NULL, 1605000, 25680000, 1),
	(294, 8, 'CAMERA KN-H20W', 'SP38', NULL, NULL, 1100000, 3300000, 1),
	(295, 8, 'CAMERA KN-H21PW', 'SP39', NULL, NULL, 1390000, 5560000, 1),
	(296, 8, 'CANERA KB VISION KX-2011C4', 'SP125', NULL, NULL, 360000, 720000, 1),
	(297, 8, 'CANERA KB VISION KX-CF2204S-4', 'SP36', NULL, NULL, 1180000, 1180000, 1),
	(298, 16, 'CÁP ĐIỆN THOẠI', 'SP54', NULL, NULL, 1090000, 1090000, 1),
	(299, 15, 'CÁP MẠNG KBVISION ĐỒNG NGYÊN CHẤT', 'SP55', NULL, NULL, 10000, 650000, 1),
	(300, 15, 'CÁP VIỄN THÔNG CUỘN 500M', 'SP205', NULL, NULL, 3000, 168000, 1),
	(301, 8, 'CHUỘT EBLUE EMS816B', 'SP158', NULL, NULL, 120000, 120000, 1),
	(302, 8, 'CHUYỂN MẠCH ĐỂ BÀN 8 CỔNG, HIỆU MERCUSYS MS108G', 'SP68', NULL, NULL, 379000, 379000, 1),
	(303, 8, 'CPU G2030', 'SP169', NULL, NULL, 430000, 430000, 1),
	(304, 8, 'ĐẦU GHI KB VISION KX-7104 SD6', 'SP29', NULL, NULL, 820000, 820000, 1),
	(305, 8, 'ĐẦU GHI KB VISION KX-7108 SD6', 'SP27', NULL, NULL, 1180000, 3540000, 1),
	(306, 8, 'ĐẦU GHI KB VISION KX-C4K8108SN2', 'SP28', NULL, NULL, 2500000, 2500000, 1),
	(307, 8, 'ĐẦU GHI KB VISION KX-D8104H1', 'SP30', NULL, NULL, 1490000, 1490000, 1),
	(308, 8, 'ĐẦU GHI KB VISION KX-D8108H1', 'SP26', NULL, NULL, 1920000, 3840000, 1),
	(309, 8, 'ĐẦU MẠNG RJ45', 'SP116', NULL, NULL, 5000, 25000, 1),
	(310, 8, 'DÂY CÁP BOX', 'SP100', NULL, NULL, 50000, 50000, 1),
	(311, 8, 'DELL KB216 USB (CH)', 'SP10', NULL, NULL, 350000, 700000, 1),
	(312, 8, 'DRUM 12A', 'SP88', NULL, NULL, 110000, 110000, 1),
	(313, 18, 'GIGA G41/RAM3 (CTY/3N)', 'SP21', NULL, NULL, 1430000, 1430000, 1),
	(314, 8, 'GIGA H61M-DS2/3.0 (CTY/3N)', 'SP25', NULL, NULL, 1700000, 1700000, 1),
	(315, 8, 'HDD 2TB WD CTY 2N', 'SP52', NULL, NULL, 1190000, 1190000, 1),
	(316, 8, 'HDD 500G WD TÍM CTY', 'SP175', NULL, NULL, 500000, 500000, 1),
	(317, 8, 'HỘP KỸ THUẬT', 'SP131', NULL, NULL, 30000, 90000, 1),
	(318, 8, 'Hộp mực (Cartridge) SAPIDO model:2612A/fx09/fx10', 'SP77', NULL, NULL, 275000, 275000, 1),
	(319, 8, 'KAS ANTI 1PC', 'SP07', NULL, NULL, 165000, 330000, 1),
	(320, 8, 'KAS ANTI 3PC', 'SP06', NULL, NULL, 350000, 350000, 1),
	(321, 8, 'KASPERSKY ANTI-VIRUS 1PC', 'SP197', NULL, NULL, 200000, 200000, 1),
	(322, 8, 'KEY GIẤY TRÊN CANON 2900', 'SP97', NULL, NULL, 150000, 150000, 1),
	(323, 8, 'KEYBORD DELL 3567', 'SP50', NULL, NULL, 400000, 400000, 1),
	(324, 8, 'KG DÂY BOSTION Q6,Q8', 'SP09', NULL, NULL, 165000, 330000, 1),
	(325, 8, 'KIỂM TRA HỆ THỐNG CAMERA VÀ LẮP ĐẶT', 'SP117', NULL, NULL, 200000, 200000, 1),
	(326, 8, 'KINGTON 240GB A400 (CH)', 'SP23', NULL, NULL, 1180000, 2360000, 1),
	(327, 14, 'LẮP DẶT SỬA CHỮA HỆ THỐNG ĐIỆN ', 'SP176', NULL, NULL, 335000, 335000, 1),
	(328, 8, 'LCD DELL 18.5" 1916HV-CH', 'SP01', NULL, NULL, 1980000, 7920000, 1),
	(329, 8, 'LEXAR 128G 2.5" NS100', 'SP17', NULL, NULL, 700000, 2800000, 1),
	(330, 8, 'LEXAR 256G 2.5" NS100', 'SP24', NULL, NULL, 1180000, 3540000, 1),
	(331, 8, 'LỖI CỔNG HDMI', 'SP81', NULL, NULL, 300000, 300000, 1),
	(332, 8, 'MAIN GIGA H61', 'SP168', NULL, NULL, 1585000, 1585000, 1),
	(333, 8, 'MÀN HÌNH LAPTOP ', 'SP79', NULL, NULL, 850000, 850000, 1),
	(334, 8, 'MIẾNG LÓT CHUỘT ( LOẠI TỐT)', 'SP142', NULL, NULL, 50000, 50000, 1),
	(335, 8, 'MOUSE DELL MS116 USB (CH)', 'SP08', NULL, NULL, 145000, 580000, 1),
	(336, 10, 'MỰC NẠP BỘT KH 004-02', 'SP85', NULL, NULL, 100000, 100000, 1),
	(337, 8, 'NẠP MỰC ', 'SP179', NULL, NULL, 70000, 70000, 1),
	(338, 8, 'NGUỒN CAMERA ', 'SP51', NULL, NULL, 60000, 480000, 1),
	(339, 8, 'NGUỒN CAMERA 12V/24V - 5V 5A', 'SP61', NULL, NULL, 250000, 750000, 1),
	(340, 8, 'Ổ CỨNG CHUYÊN DÙNG CAMERA WD 1TB', 'SP128', NULL, NULL, 600000, 600000, 1),
	(341, 8, 'Ổ CỨNG SSD E-C100/128GB', 'SP166', NULL, NULL, 950000, 950000, 1),
	(342, 8, 'Ổ CỨNG SSD NETTAC 120G', 'SP156', NULL, NULL, 800000, 800000, 1),
	(343, 8, 'Ổ ĐIỆN ', 'SP146', NULL, NULL, 165000, 165000, 1),
	(344, 8, 'PHẦN CỨNG LAPTOP', 'SP114', NULL, NULL, 605000, 605000, 1),
	(345, 8, 'PHÁT WIFI TP-LINK 841', 'SP157', NULL, NULL, 500000, 500000, 1),
	(346, 8, 'PHÍM ASUS-', 'SP72', NULL, NULL, 350000, 350000, 1),
	(347, 8, 'PHÍM ASUS-2', 'SP80', NULL, NULL, 380000, 380000, 1),
	(348, 8, 'PHÍM TOSHIBA SATELLITE C55D-A5107', 'SP71', NULL, NULL, 350000, 350000, 1),
	(349, 8, 'PREMIUM 12A ', 'SP67', NULL, NULL, 275000, 275000, 1),
	(350, 8, 'PREMIUM 35/85A', 'SP143', NULL, NULL, 275000, 275000, 1),
	(351, 8, 'QUẢ ĐÀO 12A', 'SP98', NULL, NULL, 90000, 90000, 1),
	(352, 8, 'RAM 3 PC 4GB', 'SP82', NULL, NULL, 450000, 450000, 1),
	(353, 8, 'ROUTER MERCUSYS MW330HP', 'SP113', NULL, NULL, 650000, 650000, 1),
	(354, 8, 'ROUTER WIFI FB-LINK CPE-V01', 'SP57', NULL, NULL, 1290000, 1290000, 1),
	(355, 8, 'RULO 12A', 'SP185', NULL, NULL, 250000, 250000, 1),
	(356, 8, 'SEA 1TB CAMERA/SKYHAWER (2N/CTY)', 'SP14', NULL, NULL, 850000, 850000, 1),
	(357, 8, 'SEA 1TB CAMERA/SKYHAWER (CH)', 'SP02', NULL, NULL, 1500000, 1500000, 1),
	(358, 8, 'SEA 2TB CAMERA/SKYHAWK (CH)', 'SP05', NULL, NULL, 1510000, 3020000, 1),
	(359, 8, 'SEA 500GB SKYHAWER (2N/CTY)', 'SP13', NULL, NULL, 495000, 2475000, 1),
	(360, 8, 'SP COOLER 300W (CST)', 'SP18', NULL, NULL, 350000, 700000, 1),
	(361, 8, 'SSD ADATA 120G SU650', 'SP15', NULL, NULL, 700000, 2100000, 1),
	(362, 8, 'SSD ADATA 240G SU650', 'SP16', NULL, NULL, 1100000, 2200000, 1),
	(363, 8, 'SỬA LAPTOP DELL 7440', 'SP102', NULL, NULL, 570000, 570000, 1),
	(364, 8, 'SỬA LAPTOP MẤT ÂM THANH', 'SP110', NULL, NULL, 130000, 130000, 1),
	(365, 8, 'SỬA MÁY IN CANON 2900 KẸT GIẤY', 'SP109', NULL, NULL, 150000, 150000, 1),
	(366, 8, 'SỬA MÁY IN CANON 3300', 'SP204', NULL, NULL, 100000, 100000, 1),
	(367, 8, 'SỬA MÁY VI TÍNH ĐỂ BÀN', 'SP99', NULL, NULL, 100000, 100000, 1),
	(368, 8, 'THẺ NHỚ 32G', 'SP44', NULL, NULL, 80000, 800000, 1),
	(369, 8, 'THẺ NHỚ 64G', 'SP45', NULL, NULL, 150000, 300000, 1),
	(370, 8, 'THẺ NHỚ NETAC 64G', 'SP62', NULL, NULL, 150000, 450000, 1),
	(371, 8, 'UPS CYBER POWER 600VA', 'SP03', NULL, NULL, 1090000, 2180000, 1),
	(372, 8, 'VSP H61-LW', 'SP22', NULL, NULL, 1485000, 1485000, 1);
/*!40000 ALTER TABLE `san_pham` ENABLE KEYS */;

-- Dumping structure for table alcomputer.users
CREATE TABLE IF NOT EXISTS `users` (
  `id` int(10) unsigned NOT NULL AUTO_INCREMENT,
  `role_id` int(10) unsigned DEFAULT NULL,
  `name` varchar(191) COLLATE utf8mb4_unicode_ci NOT NULL,
  `email` varchar(191) COLLATE utf8mb4_unicode_ci NOT NULL,
  `password` varchar(191) COLLATE utf8mb4_unicode_ci NOT NULL,
  `hinh_anh` varchar(250) COLLATE utf8mb4_unicode_ci NOT NULL DEFAULT '/user.png',
  `remember_token` varchar(100) COLLATE utf8mb4_unicode_ci DEFAULT NULL,
  `created_at` timestamp NOT NULL DEFAULT current_timestamp(),
  `updated_at` timestamp NOT NULL DEFAULT current_timestamp() ON UPDATE current_timestamp(),
  `di_dong` varchar(250) COLLATE utf8mb4_unicode_ci DEFAULT NULL,
  `state` int(11) NOT NULL DEFAULT 1,
  PRIMARY KEY (`id`),
  UNIQUE KEY `users_email_unique` (`email`),
  KEY `FK_users_admin_role` (`role_id`),
  CONSTRAINT `FK_users_admin_role` FOREIGN KEY (`role_id`) REFERENCES `admin_role` (`id`) ON DELETE SET NULL ON UPDATE CASCADE
) ENGINE=InnoDB AUTO_INCREMENT=10 DEFAULT CHARSET=utf8mb4 COLLATE=utf8mb4_unicode_ci;

-- Dumping data for table alcomputer.users: ~3 rows (approximately)
/*!40000 ALTER TABLE `users` DISABLE KEYS */;
INSERT INTO `users` (`id`, `role_id`, `name`, `email`, `password`, `hinh_anh`, `remember_token`, `created_at`, `updated_at`, `di_dong`, `state`) VALUES
	(1, 1, 'Quản trị hệ thống', 'admin', '$2y$10$VZI0siYq7lRPvqt8e.QbXOWDBelj91YwJoLsEKx4GxbWH5XQb87xO', 'al_16156462990.jpg;', 'pwD5JrezmXhWFBbYOmtYyGU0LnzXIREQ9X6IeTxihSWV5V3N6nEOH9bvptHA', '2021-03-12 20:57:11', '2021-04-05 10:29:16', '0941138484', 1),
	(2, 10, 'Giám đốc. Thạch Thất Tùng', 'thachthattung', '$2y$10$GrxytSfk/vWSl.inRWtfq.HNZ2rk6afvyPmjV6FT1li2m5ikaOpZu', 'al_16156466170.jpg;', NULL, '2021-03-13 21:43:37', '2021-04-02 20:21:58', '0941946464', 1),
	(3, 9, 'Nhân viên', 'nhanvien', '$2y$10$GI0MnyNj0yytX2lJCa0/MecdopxaogmgkVN2odxH2OvxTSupEBKS6', 'al_16156462990.jpg;', NULL, '2021-03-13 10:24:50', '2021-04-02 20:22:01', '0941138484', 1);
/*!40000 ALTER TABLE `users` ENABLE KEYS */;

-- Dumping structure for table alcomputer.user_background_color
CREATE TABLE IF NOT EXISTS `user_background_color` (
  `id` int(11) DEFAULT NULL,
  `id_user` int(11) DEFAULT NULL,
  `menu` varchar(50) DEFAULT NULL,
  `slider` varchar(50) DEFAULT NULL
) ENGINE=InnoDB DEFAULT CHARSET=utf8;

-- Dumping data for table alcomputer.user_background_color: ~0 rows (approximately)
/*!40000 ALTER TABLE `user_background_color` DISABLE KEYS */;
INSERT INTO `user_background_color` (`id`, `id_user`, `menu`, `slider`) VALUES
	(1, 1, 'light', 'warning');
/*!40000 ALTER TABLE `user_background_color` ENABLE KEYS */;

/*!40101 SET SQL_MODE=IFNULL(@OLD_SQL_MODE, '') */;
/*!40014 SET FOREIGN_KEY_CHECKS=IF(@OLD_FOREIGN_KEY_CHECKS IS NULL, 1, @OLD_FOREIGN_KEY_CHECKS) */;
/*!40101 SET CHARACTER_SET_CLIENT=@OLD_CHARACTER_SET_CLIENT */;
