-- --------------------------------------------------------
-- Host:                         127.0.0.1
-- Server version:               10.4.18-MariaDB - mariadb.org binary distribution
-- Server OS:                    Win64
-- HeidiSQL Version:             11.2.0.6213
-- --------------------------------------------------------

/*!40101 SET @OLD_CHARACTER_SET_CLIENT=@@CHARACTER_SET_CLIENT */;
/*!40101 SET NAMES utf8 */;
/*!50503 SET NAMES utf8mb4 */;
/*!40014 SET @OLD_FOREIGN_KEY_CHECKS=@@FOREIGN_KEY_CHECKS, FOREIGN_KEY_CHECKS=0 */;
/*!40101 SET @OLD_SQL_MODE=@@SQL_MODE, SQL_MODE='NO_AUTO_VALUE_ON_ZERO' */;
/*!40111 SET @OLD_SQL_NOTES=@@SQL_NOTES, SQL_NOTES=0 */;


-- Dumping database structure for alcomputer
CREATE DATABASE IF NOT EXISTS `alcomputer` /*!40100 DEFAULT CHARACTER SET utf8 */;
USE `alcomputer`;

-- Dumping structure for table alcomputer.admin_resource
CREATE TABLE IF NOT EXISTS `admin_resource` (
  `id` int(10) unsigned NOT NULL AUTO_INCREMENT,
  `ten_hien_thi` varchar(191) COLLATE utf8mb4_unicode_ci DEFAULT NULL,
  `resource` varchar(191) COLLATE utf8mb4_unicode_ci DEFAULT NULL,
  `method` varchar(191) COLLATE utf8mb4_unicode_ci DEFAULT NULL,
  `action` varchar(191) COLLATE utf8mb4_unicode_ci DEFAULT NULL,
  `parameter` varchar(191) COLLATE utf8mb4_unicode_ci DEFAULT NULL,
  `parameter_value` varchar(191) COLLATE utf8mb4_unicode_ci DEFAULT NULL,
  `parent_id` int(10) unsigned DEFAULT NULL,
  `created_at` datetime NOT NULL DEFAULT current_timestamp(),
  `updated_at` datetime NOT NULL DEFAULT current_timestamp() ON UPDATE current_timestamp(),
  `uri` varchar(250) COLLATE utf8mb4_unicode_ci DEFAULT NULL,
  `status` int(11) DEFAULT 1,
  `show_menu` int(11) DEFAULT NULL,
  `order` int(11) DEFAULT NULL,
  `icon` varchar(250) COLLATE utf8mb4_unicode_ci DEFAULT NULL,
  PRIMARY KEY (`id`),
  KEY `admin_resource_parent_foreign` (`parent_id`),
  CONSTRAINT `admin_resource_parent_foreign` FOREIGN KEY (`parent_id`) REFERENCES `admin_resource` (`id`) ON DELETE CASCADE ON UPDATE CASCADE
) ENGINE=InnoDB AUTO_INCREMENT=1015 DEFAULT CHARSET=utf8mb4 COLLATE=utf8mb4_unicode_ci;

-- Dumping data for table alcomputer.admin_resource: ~120 rows (approximately)
/*!40000 ALTER TABLE `admin_resource` DISABLE KEYS */;
INSERT INTO `admin_resource` (`id`, `ten_hien_thi`, `resource`, `method`, `action`, `parameter`, `parameter_value`, `parent_id`, `created_at`, `updated_at`, `uri`, `status`, `show_menu`, `order`, `icon`) VALUES
	(1, '#', '#', '#', '#', '#', '#', NULL, '2021-03-12 16:43:45', '2021-03-12 16:46:12', '#', 1, 1, 0, NULL),
	(872, 'Đăng nhập', 'GET | App\\Http\\Controllers\\Auth\\LoginController@showLoginForm', 'GET', 'App\\Http\\Controllers\\Auth\\LoginController@showLoginForm', '', '', 1, '2021-03-12 16:43:45', '2021-04-11 19:20:59', 'login', 1, 1, 1000, '<i class="fa fa-lock menu-icon"></i>'),
	(873, 'Nút đăng nhập', 'POST | App\\Http\\Controllers\\Auth\\LoginController@login', 'POST', 'App\\Http\\Controllers\\Auth\\LoginController@login', '', '', 872, '2021-03-12 16:43:45', '2021-04-11 19:20:59', 'login', 1, 2, 1000, NULL),
	(874, 'Đăng xuất', 'POST | App\\Http\\Controllers\\Auth\\LoginController@logout', 'POST', 'App\\Http\\Controllers\\Auth\\LoginController@logout', '', '', 1, '2021-03-12 16:43:45', '2021-04-11 19:20:59', 'logout', 1, 2, 1000, '<i class="fa fa-unlock menu-icon"></i>'),
	(875, 'Đăng ký', 'GET | App\\Http\\Controllers\\Auth\\RegisterController@showRegistrationForm', 'GET', 'App\\Http\\Controllers\\Auth\\RegisterController@showRegistrationForm', '', '', 1, '2021-03-12 16:43:45', '2021-04-11 19:20:59', 'register', 1, 1, 1000, '<i class="fa fa-vcard-o menu-icon"></i>'),
	(876, 'Nút đăng ký', 'POST | App\\Http\\Controllers\\Auth\\RegisterController@register', 'POST', 'App\\Http\\Controllers\\Auth\\RegisterController@register', '', '', 875, '2021-03-12 16:43:45', '2021-04-11 19:20:59', 'register', 1, 2, 1000, NULL),
	(877, 'Reset mật khẩu', 'GET | App\\Http\\Controllers\\Auth\\ForgotPasswordController@showLinkRequestForm', 'GET', 'App\\Http\\Controllers\\Auth\\ForgotPasswordController@showLinkRequestForm', '', '', 1, '2021-03-12 16:43:45', '2021-04-11 19:20:59', 'password/reset', 1, 1, 1000, '<i class="fa fa-refresh menu-icon"></i>'),
	(878, 'password/email', 'POST | App\\Http\\Controllers\\Auth\\ForgotPasswordController@sendResetLinkEmail', 'POST', 'App\\Http\\Controllers\\Auth\\ForgotPasswordController@sendResetLinkEmail', '', '', 877, '2021-03-12 16:43:45', '2021-04-11 19:20:59', 'password/email', 1, 2, 1000, NULL),
	(879, 'password/reset/{token}', 'GET | App\\Http\\Controllers\\Auth\\ResetPasswordController@showResetForm', 'GET', 'App\\Http\\Controllers\\Auth\\ResetPasswordController@showResetForm', '', '', 877, '2021-03-12 16:43:45', '2021-04-11 19:20:59', 'password/reset/{token}', 1, 1, 1000, NULL),
	(880, 'password/reset', 'POST | App\\Http\\Controllers\\Auth\\ResetPasswordController@reset', 'POST', 'App\\Http\\Controllers\\Auth\\ResetPasswordController@reset', '', '', 877, '2021-03-12 16:43:45', '2021-04-11 19:20:59', 'password/reset', 1, 2, 1000, NULL),
	(881, 'password/confirm', 'GET | App\\Http\\Controllers\\Auth\\ConfirmPasswordController@showConfirmForm', 'GET', 'App\\Http\\Controllers\\Auth\\ConfirmPasswordController@showConfirmForm', '', '', 877, '2021-03-12 16:43:45', '2021-04-11 19:20:59', 'password/confirm', 1, 1, 1000, NULL),
	(882, 'password/confirm', 'POST | App\\Http\\Controllers\\Auth\\ConfirmPasswordController@confirm', 'POST', 'App\\Http\\Controllers\\Auth\\ConfirmPasswordController@confirm', '', '', 877, '2021-03-12 16:43:45', '2021-04-11 19:20:59', 'password/confirm', 1, 2, 1000, NULL),
	(883, 'Danh mục phường xã', 'GET | App\\Modules\\DmPhuongXa\\Controllers\\DmPhuongXaController@dmPhuongXa', 'GET', 'App\\Modules\\DmPhuongXa\\Controllers\\DmPhuongXaController@dmPhuongXa', '', '', 1, '2021-03-12 16:43:45', '2021-04-11 19:20:59', 'dm-phuong-xa', 1, 1, 18, '<i class="menu-icon icon-location-pin"></i>'),
	(884, 'Import danh mục phường xã', 'POST | App\\Modules\\DmPhuongXa\\Controllers\\DmPhuongXaController@dmPhuongXaAndImport', 'POST', 'App\\Modules\\DmPhuongXa\\Controllers\\DmPhuongXaController@dmPhuongXaAndImport', '', '', 883, '2021-03-12 16:43:45', '2021-04-11 19:20:59', 'dm-phuong-xa/import', 1, 2, 1000, NULL),
	(885, 'Danh mục quận huyện', 'GET | App\\Modules\\DmQuanHuyen\\Controllers\\DmQuanHuyenController@dmQuanHuyen', 'GET', 'App\\Modules\\DmQuanHuyen\\Controllers\\DmQuanHuyenController@dmQuanHuyen', '', '', 1, '2021-03-12 16:43:45', '2021-04-11 19:20:59', 'dm-quan-huyen', 1, 1, 17, '<i class="menu-icon icon-location-pin"></i>'),
	(886, 'Import danh mục quận/huyện', 'POST | App\\Modules\\DmQuanHuyen\\Controllers\\DmQuanHuyenController@dmQuanHuyenAndImport', 'POST', 'App\\Modules\\DmQuanHuyen\\Controllers\\DmQuanHuyenController@dmQuanHuyenAndImport', '', '', 885, '2021-03-12 16:43:45', '2021-04-11 19:20:59', 'dm-quan-huyen/import', 1, 2, 1000, NULL),
	(887, 'Đơn vị', 'GET | App\\Modules\\DonVi\\Controllers\\DonViController@donVi', 'GET', 'App\\Modules\\DonVi\\Controllers\\DonViController@donVi', '', '', 1, '2021-03-12 16:43:45', '2021-04-11 19:20:59', 'don-vi', 1, 1, 14, '<i class="fa fa-university menu-icon"></i>'),
	(888, 'Xem danh sách đơn vị', 'POST | App\\Modules\\DonVi\\Controllers\\DonViController@danhSachDonVi', 'POST', 'App\\Modules\\DonVi\\Controllers\\DonViController@danhSachDonVi', '', '', 887, '2021-03-12 16:43:45', '2021-04-11 19:20:59', 'danh-sach-don-vi', 1, 2, 1000, NULL),
	(889, 'Thêm đơn vị', 'POST | App\\Modules\\DonVi\\Controllers\\DonViController@themDonVi', 'POST', 'App\\Modules\\DonVi\\Controllers\\DonViController@themDonVi', '', '', 887, '2021-03-12 16:43:45', '2021-04-11 19:20:59', 'them-don-vi', 1, 2, 1000, NULL),
	(890, 'Load thông tin đơn vị', 'POST | App\\Modules\\DonVi\\Controllers\\DonViController@donViSingle', 'POST', 'App\\Modules\\DonVi\\Controllers\\DonViController@donViSingle', '', '', 887, '2021-03-12 16:43:45', '2021-04-11 19:20:59', 'don-vi-single', 1, 2, 1000, NULL),
	(891, 'Cập nhật đơn vị', 'POST | App\\Modules\\DonVi\\Controllers\\DonViController@capNhatDonVi', 'POST', 'App\\Modules\\DonVi\\Controllers\\DonViController@capNhatDonVi', '', '', 887, '2021-03-12 16:43:45', '2021-04-11 19:20:59', 'cap-nhat-don-vi', 1, 2, 1000, NULL),
	(892, 'Xóa đơn vị', 'POST | App\\Modules\\DonVi\\Controllers\\DonViController@xoaDonVi', 'POST', 'App\\Modules\\DonVi\\Controllers\\DonViController@xoaDonVi', '', '', 887, '2021-03-12 16:43:45', '2021-04-11 19:20:59', 'xoa-don-vi', 1, 2, 1000, NULL),
	(893, 'Nhóm quyền', 'GET | App\\Modules\\NhomQuyen\\Controllers\\NhomQuyenController@nhomQuyen', 'GET', 'App\\Modules\\NhomQuyen\\Controllers\\NhomQuyenController@nhomQuyen', '', '', 1, '2021-03-12 16:43:45', '2021-04-11 19:20:59', 'nhom-quyen', 1, 1, 11, '<i class="fa fa-database menu-icon"></i>'),
	(894, 'Xem danh sách nhóm quyền', 'POST | App\\Modules\\NhomQuyen\\Controllers\\NhomQuyenController@danhSachNhomQuyen', 'POST', 'App\\Modules\\NhomQuyen\\Controllers\\NhomQuyenController@danhSachNhomQuyen', '', '', 893, '2021-03-12 16:43:45', '2021-04-11 19:20:59', 'danh-sach-nhom-quyen', 1, 2, 1000, NULL),
	(895, 'Thêm nhóm quyền', 'POST | App\\Modules\\NhomQuyen\\Controllers\\NhomQuyenController@themNhomQuyen', 'POST', 'App\\Modules\\NhomQuyen\\Controllers\\NhomQuyenController@themNhomQuyen', '', '', 893, '2021-03-12 16:43:45', '2021-04-11 19:20:59', 'them-nhom-quyen', 1, 2, 1000, NULL),
	(896, 'Load thông tin nhóm quyền', 'POST | App\\Modules\\NhomQuyen\\Controllers\\NhomQuyenController@nhomQuyenSingle', 'POST', 'App\\Modules\\NhomQuyen\\Controllers\\NhomQuyenController@nhomQuyenSingle', '', '', 893, '2021-03-12 16:43:45', '2021-04-11 19:20:59', 'nhom-quyen-single', 1, 2, 1000, NULL),
	(897, 'Cập nhật nhóm quyền', 'POST | App\\Modules\\NhomQuyen\\Controllers\\NhomQuyenController@capNhatNhomQuyen', 'POST', 'App\\Modules\\NhomQuyen\\Controllers\\NhomQuyenController@capNhatNhomQuyen', '', '', 893, '2021-03-12 16:43:45', '2021-04-11 19:20:59', 'cap-nhat-nhom-quyen', 1, 2, 1000, NULL),
	(898, 'Xóa nhóm quyền', 'POST | App\\Modules\\NhomQuyen\\Controllers\\NhomQuyenController@xoaNhomQuyen', 'POST', 'App\\Modules\\NhomQuyen\\Controllers\\NhomQuyenController@xoaNhomQuyen', '', '', 893, '2021-03-12 16:43:45', '2021-04-11 19:20:59', 'xoa-nhom-quyen', 1, 2, 1000, NULL),
	(899, 'Phân quyền', 'GET | App\\Modules\\PhanQuyen\\Controllers\\PhanQuyenController@phanQuyen', 'GET', 'App\\Modules\\PhanQuyen\\Controllers\\PhanQuyenController@phanQuyen', '', '', 1, '2021-03-12 16:43:45', '2021-04-11 19:20:59', 'phan-quyen', 1, 1, 12, '<i class="fa fa-cogs menu-icon"></i>'),
	(900, 'Lưu thông tin quyền', 'POST | App\\Modules\\PhanQuyen\\Controllers\\PhanQuyenController@phanQuyenPost', 'POST', 'App\\Modules\\PhanQuyen\\Controllers\\PhanQuyenController@phanQuyenPost', '', '', 899, '2021-03-12 16:43:45', '2021-04-11 19:20:59', 'phan-quyen-post', 1, 2, 1000, NULL),
	(901, 'Load danh sách nhóm quyền', 'POST | App\\Modules\\PhanQuyen\\Controllers\\PhanQuyenController@phanQuyenDanhSachNhomQuyen', 'POST', 'App\\Modules\\PhanQuyen\\Controllers\\PhanQuyenController@phanQuyenDanhSachNhomQuyen', '', '', 899, '2021-03-12 16:43:45', '2021-04-11 19:20:59', 'phan-quyen/danh-sach-nhom-quyen', 1, 2, 1000, NULL),
	(902, 'Load danh sách quyền', 'POST | App\\Modules\\PhanQuyen\\Controllers\\PhanQuyenController@phanQuyenDanhSachQuyenTheoNhomQuyenId', 'POST', 'App\\Modules\\PhanQuyen\\Controllers\\PhanQuyenController@phanQuyenDanhSachQuyenTheoNhomQuyenId', '', '', 899, '2021-03-12 16:43:45', '2021-04-11 19:20:59', 'phan-quyen/danh-sach-quyen-theo-nhom-quyen-id', 1, 2, 1000, NULL),
	(903, 'Danh mục chức năng', 'GET | App\\Modules\\TaiNguyen\\Controllers\\TaiNguyenController@taiNguyen', 'GET', 'App\\Modules\\TaiNguyen\\Controllers\\TaiNguyenController@taiNguyen', '', '', 1, '2021-03-12 16:43:45', '2021-04-11 19:20:59', 'tai-nguyen', 1, 1, 13, '<i class="menu-icon icon-list"></i>'),
	(904, 'Xem danh sách tài nguyên', 'POST | App\\Modules\\TaiNguyen\\Controllers\\TaiNguyenController@danhSachTaiNguyen', 'POST', 'App\\Modules\\TaiNguyen\\Controllers\\TaiNguyenController@danhSachTaiNguyen', '', '', 903, '2021-03-12 16:43:45', '2021-04-11 19:20:59', 'danh-sach-tai-nguyen', 1, 2, 1000, NULL),
	(905, 'Quét tài nguyên hệ thống', 'POST | App\\Modules\\TaiNguyen\\Controllers\\TaiNguyenController@quetTaiNguyen', 'POST', 'App\\Modules\\TaiNguyen\\Controllers\\TaiNguyenController@quetTaiNguyen', '', '', 903, '2021-03-12 16:43:45', '2021-04-11 19:20:59', 'quet-tai-nguyen', 1, 2, 1000, NULL),
	(906, 'Thêm tài nguyên', 'POST | App\\Modules\\TaiNguyen\\Controllers\\TaiNguyenController@themTaiNguyen', 'POST', 'App\\Modules\\TaiNguyen\\Controllers\\TaiNguyenController@themTaiNguyen', '', '', 903, '2021-03-12 16:43:45', '2021-04-11 19:20:59', 'them-tai-nguyen', 1, 2, 1000, NULL),
	(907, 'Load thông tin tài nguyên', 'POST | App\\Modules\\TaiNguyen\\Controllers\\TaiNguyenController@taiNguyenSingle', 'POST', 'App\\Modules\\TaiNguyen\\Controllers\\TaiNguyenController@taiNguyenSingle', '', '', 903, '2021-03-12 16:43:45', '2021-04-11 19:20:59', 'tai-nguyen-single', 1, 2, 1000, NULL),
	(908, 'Cập nhật tài nguyên', 'POST | App\\Modules\\TaiNguyen\\Controllers\\TaiNguyenController@capNhatTaiNguyen', 'POST', 'App\\Modules\\TaiNguyen\\Controllers\\TaiNguyenController@capNhatTaiNguyen', '', '', 903, '2021-03-12 16:43:45', '2021-04-11 19:20:59', 'cap-nhat-tai-nguyen', 1, 2, 1000, NULL),
	(909, 'Xóa tài nguyên', 'POST | App\\Modules\\TaiNguyen\\Controllers\\TaiNguyenController@xoaTaiNguyen', 'POST', 'App\\Modules\\TaiNguyen\\Controllers\\TaiNguyenController@xoaTaiNguyen', '', '', 903, '2021-03-12 16:43:45', '2021-04-11 19:20:59', 'xoa-tai-nguyen', 1, 2, 1000, NULL),
	(910, 'Trang chủ', 'GET | App\\Modules\\TrangChu\\Controllers\\TrangChuController@home', 'GET', 'App\\Modules\\TrangChu\\Controllers\\TrangChuController@home', '', '', 1, '2021-03-12 16:43:45', '2021-04-11 19:20:59', '/', 1, 1, 1, '<i class="fa fa-home menu-icon"></i>'),
	(911, 'Tài khoản', 'GET | App\\Modules\\User\\Controllers\\UserController@user', 'GET', 'App\\Modules\\User\\Controllers\\UserController@user', '', '', 1, '2021-03-12 16:43:45', '2021-04-11 19:20:59', 'user', 1, 1, 10, '<i class="fa fa-address-book menu-icon"></i>'),
	(912, 'Xem danh sách tài khoản', 'POST | App\\Modules\\User\\Controllers\\UserController@danhSachUser', 'POST', 'App\\Modules\\User\\Controllers\\UserController@danhSachUser', '', '', 911, '2021-03-12 16:43:45', '2021-04-11 19:20:59', 'danh-sach-user', 1, 2, 1000, NULL),
	(913, 'Tạo tài khoản', 'POST | App\\Modules\\User\\Controllers\\UserController@themUser', 'POST', 'App\\Modules\\User\\Controllers\\UserController@themUser', '', '', 911, '2021-03-12 16:43:45', '2021-04-11 19:20:59', 'them-user', 1, 2, 1000, NULL),
	(914, 'Load thông tin tài khoản', 'POST | App\\Modules\\User\\Controllers\\UserController@userSingle', 'POST', 'App\\Modules\\User\\Controllers\\UserController@userSingle', '', '', 911, '2021-03-12 16:43:45', '2021-04-11 19:20:59', 'user-single', 1, 2, 1000, NULL),
	(915, 'Cập nhật tài khoản', 'POST | App\\Modules\\User\\Controllers\\UserController@capNhatUser', 'POST', 'App\\Modules\\User\\Controllers\\UserController@capNhatUser', '', '', 911, '2021-03-12 16:43:45', '2021-04-11 19:20:59', 'cap-nhat-user', 1, 2, 1000, NULL),
	(916, 'Xóa tài khoản', 'POST | App\\Modules\\User\\Controllers\\UserController@xoaUser', 'POST', 'App\\Modules\\User\\Controllers\\UserController@xoaUser', '', '', 911, '2021-03-12 16:43:45', '2021-04-11 19:20:59', 'xoa-user', 1, 2, 1000, NULL),
	(917, 'Sản phẩm', 'GET | App\\Modules\\SanPham\\Controllers\\SanPhamController@sanPham', 'GET', 'App\\Modules\\SanPham\\Controllers\\SanPhamController@sanPham', '', '', 1, '2021-03-13 19:23:18', '2021-04-11 19:20:59', 'san-pham', 1, 1, 7, '<i class="fa fa-desktop menu-icon"></i>'),
	(918, 'Xem danh sách sản phẩm', 'POST | App\\Modules\\SanPham\\Controllers\\SanPhamController@danhSachSanPham', 'POST', 'App\\Modules\\SanPham\\Controllers\\SanPhamController@danhSachSanPham', '', '', 917, '2021-03-13 19:23:18', '2021-04-11 19:20:59', 'danh-sach-san-pham', 1, 2, 1000, NULL),
	(919, 'Thêm sản phẩm', 'POST | App\\Modules\\SanPham\\Controllers\\SanPhamController@themSanPham', 'POST', 'App\\Modules\\SanPham\\Controllers\\SanPhamController@themSanPham', '', '', 917, '2021-03-13 19:23:18', '2021-04-11 19:20:59', 'them-san-pham', 1, 2, 1000, NULL),
	(920, 'Load sản phẩm', 'POST | App\\Modules\\SanPham\\Controllers\\SanPhamController@sanPhamSingle', 'POST', 'App\\Modules\\SanPham\\Controllers\\SanPhamController@sanPhamSingle', '', '', 917, '2021-03-13 19:23:18', '2021-04-11 19:20:59', 'san-pham-single', 1, 2, 1000, NULL),
	(921, 'Cập nhật sản phẩm', 'POST | App\\Modules\\SanPham\\Controllers\\SanPhamController@capNhatSanPham', 'POST', 'App\\Modules\\SanPham\\Controllers\\SanPhamController@capNhatSanPham', '', '', 917, '2021-03-13 19:23:18', '2021-04-11 19:20:59', 'cap-nhat-san-pham', 1, 2, 1000, NULL),
	(922, 'Xóa sản phẩm', 'POST | App\\Modules\\SanPham\\Controllers\\SanPhamController@xoaSanPham', 'POST', 'App\\Modules\\SanPham\\Controllers\\SanPhamController@xoaSanPham', '', '', 917, '2021-03-13 19:23:18', '2021-04-11 19:20:59', 'xoa-san-pham', 1, 2, 1000, NULL),
	(923, 'Nhà cung cấp', 'GET | App\\Modules\\DoiTac\\Controllers\\DoiTacController@doiTac', 'GET', 'App\\Modules\\DoiTac\\Controllers\\DoiTacController@doiTac', '', '', 1, '2021-03-13 22:13:42', '2021-04-11 19:20:59', 'doi-tac', 1, 1, 9, '<i class="fa fa-handshake-o menu-icon"></i>'),
	(924, 'Xem danh sách đối tác', 'POST | App\\Modules\\DoiTac\\Controllers\\DoiTacController@danhSachDoiTac', 'POST', 'App\\Modules\\DoiTac\\Controllers\\DoiTacController@danhSachDoiTac', '', '', 923, '2021-03-13 22:13:42', '2021-04-11 19:20:59', 'danh-sach-doi-tac', 1, 2, 1000, NULL),
	(925, 'Thêm đối tác', 'POST | App\\Modules\\DoiTac\\Controllers\\DoiTacController@themDoiTac', 'POST', 'App\\Modules\\DoiTac\\Controllers\\DoiTacController@themDoiTac', '', '', 923, '2021-03-13 22:13:42', '2021-04-11 19:20:59', 'them-doi-tac', 1, 2, 1000, NULL),
	(926, 'Load đối tác', 'POST | App\\Modules\\DoiTac\\Controllers\\DoiTacController@doiTacSingle', 'POST', 'App\\Modules\\DoiTac\\Controllers\\DoiTacController@doiTacSingle', '', '', 923, '2021-03-13 22:13:42', '2021-04-11 19:20:59', 'doi-tac-single', 1, 2, 1000, NULL),
	(927, 'Cập nhật thông tin đối tác', 'POST | App\\Modules\\DoiTac\\Controllers\\DoiTacController@capNhatDoiTac', 'POST', 'App\\Modules\\DoiTac\\Controllers\\DoiTacController@capNhatDoiTac', '', '', 923, '2021-03-13 22:13:42', '2021-04-11 19:20:59', 'cap-nhat-doi-tac', 1, 2, 1000, NULL),
	(928, 'Xóa đối tác', 'POST | App\\Modules\\DoiTac\\Controllers\\DoiTacController@xoaDoiTac', 'POST', 'App\\Modules\\DoiTac\\Controllers\\DoiTacController@xoaDoiTac', '', '', 923, '2021-03-13 22:13:42', '2021-04-11 19:20:59', 'xoa-doi-tac', 1, 2, 1000, NULL),
	(929, 'Khách hàng', 'GET | App\\Modules\\KhachHang\\Controllers\\KhachHangController@KhachHang', 'GET', 'App\\Modules\\KhachHang\\Controllers\\KhachHangController@KhachHang', '', '', 1, '2021-03-13 22:35:07', '2021-04-11 19:20:59', 'khach-hang', 1, 1, 8, '<i class="fa fa-users menu-icon"></i>'),
	(930, 'Xem danh sách khách hàng', 'POST | App\\Modules\\KhachHang\\Controllers\\KhachHangController@danhSachKhachHang', 'POST', 'App\\Modules\\KhachHang\\Controllers\\KhachHangController@danhSachKhachHang', '', '', 929, '2021-03-13 22:35:07', '2021-04-11 19:20:59', 'danh-sach-khach-hang', 1, 2, 1000, NULL),
	(931, 'Thêm khách hàng', 'POST | App\\Modules\\KhachHang\\Controllers\\KhachHangController@themKhachHang', 'POST', 'App\\Modules\\KhachHang\\Controllers\\KhachHangController@themKhachHang', '', '', 929, '2021-03-13 22:35:07', '2021-04-11 19:20:59', 'them-khach-hang', 1, 2, 1000, NULL),
	(932, 'Load thông tin khách hàng', 'POST | App\\Modules\\KhachHang\\Controllers\\KhachHangController@khachHangSingle', 'POST', 'App\\Modules\\KhachHang\\Controllers\\KhachHangController@khachHangSingle', '', '', 929, '2021-03-13 22:35:07', '2021-04-11 19:20:59', 'khach-hang-single', 1, 2, 1000, NULL),
	(933, 'Cập nhật khách hàng', 'POST | App\\Modules\\KhachHang\\Controllers\\KhachHangController@capNhatKhachHang', 'POST', 'App\\Modules\\KhachHang\\Controllers\\KhachHangController@capNhatKhachHang', '', '', 929, '2021-03-13 22:35:07', '2021-04-11 19:20:59', 'cap-nhat-khach-hang', 1, 2, 1000, NULL),
	(934, 'Xóa khách hàng', 'POST | App\\Modules\\KhachHang\\Controllers\\KhachHangController@xoaKhachHang', 'POST', 'App\\Modules\\KhachHang\\Controllers\\KhachHangController@xoaKhachHang', '', '', 929, '2021-03-13 22:35:07', '2021-04-11 19:20:59', 'xoa-khach-hang', 1, 2, 1000, NULL),
	(935, 'Phiếu nhập kho', 'GET | App\\Modules\\PhieuNhap\\Controllers\\PhieuNhapController@phieuNhap', 'GET', 'App\\Modules\\PhieuNhap\\Controllers\\PhieuNhapController@phieuNhap', '', '', 1, '2021-03-14 07:43:13', '2021-04-11 19:20:59', 'phieu-nhap', 1, 1, 3, '<i class="fa fa-download menu-icon"></i>'),
	(936, 'Xem danh sách phiếu nhập kho', 'POST | App\\Modules\\PhieuNhap\\Controllers\\PhieuNhapController@danhSachPhieuNhap', 'POST', 'App\\Modules\\PhieuNhap\\Controllers\\PhieuNhapController@danhSachPhieuNhap', '', '', 935, '2021-03-14 07:43:13', '2021-04-11 19:20:59', 'danh-sach-phieu-nhap', 1, 2, 1000, NULL),
	(937, 'Lập phiếu nhập kho', 'POST | App\\Modules\\PhieuNhap\\Controllers\\PhieuNhapController@themPhieuNhap', 'POST', 'App\\Modules\\PhieuNhap\\Controllers\\PhieuNhapController@themPhieuNhap', '', '', 935, '2021-03-14 07:43:13', '2021-04-11 19:20:59', 'them-phieu-nhap', 1, 2, 1000, NULL),
	(938, 'Load thông tin phiếu nhập kho', 'POST | App\\Modules\\PhieuNhap\\Controllers\\PhieuNhapController@phieuNhapSingle', 'POST', 'App\\Modules\\PhieuNhap\\Controllers\\PhieuNhapController@phieuNhapSingle', '', '', 935, '2021-03-14 07:43:13', '2021-04-11 19:20:59', 'phieu-nhap-single', 1, 2, 1000, NULL),
	(939, 'Cập nhật phiếu nhập kho', 'POST | App\\Modules\\PhieuNhap\\Controllers\\PhieuNhapController@capNhatPhieuNhap', 'POST', 'App\\Modules\\PhieuNhap\\Controllers\\PhieuNhapController@capNhatPhieuNhap', '', '', 935, '2021-03-14 07:43:13', '2021-04-11 19:20:59', 'cap-nhat-phieu-nhap', 1, 2, 1000, NULL),
	(940, 'Xóa phiếu nhập kho', 'POST | App\\Modules\\PhieuNhap\\Controllers\\PhieuNhapController@xoaPhieuNhap', 'POST', 'App\\Modules\\PhieuNhap\\Controllers\\PhieuNhapController@xoaPhieuNhap', '', '', 935, '2021-03-14 07:43:13', '2021-04-11 19:20:59', 'xoa-phieu-nhap', 1, 2, 1000, NULL),
	(941, 'Thêm sản phẩm vào phiếu nhập kho', 'POST | App\\Modules\\PhieuNhap\\Controllers\\PhieuNhapController@themChiTietPhieuNhap', 'POST', 'App\\Modules\\PhieuNhap\\Controllers\\PhieuNhapController@themChiTietPhieuNhap', '', '', 935, '2021-03-14 13:10:10', '2021-04-11 19:20:59', 'them-chi-tiet-phieu-nhap', 1, 2, 1000, NULL),
	(942, 'Load chi tiết phiếu nhập', 'POST | App\\Modules\\PhieuNhap\\Controllers\\PhieuNhapController@loadChiTietPhieuNhap', 'POST', 'App\\Modules\\PhieuNhap\\Controllers\\PhieuNhapController@loadChiTietPhieuNhap', '', '', 935, '2021-03-14 14:57:49', '2021-04-11 19:20:59', 'load-chi-tiet-phieu-nhap', 1, 2, 1000, NULL),
	(943, 'Xóa chi tiết phiếu nhập', 'POST | App\\Modules\\PhieuNhap\\Controllers\\PhieuNhapController@xoaChiTietPhieuNhap', 'POST', 'App\\Modules\\PhieuNhap\\Controllers\\PhieuNhapController@xoaChiTietPhieuNhap', '', '', 935, '2021-03-14 15:14:00', '2021-04-11 19:20:59', 'xoa-chi-tiet-phieu-nhap', 1, 2, 1000, NULL),
	(959, 'Phiếu xuất kho', 'GET | App\\Modules\\PhieuXuat\\Controllers\\PhieuXuatController@phieuXuat', 'GET', 'App\\Modules\\PhieuXuat\\Controllers\\PhieuXuatController@phieuXuat', '', '', 1, '2021-03-19 13:42:07', '2021-04-11 19:20:59', 'phieu-xuat', 1, 1, 4, '<i class="fa fa-shopping-cart menu-icon"></i>'),
	(960, 'Danh sách phiếu xuất', 'POST | App\\Modules\\PhieuXuat\\Controllers\\PhieuXuatController@danhSachPhieuXuat', 'POST', 'App\\Modules\\PhieuXuat\\Controllers\\PhieuXuatController@danhSachPhieuXuat', '', '', 959, '2021-03-19 13:42:07', '2021-04-11 19:20:59', 'danh-sach-phieu-xuat', 1, 2, 1000, NULL),
	(961, 'Load phiếu xuất', 'POST | App\\Modules\\PhieuXuat\\Controllers\\PhieuXuatController@phieuXuatSingle', 'POST', 'App\\Modules\\PhieuXuat\\Controllers\\PhieuXuatController@phieuXuatSingle', '', '', 959, '2021-03-19 13:49:40', '2021-04-11 19:20:59', 'phieu-xuat-single', 1, 2, 1000, NULL),
	(963, 'Thêm phiếu xuất', 'POST | App\\Modules\\PhieuXuat\\Controllers\\PhieuXuatController@themPhieuXuat', 'POST', 'App\\Modules\\PhieuXuat\\Controllers\\PhieuXuatController@themPhieuXuat', '', '', 959, '2021-03-19 13:55:56', '2021-04-11 19:20:59', 'them-phieu-xuat', 1, 2, 1000, NULL),
	(964, 'Xóa phiếu xuất', 'POST | App\\Modules\\PhieuXuat\\Controllers\\PhieuXuatController@xoaPhieuXuat', 'POST', 'App\\Modules\\PhieuXuat\\Controllers\\PhieuXuatController@xoaPhieuXuat', '', '', 959, '2021-03-19 13:55:56', '2021-04-11 19:20:59', 'xoa-phieu-xuat', 1, 2, 1000, NULL),
	(965, 'Cập nhật phiếu xuất', 'POST | App\\Modules\\PhieuXuat\\Controllers\\PhieuXuatController@capNhatPhieuXuat', 'POST', 'App\\Modules\\PhieuXuat\\Controllers\\PhieuXuatController@capNhatPhieuXuat', '', '', 959, '2021-03-19 13:55:56', '2021-04-11 19:20:59', 'cap-nhat-phieu-xuat', 1, 2, 1000, NULL),
	(966, 'Thêm phiếu xuất', 'POST | App\\Modules\\PhieuXuat\\Controllers\\PhieuXuatController@themChiTietPhieuXuat', 'POST', 'App\\Modules\\PhieuXuat\\Controllers\\PhieuXuatController@themChiTietPhieuXuat', '', '', 959, '2021-03-19 13:55:56', '2021-04-11 19:20:59', 'them-chi-tiet-phieu-xuat', 1, 2, 1000, NULL),
	(967, 'Load chi tiết phiếu xuất', 'POST | App\\Modules\\PhieuXuat\\Controllers\\PhieuXuatController@loadChiTietPhieuXuat', 'POST', 'App\\Modules\\PhieuXuat\\Controllers\\PhieuXuatController@loadChiTietPhieuXuat', '', '', 959, '2021-03-19 13:55:56', '2021-04-11 19:20:59', 'load-chi-tiet-phieu-xuat', 1, 2, 1000, NULL),
	(968, 'Xóa chi tiết phiếu xuất', 'POST | App\\Modules\\PhieuXuat\\Controllers\\PhieuXuatController@xoaChiTietPhieuXuat', 'POST', 'App\\Modules\\PhieuXuat\\Controllers\\PhieuXuatController@xoaChiTietPhieuXuat', '', '', 959, '2021-03-19 13:55:56', '2021-04-11 19:20:59', 'xoa-chi-tiet-phieu-xuat', 1, 2, 1000, NULL),
	(969, 'Lấy thông tin đối tác theo tên và mã đối tác', 'POST | App\\Modules\\PhieuNhap\\Controllers\\PhieuNhapController@layThongTinDoiTacTheoTenVaMa', 'POST', 'App\\Modules\\PhieuNhap\\Controllers\\PhieuNhapController@layThongTinDoiTacTheoTenVaMa', '', '', 935, '2021-03-19 14:35:28', '2021-04-11 19:20:59', 'lay-thong-tin-doi-tac-theo-ten-va-ma', 1, 2, 1000, NULL),
	(970, 'Lấy thông tin khách hàng theo tên và mã', 'POST | App\\Modules\\PhieuXuat\\Controllers\\PhieuXuatController@layThongTinKhachHangTheoTenVaMa', 'POST', 'App\\Modules\\PhieuXuat\\Controllers\\PhieuXuatController@layThongTinKhachHangTheoTenVaMa', '', '', 959, '2021-03-19 14:35:28', '2021-04-11 19:20:59', 'lay-thong-tin-khach-hang-theo-ten-va-ma', 1, 2, 1000, NULL),
	(971, 'Lấy chi tiết sản phẩm theo tên và mã', 'POST | App\\Modules\\PhieuXuat\\Controllers\\PhieuXuatController@layThongTinSanPhamTheoTenVaMa', 'POST', 'App\\Modules\\PhieuXuat\\Controllers\\PhieuXuatController@layThongTinSanPhamTheoTenVaMa', '', '', 959, '2021-03-19 15:37:51', '2021-04-11 19:20:59', 'lay-thong-tin-san-pham-theo-ten-va-ma', 1, 2, 1000, NULL),
	(972, 'Báo cáo - Thống kê', NULL, 'GET', NULL, NULL, NULL, 1, '2021-03-21 15:06:34', '2021-04-01 15:35:32', NULL, 1, 1, 2, '<i class="fa fa-bar-chart-o menu-icon"></i>'),
	(973, 'Thống kê xuất nhập tồn', 'GET | App\\Modules\\ThongKe\\Controllers\\ThongKeXuatNhapTonController@thongKeXuatNhapTon', 'GET', 'App\\Modules\\ThongKe\\Controllers\\ThongKeXuatNhapTonController@thongKeXuatNhapTon', '', '', 972, '2021-03-21 15:06:39', '2021-04-11 19:20:59', 'thong-ke-xuat-nhap-ton', 1, 1, 1000, NULL),
	(974, 'Danh sách thống kê xuất nhập tồn', 'POST | App\\Modules\\ThongKe\\Controllers\\ThongKeXuatNhapTonController@danhSachThongKeXuatNhapTon', 'POST', 'App\\Modules\\ThongKe\\Controllers\\ThongKeXuatNhapTonController@danhSachThongKeXuatNhapTon', '', '', 973, '2021-03-21 15:06:39', '2021-04-11 19:20:59', 'danh-sach-thong-ke-xuat-nhap-ton', 1, 2, 1000, NULL),
	(975, 'Dashboard', 'GET | App\\Modules\\ThongKe\\Controllers\\ThongKeXuatNhapTonController@dashboard', 'GET', 'App\\Modules\\ThongKe\\Controllers\\ThongKeXuatNhapTonController@dashboard', '', '', 972, '2021-03-22 08:27:09', '2021-04-11 19:20:59', 'dashboard', 1, 1, 1, NULL),
	(978, 'Import phiếu nhập bằng Excel', 'POST | App\\Modules\\PhieuNhap\\Controllers\\PhieuNhapController@importPhieuNhap', 'POST', 'App\\Modules\\PhieuNhap\\Controllers\\PhieuNhapController@importPhieuNhap', '', '', 935, '2021-03-23 15:17:37', '2021-04-11 19:20:59', 'import-phieu-nhap', 1, 2, 1000, NULL),
	(979, 'Import phiếu xuất kho', 'POST | App\\Modules\\PhieuXuat\\Controllers\\PhieuXuatController@importPhieuXuat', 'POST', 'App\\Modules\\PhieuXuat\\Controllers\\PhieuXuatController@importPhieuXuat', '', '', 959, '2021-03-24 08:54:34', '2021-04-11 19:20:59', 'import-phieu-xuat', 1, 2, 1000, NULL),
	(980, 'Xuất thống kê', 'GET | App\\Modules\\ThongKe\\Controllers\\ThongKeXuatNhapTonController@exportThongKe', 'GET', 'App\\Modules\\ThongKe\\Controllers\\ThongKeXuatNhapTonController@exportThongKe', '', '', 972, '2021-03-27 06:02:58', '2021-04-11 19:20:59', 'export-thong-ke', 1, 2, 1000, NULL),
	(981, 'Export phiếu xuất', 'GET | App\\Modules\\PhieuXuat\\Controllers\\PhieuXuatController@exportPhieuXuat', 'GET', 'App\\Modules\\PhieuXuat\\Controllers\\PhieuXuatController@exportPhieuXuat', '', '', 959, '2021-03-28 13:02:01', '2021-04-11 19:20:59', 'export-phieu-xuat', 1, 2, 1000, NULL),
	(982, 'Export phiếu nhập', 'GET | App\\Modules\\PhieuNhap\\Controllers\\PhieuNhapController@exportPhieuNhap', 'GET', 'App\\Modules\\PhieuNhap\\Controllers\\PhieuNhapController@exportPhieuNhap', '', '', 935, '2021-03-28 13:13:04', '2021-04-11 19:20:59', 'export-phieu-nhap', 1, 2, 1000, NULL),
	(983, 'Import sản phẩm', 'POST | App\\Modules\\SanPham\\Controllers\\SanPhamController@importSanPham', 'POST', 'App\\Modules\\SanPham\\Controllers\\SanPhamController@importSanPham', '', '', 917, '2021-03-28 13:39:10', '2021-04-11 19:20:59', 'import-san-pham', 1, 2, 1000, NULL),
	(984, 'Import khách hàng', 'POST | App\\Modules\\KhachHang\\Controllers\\KhachHangController@importKhachHang', 'POST', 'App\\Modules\\KhachHang\\Controllers\\KhachHangController@importKhachHang', '', '', 929, '2021-03-28 13:57:40', '2021-04-11 19:20:59', 'import-khach-hang', 1, 2, 1000, NULL),
	(985, 'Import nhà cung cấp', 'POST | App\\Modules\\DoiTac\\Controllers\\DoiTacController@importDoiTac', 'POST', 'App\\Modules\\DoiTac\\Controllers\\DoiTacController@importDoiTac', '', '', 923, '2021-03-28 14:07:34', '2021-04-11 19:20:59', 'import-doi-tac', 1, 2, 1000, NULL),
	(986, 'In phiếu xuất kho', 'GET | App\\Modules\\PhieuXuat\\Controllers\\PhieuXuatController@inPhieuXuat', 'GET', 'App\\Modules\\PhieuXuat\\Controllers\\PhieuXuatController@inPhieuXuat', '', '', 959, '2021-03-29 16:03:35', '2021-04-11 19:20:59', 'in-phieu-xuat', 1, 2, 1000, NULL),
	(987, 'In phiếu giao hàng', 'GET | App\\Modules\\PhieuXuat\\Controllers\\PhieuXuatController@inPhieuGiaoHang', 'GET', 'App\\Modules\\PhieuXuat\\Controllers\\PhieuXuatController@inPhieuGiaoHang', '', '', 959, '2021-03-29 16:03:35', '2021-04-11 19:20:59', 'in-phieu-giao-hang', 1, 2, 1000, NULL),
	(988, 'Công nợ', 'GET | App\\Modules\\CongNo\\Controllers\\CongNoController@congNo', 'GET', 'App\\Modules\\CongNo\\Controllers\\CongNoController@congNo', '', '', 1, '2021-04-01 08:12:37', '2021-04-11 19:20:59', 'cong-no', 1, 1, 5, '<i class="fa fa-briefcase menu-icon"></i>'),
	(989, 'Xem danh sách công nợ', 'POST | App\\Modules\\CongNo\\Controllers\\CongNoController@danhSachCongNo', 'POST', 'App\\Modules\\CongNo\\Controllers\\CongNoController@danhSachCongNo', '', '', 988, '2021-04-01 08:12:37', '2021-04-11 19:20:59', 'danh-sach-cong-no', 1, 2, 1000, NULL),
	(990, 'Load thông tin công nợ', 'POST | App\\Modules\\CongNo\\Controllers\\CongNoController@congNoSingle', 'POST', 'App\\Modules\\CongNo\\Controllers\\CongNoController@congNoSingle', '', '', 988, '2021-04-01 08:12:37', '2021-04-11 19:20:59', 'cong-no-single', 1, 2, 1000, NULL),
	(997, 'Lập phiếu chi', 'GET | App\\Modules\\PhieuChi\\Controllers\\PhieuChiController@phieuChi', 'GET', 'App\\Modules\\PhieuChi\\Controllers\\PhieuChiController@phieuChi', '', '', 1012, '2021-04-01 15:32:51', '2021-04-11 19:20:59', 'phieu-chi', 1, 1, 6, '<i class="fa fa-external-link-square menu-icon"></i>'),
	(998, 'Xem danh sách phiếu chi', 'POST | App\\Modules\\PhieuChi\\Controllers\\PhieuChiController@danhSachPhieuChi', 'POST', 'App\\Modules\\PhieuChi\\Controllers\\PhieuChiController@danhSachPhieuChi', '', '', 997, '2021-04-01 15:32:51', '2021-04-11 19:20:59', 'danh-sach-phieu-chi', 1, 2, 6, NULL),
	(999, 'Thêm phiếu chi', 'POST | App\\Modules\\PhieuChi\\Controllers\\PhieuChiController@themPhieuChi', 'POST', 'App\\Modules\\PhieuChi\\Controllers\\PhieuChiController@themPhieuChi', '', '', 997, '2021-04-01 15:32:51', '2021-04-11 19:20:59', 'them-phieu-chi', 1, 2, 1000, NULL),
	(1000, 'Load phiếu chi', 'POST | App\\Modules\\PhieuChi\\Controllers\\PhieuChiController@phieuChiSingle', 'POST', 'App\\Modules\\PhieuChi\\Controllers\\PhieuChiController@phieuChiSingle', '', '', 997, '2021-04-01 15:32:51', '2021-04-11 19:20:59', 'phieu-chi-single', 1, 2, 1000, NULL),
	(1001, 'Cập nhật phiếu chi', 'POST | App\\Modules\\PhieuChi\\Controllers\\PhieuChiController@capNhatPhieuChi', 'POST', 'App\\Modules\\PhieuChi\\Controllers\\PhieuChiController@capNhatPhieuChi', '', '', 997, '2021-04-01 15:32:51', '2021-04-11 19:20:59', 'cap-nhat-phieu-chi', 1, 2, 1000, NULL),
	(1002, 'Xóa phiếu chi', 'POST | App\\Modules\\PhieuChi\\Controllers\\PhieuChiController@xoaPhieuChi', 'POST', 'App\\Modules\\PhieuChi\\Controllers\\PhieuChiController@xoaPhieuChi', '', '', 997, '2021-04-01 15:32:51', '2021-04-11 19:20:59', 'xoa-phieu-chi', 1, 2, 1000, NULL),
	(1003, 'Đơn vị tính', 'GET | App\\Modules\\DonViTinh\\Controllers\\DonViTinhController@donViTinh', 'GET', 'App\\Modules\\DonViTinh\\Controllers\\DonViTinhController@donViTinh', '', '', 1, '2021-04-02 20:11:07', '2021-04-11 19:20:59', 'don-vi-tinh', 1, 1, 9, '<i class="fa fa-flask menu-icon"></i>'),
	(1004, 'Xem danh sách đơn vị tính', 'POST | App\\Modules\\DonViTinh\\Controllers\\DonViTinhController@danhSachDonViTinh', 'POST', 'App\\Modules\\DonViTinh\\Controllers\\DonViTinhController@danhSachDonViTinh', '', '', 1003, '2021-04-02 20:11:07', '2021-04-11 19:20:59', 'danh-sach-don-vi-tinh', 1, 2, 1000, NULL),
	(1005, 'Thêm đơn vị tính', 'POST | App\\Modules\\DonViTinh\\Controllers\\DonViTinhController@themDonViTinh', 'POST', 'App\\Modules\\DonViTinh\\Controllers\\DonViTinhController@themDonViTinh', '', '', 1003, '2021-04-02 20:11:07', '2021-04-11 19:20:59', 'them-don-vi-tinh', 1, 2, 1000, NULL),
	(1006, 'Load thông tin đơn vị tính', 'POST | App\\Modules\\DonViTinh\\Controllers\\DonViTinhController@donViTinhSingle', 'POST', 'App\\Modules\\DonViTinh\\Controllers\\DonViTinhController@donViTinhSingle', '', '', 1003, '2021-04-02 20:11:07', '2021-04-11 19:20:59', 'don-vi-tinh-single', 1, 2, 1000, NULL),
	(1007, 'Cập nhật đơn vị tính', 'POST | App\\Modules\\DonViTinh\\Controllers\\DonViTinhController@capNhatDonViTinh', 'POST', 'App\\Modules\\DonViTinh\\Controllers\\DonViTinhController@capNhatDonViTinh', '', '', 1003, '2021-04-02 20:11:07', '2021-04-11 19:20:59', 'cap-nhat-don-vi-tinh', 1, 2, 1000, NULL),
	(1008, 'Xóa đơn vị tính', 'POST | App\\Modules\\DonViTinh\\Controllers\\DonViTinhController@xoaDonViTinh', 'POST', 'App\\Modules\\DonViTinh\\Controllers\\DonViTinhController@xoaDonViTinh', '', '', 1003, '2021-04-02 20:11:07', '2021-04-11 19:20:59', 'xoa-don-vi-tinh', 1, 2, 1000, NULL),
	(1009, 'Duyệt phiếu chi', 'GET | App\\Modules\\PhieuChi\\Controllers\\PhieuChiController@phieuChiChoDuyet', 'GET', 'App\\Modules\\PhieuChi\\Controllers\\PhieuChiController@phieuChiChoDuyet', '', '', 1012, '2021-04-05 10:40:45', '2021-04-11 19:20:59', 'phieu-chi-cho-duyet', 1, 1, 1000, NULL),
	(1010, 'Xem danh sách phiếu chi chờ duyệt', 'POST | App\\Modules\\PhieuChi\\Controllers\\PhieuChiController@danhSachPhieuChiChoDuyet', 'POST', 'App\\Modules\\PhieuChi\\Controllers\\PhieuChiController@danhSachPhieuChiChoDuyet', '', '', 1009, '2021-04-05 10:40:45', '2021-04-11 19:20:59', 'danh-sach-phieu-chi-cho-duyet', 1, 2, 1000, NULL),
	(1011, 'Duyệt', 'POST | App\\Modules\\PhieuChi\\Controllers\\PhieuChiController@duyetPhieuChi', 'POST', 'App\\Modules\\PhieuChi\\Controllers\\PhieuChiController@duyetPhieuChi', '', '', 1009, '2021-04-05 10:40:45', '2021-04-11 19:20:59', 'duyet-phieu-chi', 1, 2, 1000, NULL),
	(1012, 'Phiếu chi', '#', 'GET', NULL, NULL, NULL, 1, '2021-04-05 10:41:28', '2021-04-05 10:42:02', NULL, 1, 1, 6, '<i class="fa fa-external-link-square menu-icon"></i>'),
	(1013, 'Xem phiếu nhập kho', 'POST | App\\Modules\\PhieuNhap\\Controllers\\PhieuNhapController@xemPhieuNhap', 'POST', 'App\\Modules\\PhieuNhap\\Controllers\\PhieuNhapController@xemPhieuNhap', '', '', 935, '2021-04-11 19:20:59', '2021-04-11 19:21:24', 'xem-phieu-nhap', 1, 2, 1000, NULL),
	(1014, 'Xem phiếu xuất kho', 'POST | App\\Modules\\PhieuXuat\\Controllers\\PhieuXuatController@xemPhieuXuat', 'POST', 'App\\Modules\\PhieuXuat\\Controllers\\PhieuXuatController@xemPhieuXuat', '', '', 959, '2021-04-11 19:20:59', '2021-04-11 19:21:44', 'xem-phieu-xuat', 1, 2, 1000, NULL);
/*!40000 ALTER TABLE `admin_resource` ENABLE KEYS */;

-- Dumping structure for table alcomputer.admin_role
CREATE TABLE IF NOT EXISTS `admin_role` (
  `id` int(10) unsigned NOT NULL AUTO_INCREMENT,
  `role_name` varchar(10) COLLATE utf8mb4_unicode_ci NOT NULL,
  `state` int(10) unsigned NOT NULL DEFAULT 1 COMMENT '0: ngừng hoạt động; 1: hoạt động',
  `created_at` timestamp NULL DEFAULT current_timestamp(),
  `updated_at` timestamp NULL DEFAULT current_timestamp() ON UPDATE current_timestamp(),
  PRIMARY KEY (`id`)
) ENGINE=InnoDB AUTO_INCREMENT=11 DEFAULT CHARSET=utf8mb4 COLLATE=utf8mb4_unicode_ci;

-- Dumping data for table alcomputer.admin_role: ~3 rows (approximately)
/*!40000 ALTER TABLE `admin_role` DISABLE KEYS */;
INSERT INTO `admin_role` (`id`, `role_name`, `state`, `created_at`, `updated_at`) VALUES
	(1, 'ADMIN', 1, NULL, '2021-03-13 12:01:52'),
	(9, 'Nhân viên', 1, '2021-03-14 01:33:41', '2021-03-14 01:38:46'),
	(10, 'Giám đốc', 1, '2021-04-03 09:44:26', '2021-04-03 09:44:26');
/*!40000 ALTER TABLE `admin_role` ENABLE KEYS */;

-- Dumping structure for table alcomputer.admin_rule
CREATE TABLE IF NOT EXISTS `admin_rule` (
  `id` int(10) unsigned NOT NULL AUTO_INCREMENT,
  `role_id` int(10) unsigned NOT NULL,
  `resource_id` int(10) unsigned NOT NULL,
  `created_at` timestamp NULL DEFAULT current_timestamp(),
  `updated_at` timestamp NULL DEFAULT current_timestamp() ON UPDATE current_timestamp(),
  PRIMARY KEY (`id`),
  KEY `admin_rule_role_id_foreign` (`role_id`),
  KEY `admin_rule_resource_id_foreign` (`resource_id`),
  CONSTRAINT `admin_rule_resource_id_foreign` FOREIGN KEY (`resource_id`) REFERENCES `admin_resource` (`id`) ON DELETE CASCADE ON UPDATE CASCADE,
  CONSTRAINT `admin_rule_role_id_foreign` FOREIGN KEY (`role_id`) REFERENCES `admin_role` (`id`) ON DELETE CASCADE ON UPDATE CASCADE
) ENGINE=InnoDB AUTO_INCREMENT=1349 DEFAULT CHARSET=utf8mb4 COLLATE=utf8mb4_unicode_ci;

-- Dumping data for table alcomputer.admin_rule: ~292 rows (approximately)
/*!40000 ALTER TABLE `admin_rule` DISABLE KEYS */;
INSERT INTO `admin_rule` (`id`, `role_id`, `resource_id`, `created_at`, `updated_at`) VALUES
	(508, 1, 1, '2021-03-22 05:43:58', '2021-03-22 05:43:58'),
	(689, 1, 910, '2021-04-03 09:47:35', '2021-04-03 09:47:35'),
	(690, 1, 972, '2021-04-03 09:47:36', '2021-04-03 09:47:36'),
	(691, 1, 973, '2021-04-03 09:47:36', '2021-04-03 09:47:36'),
	(692, 1, 974, '2021-04-03 09:47:36', '2021-04-03 09:47:36'),
	(693, 1, 975, '2021-04-03 09:47:36', '2021-04-03 09:47:36'),
	(694, 1, 980, '2021-04-03 09:47:36', '2021-04-03 09:47:36'),
	(722, 1, 988, '2021-04-03 09:47:41', '2021-04-03 09:47:41'),
	(723, 1, 989, '2021-04-03 09:47:41', '2021-04-03 09:47:41'),
	(724, 1, 990, '2021-04-03 09:47:41', '2021-04-03 09:47:41'),
	(752, 1, 917, '2021-04-03 09:47:54', '2021-04-03 09:47:54'),
	(753, 1, 918, '2021-04-03 09:47:54', '2021-04-03 09:47:54'),
	(754, 1, 919, '2021-04-03 09:47:54', '2021-04-03 09:47:54'),
	(755, 1, 920, '2021-04-03 09:47:54', '2021-04-03 09:47:54'),
	(756, 1, 921, '2021-04-03 09:47:54', '2021-04-03 09:47:54'),
	(757, 1, 922, '2021-04-03 09:47:54', '2021-04-03 09:47:54'),
	(758, 1, 983, '2021-04-03 09:47:54', '2021-04-03 09:47:54'),
	(759, 1, 929, '2021-04-03 09:47:56', '2021-04-03 09:47:56'),
	(760, 1, 930, '2021-04-03 09:47:56', '2021-04-03 09:47:56'),
	(761, 1, 931, '2021-04-03 09:47:56', '2021-04-03 09:47:56'),
	(762, 1, 932, '2021-04-03 09:47:56', '2021-04-03 09:47:56'),
	(763, 1, 933, '2021-04-03 09:47:56', '2021-04-03 09:47:56'),
	(764, 1, 934, '2021-04-03 09:47:56', '2021-04-03 09:47:56'),
	(765, 1, 984, '2021-04-03 09:47:56', '2021-04-03 09:47:56'),
	(766, 1, 923, '2021-04-03 09:47:58', '2021-04-03 09:47:58'),
	(767, 1, 924, '2021-04-03 09:47:58', '2021-04-03 09:47:58'),
	(768, 1, 925, '2021-04-03 09:47:58', '2021-04-03 09:47:58'),
	(769, 1, 926, '2021-04-03 09:47:58', '2021-04-03 09:47:58'),
	(770, 1, 927, '2021-04-03 09:47:58', '2021-04-03 09:47:58'),
	(771, 1, 928, '2021-04-03 09:47:58', '2021-04-03 09:47:58'),
	(772, 1, 985, '2021-04-03 09:47:58', '2021-04-03 09:47:58'),
	(773, 1, 911, '2021-04-03 09:47:59', '2021-04-03 09:47:59'),
	(774, 1, 912, '2021-04-03 09:47:59', '2021-04-03 09:47:59'),
	(775, 1, 913, '2021-04-03 09:47:59', '2021-04-03 09:47:59'),
	(776, 1, 914, '2021-04-03 09:47:59', '2021-04-03 09:47:59'),
	(777, 1, 915, '2021-04-03 09:47:59', '2021-04-03 09:47:59'),
	(778, 1, 916, '2021-04-03 09:47:59', '2021-04-03 09:47:59'),
	(779, 1, 893, '2021-04-03 09:48:01', '2021-04-03 09:48:01'),
	(780, 1, 894, '2021-04-03 09:48:01', '2021-04-03 09:48:01'),
	(781, 1, 895, '2021-04-03 09:48:01', '2021-04-03 09:48:01'),
	(782, 1, 896, '2021-04-03 09:48:01', '2021-04-03 09:48:01'),
	(783, 1, 897, '2021-04-03 09:48:01', '2021-04-03 09:48:01'),
	(784, 1, 898, '2021-04-03 09:48:01', '2021-04-03 09:48:01'),
	(785, 1, 899, '2021-04-03 09:49:43', '2021-04-03 09:49:43'),
	(786, 1, 900, '2021-04-03 09:49:43', '2021-04-03 09:49:43'),
	(787, 1, 901, '2021-04-03 09:49:43', '2021-04-03 09:49:43'),
	(788, 1, 902, '2021-04-03 09:49:43', '2021-04-03 09:49:43'),
	(789, 1, 903, '2021-04-03 09:49:45', '2021-04-03 09:49:45'),
	(790, 1, 904, '2021-04-03 09:49:45', '2021-04-03 09:49:45'),
	(791, 1, 905, '2021-04-03 09:49:45', '2021-04-03 09:49:45'),
	(792, 1, 906, '2021-04-03 09:49:45', '2021-04-03 09:49:45'),
	(793, 1, 907, '2021-04-03 09:49:45', '2021-04-03 09:49:45'),
	(794, 1, 908, '2021-04-03 09:49:45', '2021-04-03 09:49:45'),
	(795, 1, 909, '2021-04-03 09:49:45', '2021-04-03 09:49:45'),
	(796, 1, 887, '2021-04-03 09:49:47', '2021-04-03 09:49:47'),
	(797, 1, 888, '2021-04-03 09:49:47', '2021-04-03 09:49:47'),
	(798, 1, 889, '2021-04-03 09:49:47', '2021-04-03 09:49:47'),
	(799, 1, 890, '2021-04-03 09:49:47', '2021-04-03 09:49:47'),
	(800, 1, 891, '2021-04-03 09:49:47', '2021-04-03 09:49:47'),
	(801, 1, 892, '2021-04-03 09:49:47', '2021-04-03 09:49:47'),
	(802, 1, 885, '2021-04-03 09:49:48', '2021-04-03 09:49:48'),
	(803, 1, 886, '2021-04-03 09:49:48', '2021-04-03 09:49:48'),
	(804, 1, 883, '2021-04-03 09:49:50', '2021-04-03 09:49:50'),
	(805, 1, 884, '2021-04-03 09:49:50', '2021-04-03 09:49:50'),
	(806, 1, 872, '2021-04-03 09:49:52', '2021-04-03 09:49:52'),
	(807, 1, 873, '2021-04-03 09:49:52', '2021-04-03 09:49:52'),
	(808, 1, 875, '2021-04-03 09:49:54', '2021-04-03 09:49:54'),
	(809, 1, 876, '2021-04-03 09:49:54', '2021-04-03 09:49:54'),
	(810, 1, 877, '2021-04-03 09:49:57', '2021-04-03 09:49:57'),
	(811, 1, 878, '2021-04-03 09:49:57', '2021-04-03 09:49:57'),
	(812, 1, 879, '2021-04-03 09:49:57', '2021-04-03 09:49:57'),
	(813, 1, 880, '2021-04-03 09:49:57', '2021-04-03 09:49:57'),
	(814, 1, 881, '2021-04-03 09:49:57', '2021-04-03 09:49:57'),
	(815, 1, 882, '2021-04-03 09:49:57', '2021-04-03 09:49:57'),
	(844, 1, 1003, '2021-04-03 10:19:35', '2021-04-03 10:19:35'),
	(845, 1, 1004, '2021-04-03 10:19:35', '2021-04-03 10:19:35'),
	(846, 1, 1005, '2021-04-03 10:19:35', '2021-04-03 10:19:35'),
	(847, 1, 1006, '2021-04-03 10:19:35', '2021-04-03 10:19:35'),
	(848, 1, 1007, '2021-04-03 10:19:35', '2021-04-03 10:19:35'),
	(849, 1, 1008, '2021-04-03 10:19:35', '2021-04-03 10:19:35'),
	(985, 10, 899, '2021-04-03 10:20:39', '2021-04-03 10:20:39'),
	(986, 10, 900, '2021-04-03 10:20:39', '2021-04-03 10:20:39'),
	(987, 10, 901, '2021-04-03 10:20:39', '2021-04-03 10:20:39'),
	(988, 10, 902, '2021-04-03 10:20:39', '2021-04-03 10:20:39'),
	(1075, 1, 1012, '2021-04-06 00:44:19', '2021-04-06 00:44:19'),
	(1076, 1, 997, '2021-04-06 00:44:19', '2021-04-06 00:44:19'),
	(1077, 1, 998, '2021-04-06 00:44:19', '2021-04-06 00:44:19'),
	(1078, 1, 999, '2021-04-06 00:44:19', '2021-04-06 00:44:19'),
	(1079, 1, 1000, '2021-04-06 00:44:19', '2021-04-06 00:44:19'),
	(1080, 1, 1001, '2021-04-06 00:44:19', '2021-04-06 00:44:19'),
	(1081, 1, 1002, '2021-04-06 00:44:19', '2021-04-06 00:44:19'),
	(1082, 1, 1009, '2021-04-06 00:44:19', '2021-04-06 00:44:19'),
	(1083, 1, 1010, '2021-04-06 00:44:19', '2021-04-06 00:44:19'),
	(1084, 1, 1011, '2021-04-06 00:44:19', '2021-04-06 00:44:19'),
	(1090, 1, 959, '2021-04-11 19:21:57', '2021-04-11 19:21:57'),
	(1091, 1, 960, '2021-04-11 19:21:57', '2021-04-11 19:21:57'),
	(1092, 1, 961, '2021-04-11 19:21:57', '2021-04-11 19:21:57'),
	(1093, 1, 963, '2021-04-11 19:21:57', '2021-04-11 19:21:57'),
	(1094, 1, 964, '2021-04-11 19:21:57', '2021-04-11 19:21:57'),
	(1095, 1, 965, '2021-04-11 19:21:57', '2021-04-11 19:21:57'),
	(1096, 1, 966, '2021-04-11 19:21:57', '2021-04-11 19:21:57'),
	(1097, 1, 967, '2021-04-11 19:21:57', '2021-04-11 19:21:57'),
	(1098, 1, 968, '2021-04-11 19:21:57', '2021-04-11 19:21:57'),
	(1099, 1, 970, '2021-04-11 19:21:57', '2021-04-11 19:21:57'),
	(1100, 1, 971, '2021-04-11 19:21:57', '2021-04-11 19:21:57'),
	(1101, 1, 979, '2021-04-11 19:21:57', '2021-04-11 19:21:57'),
	(1102, 1, 981, '2021-04-11 19:21:57', '2021-04-11 19:21:57'),
	(1103, 1, 986, '2021-04-11 19:21:57', '2021-04-11 19:21:57'),
	(1104, 1, 987, '2021-04-11 19:21:57', '2021-04-11 19:21:57'),
	(1105, 1, 1014, '2021-04-11 19:21:57', '2021-04-11 19:21:57'),
	(1106, 1, 935, '2021-04-11 19:21:58', '2021-04-11 19:21:58'),
	(1107, 1, 936, '2021-04-11 19:21:58', '2021-04-11 19:21:58'),
	(1108, 1, 937, '2021-04-11 19:21:58', '2021-04-11 19:21:58'),
	(1109, 1, 938, '2021-04-11 19:21:58', '2021-04-11 19:21:58'),
	(1110, 1, 939, '2021-04-11 19:21:58', '2021-04-11 19:21:58'),
	(1111, 1, 940, '2021-04-11 19:21:58', '2021-04-11 19:21:58'),
	(1112, 1, 941, '2021-04-11 19:21:58', '2021-04-11 19:21:58'),
	(1113, 1, 942, '2021-04-11 19:21:58', '2021-04-11 19:21:58'),
	(1114, 1, 943, '2021-04-11 19:21:58', '2021-04-11 19:21:58'),
	(1115, 1, 969, '2021-04-11 19:21:58', '2021-04-11 19:21:58'),
	(1116, 1, 978, '2021-04-11 19:21:58', '2021-04-11 19:21:58'),
	(1117, 1, 982, '2021-04-11 19:21:58', '2021-04-11 19:21:58'),
	(1118, 1, 1013, '2021-04-11 19:21:58', '2021-04-11 19:21:58'),
	(1180, 9, 910, '2021-04-11 19:22:24', '2021-04-11 19:22:24'),
	(1181, 9, 972, '2021-04-11 19:22:25', '2021-04-11 19:22:25'),
	(1182, 9, 973, '2021-04-11 19:22:25', '2021-04-11 19:22:25'),
	(1183, 9, 974, '2021-04-11 19:22:25', '2021-04-11 19:22:25'),
	(1184, 9, 975, '2021-04-11 19:22:25', '2021-04-11 19:22:25'),
	(1185, 9, 980, '2021-04-11 19:22:25', '2021-04-11 19:22:25'),
	(1186, 9, 935, '2021-04-11 19:22:26', '2021-04-11 19:22:26'),
	(1187, 9, 936, '2021-04-11 19:22:26', '2021-04-11 19:22:26'),
	(1188, 9, 937, '2021-04-11 19:22:26', '2021-04-11 19:22:26'),
	(1189, 9, 938, '2021-04-11 19:22:26', '2021-04-11 19:22:26'),
	(1190, 9, 939, '2021-04-11 19:22:26', '2021-04-11 19:22:26'),
	(1191, 9, 940, '2021-04-11 19:22:26', '2021-04-11 19:22:26'),
	(1192, 9, 941, '2021-04-11 19:22:26', '2021-04-11 19:22:26'),
	(1193, 9, 942, '2021-04-11 19:22:26', '2021-04-11 19:22:26'),
	(1194, 9, 943, '2021-04-11 19:22:26', '2021-04-11 19:22:26'),
	(1195, 9, 969, '2021-04-11 19:22:26', '2021-04-11 19:22:26'),
	(1196, 9, 978, '2021-04-11 19:22:26', '2021-04-11 19:22:26'),
	(1197, 9, 982, '2021-04-11 19:22:26', '2021-04-11 19:22:26'),
	(1198, 9, 1013, '2021-04-11 19:22:26', '2021-04-11 19:22:26'),
	(1199, 9, 959, '2021-04-11 19:22:28', '2021-04-11 19:22:28'),
	(1200, 9, 960, '2021-04-11 19:22:28', '2021-04-11 19:22:28'),
	(1201, 9, 961, '2021-04-11 19:22:28', '2021-04-11 19:22:28'),
	(1202, 9, 963, '2021-04-11 19:22:28', '2021-04-11 19:22:28'),
	(1203, 9, 964, '2021-04-11 19:22:28', '2021-04-11 19:22:28'),
	(1204, 9, 965, '2021-04-11 19:22:28', '2021-04-11 19:22:28'),
	(1205, 9, 966, '2021-04-11 19:22:28', '2021-04-11 19:22:28'),
	(1206, 9, 967, '2021-04-11 19:22:28', '2021-04-11 19:22:28'),
	(1207, 9, 968, '2021-04-11 19:22:28', '2021-04-11 19:22:28'),
	(1208, 9, 970, '2021-04-11 19:22:28', '2021-04-11 19:22:28'),
	(1209, 9, 971, '2021-04-11 19:22:28', '2021-04-11 19:22:28'),
	(1210, 9, 979, '2021-04-11 19:22:28', '2021-04-11 19:22:28'),
	(1211, 9, 981, '2021-04-11 19:22:28', '2021-04-11 19:22:28'),
	(1212, 9, 986, '2021-04-11 19:22:28', '2021-04-11 19:22:28'),
	(1213, 9, 987, '2021-04-11 19:22:28', '2021-04-11 19:22:28'),
	(1214, 9, 1014, '2021-04-11 19:22:28', '2021-04-11 19:22:28'),
	(1215, 9, 988, '2021-04-11 19:22:29', '2021-04-11 19:22:29'),
	(1216, 9, 989, '2021-04-11 19:22:29', '2021-04-11 19:22:29'),
	(1217, 9, 990, '2021-04-11 19:22:29', '2021-04-11 19:22:29'),
	(1218, 9, 1012, '2021-04-11 19:22:31', '2021-04-11 19:22:31'),
	(1219, 9, 997, '2021-04-11 19:22:31', '2021-04-11 19:22:31'),
	(1220, 9, 998, '2021-04-11 19:22:31', '2021-04-11 19:22:31'),
	(1221, 9, 999, '2021-04-11 19:22:31', '2021-04-11 19:22:31'),
	(1222, 9, 1000, '2021-04-11 19:22:31', '2021-04-11 19:22:31'),
	(1223, 9, 1001, '2021-04-11 19:22:31', '2021-04-11 19:22:31'),
	(1224, 9, 1002, '2021-04-11 19:22:31', '2021-04-11 19:22:31'),
	(1225, 9, 1009, '2021-04-11 19:22:31', '2021-04-11 19:22:31'),
	(1226, 9, 1010, '2021-04-11 19:22:31', '2021-04-11 19:22:31'),
	(1227, 9, 1011, '2021-04-11 19:22:31', '2021-04-11 19:22:31'),
	(1228, 9, 917, '2021-04-11 19:22:33', '2021-04-11 19:22:33'),
	(1229, 9, 918, '2021-04-11 19:22:33', '2021-04-11 19:22:33'),
	(1230, 9, 919, '2021-04-11 19:22:33', '2021-04-11 19:22:33'),
	(1231, 9, 920, '2021-04-11 19:22:33', '2021-04-11 19:22:33'),
	(1232, 9, 921, '2021-04-11 19:22:33', '2021-04-11 19:22:33'),
	(1233, 9, 922, '2021-04-11 19:22:33', '2021-04-11 19:22:33'),
	(1234, 9, 983, '2021-04-11 19:22:33', '2021-04-11 19:22:33'),
	(1235, 9, 929, '2021-04-11 19:22:34', '2021-04-11 19:22:34'),
	(1236, 9, 930, '2021-04-11 19:22:34', '2021-04-11 19:22:34'),
	(1237, 9, 931, '2021-04-11 19:22:34', '2021-04-11 19:22:34'),
	(1238, 9, 932, '2021-04-11 19:22:34', '2021-04-11 19:22:34'),
	(1239, 9, 933, '2021-04-11 19:22:34', '2021-04-11 19:22:34'),
	(1240, 9, 934, '2021-04-11 19:22:34', '2021-04-11 19:22:34'),
	(1241, 9, 984, '2021-04-11 19:22:34', '2021-04-11 19:22:34'),
	(1242, 9, 923, '2021-04-11 19:22:36', '2021-04-11 19:22:36'),
	(1243, 9, 924, '2021-04-11 19:22:36', '2021-04-11 19:22:36'),
	(1244, 9, 925, '2021-04-11 19:22:36', '2021-04-11 19:22:36'),
	(1245, 9, 926, '2021-04-11 19:22:36', '2021-04-11 19:22:36'),
	(1246, 9, 927, '2021-04-11 19:22:36', '2021-04-11 19:22:36'),
	(1247, 9, 928, '2021-04-11 19:22:36', '2021-04-11 19:22:36'),
	(1248, 9, 985, '2021-04-11 19:22:36', '2021-04-11 19:22:36'),
	(1249, 9, 1003, '2021-04-11 19:22:40', '2021-04-11 19:22:40'),
	(1250, 9, 1004, '2021-04-11 19:22:40', '2021-04-11 19:22:40'),
	(1251, 9, 1005, '2021-04-11 19:22:40', '2021-04-11 19:22:40'),
	(1252, 9, 1006, '2021-04-11 19:22:40', '2021-04-11 19:22:40'),
	(1253, 9, 1007, '2021-04-11 19:22:40', '2021-04-11 19:22:40'),
	(1254, 9, 1008, '2021-04-11 19:22:40', '2021-04-11 19:22:40'),
	(1255, 10, 910, '2021-04-11 19:22:46', '2021-04-11 19:22:46'),
	(1256, 10, 972, '2021-04-11 19:22:48', '2021-04-11 19:22:48'),
	(1257, 10, 973, '2021-04-11 19:22:48', '2021-04-11 19:22:48'),
	(1258, 10, 974, '2021-04-11 19:22:48', '2021-04-11 19:22:48'),
	(1259, 10, 975, '2021-04-11 19:22:48', '2021-04-11 19:22:48'),
	(1260, 10, 980, '2021-04-11 19:22:48', '2021-04-11 19:22:48'),
	(1261, 10, 935, '2021-04-11 19:22:49', '2021-04-11 19:22:49'),
	(1262, 10, 936, '2021-04-11 19:22:49', '2021-04-11 19:22:49'),
	(1263, 10, 937, '2021-04-11 19:22:49', '2021-04-11 19:22:49'),
	(1264, 10, 938, '2021-04-11 19:22:49', '2021-04-11 19:22:49'),
	(1265, 10, 939, '2021-04-11 19:22:49', '2021-04-11 19:22:49'),
	(1266, 10, 940, '2021-04-11 19:22:49', '2021-04-11 19:22:49'),
	(1267, 10, 941, '2021-04-11 19:22:49', '2021-04-11 19:22:49'),
	(1268, 10, 942, '2021-04-11 19:22:49', '2021-04-11 19:22:49'),
	(1269, 10, 943, '2021-04-11 19:22:49', '2021-04-11 19:22:49'),
	(1270, 10, 969, '2021-04-11 19:22:49', '2021-04-11 19:22:49'),
	(1271, 10, 978, '2021-04-11 19:22:50', '2021-04-11 19:22:50'),
	(1272, 10, 982, '2021-04-11 19:22:50', '2021-04-11 19:22:50'),
	(1273, 10, 1013, '2021-04-11 19:22:50', '2021-04-11 19:22:50'),
	(1274, 10, 959, '2021-04-11 19:22:51', '2021-04-11 19:22:51'),
	(1275, 10, 960, '2021-04-11 19:22:51', '2021-04-11 19:22:51'),
	(1276, 10, 961, '2021-04-11 19:22:51', '2021-04-11 19:22:51'),
	(1277, 10, 963, '2021-04-11 19:22:51', '2021-04-11 19:22:51'),
	(1278, 10, 964, '2021-04-11 19:22:51', '2021-04-11 19:22:51'),
	(1279, 10, 965, '2021-04-11 19:22:51', '2021-04-11 19:22:51'),
	(1280, 10, 966, '2021-04-11 19:22:51', '2021-04-11 19:22:51'),
	(1281, 10, 967, '2021-04-11 19:22:51', '2021-04-11 19:22:51'),
	(1282, 10, 968, '2021-04-11 19:22:51', '2021-04-11 19:22:51'),
	(1283, 10, 970, '2021-04-11 19:22:51', '2021-04-11 19:22:51'),
	(1284, 10, 971, '2021-04-11 19:22:51', '2021-04-11 19:22:51'),
	(1285, 10, 979, '2021-04-11 19:22:51', '2021-04-11 19:22:51'),
	(1286, 10, 981, '2021-04-11 19:22:51', '2021-04-11 19:22:51'),
	(1287, 10, 986, '2021-04-11 19:22:51', '2021-04-11 19:22:51'),
	(1288, 10, 987, '2021-04-11 19:22:51', '2021-04-11 19:22:51'),
	(1289, 10, 1014, '2021-04-11 19:22:51', '2021-04-11 19:22:51'),
	(1290, 10, 988, '2021-04-11 19:22:53', '2021-04-11 19:22:53'),
	(1291, 10, 989, '2021-04-11 19:22:53', '2021-04-11 19:22:53'),
	(1292, 10, 990, '2021-04-11 19:22:53', '2021-04-11 19:22:53'),
	(1293, 10, 1012, '2021-04-11 19:22:54', '2021-04-11 19:22:54'),
	(1294, 10, 997, '2021-04-11 19:22:54', '2021-04-11 19:22:54'),
	(1295, 10, 998, '2021-04-11 19:22:54', '2021-04-11 19:22:54'),
	(1296, 10, 999, '2021-04-11 19:22:54', '2021-04-11 19:22:54'),
	(1297, 10, 1000, '2021-04-11 19:22:54', '2021-04-11 19:22:54'),
	(1298, 10, 1001, '2021-04-11 19:22:54', '2021-04-11 19:22:54'),
	(1299, 10, 1002, '2021-04-11 19:22:54', '2021-04-11 19:22:54'),
	(1300, 10, 1009, '2021-04-11 19:22:54', '2021-04-11 19:22:54'),
	(1301, 10, 1010, '2021-04-11 19:22:54', '2021-04-11 19:22:54'),
	(1302, 10, 1011, '2021-04-11 19:22:54', '2021-04-11 19:22:54'),
	(1303, 10, 917, '2021-04-11 19:22:56', '2021-04-11 19:22:56'),
	(1304, 10, 918, '2021-04-11 19:22:56', '2021-04-11 19:22:56'),
	(1305, 10, 919, '2021-04-11 19:22:56', '2021-04-11 19:22:56'),
	(1306, 10, 920, '2021-04-11 19:22:56', '2021-04-11 19:22:56'),
	(1307, 10, 921, '2021-04-11 19:22:56', '2021-04-11 19:22:56'),
	(1308, 10, 922, '2021-04-11 19:22:56', '2021-04-11 19:22:56'),
	(1309, 10, 983, '2021-04-11 19:22:56', '2021-04-11 19:22:56'),
	(1310, 10, 929, '2021-04-11 19:22:57', '2021-04-11 19:22:57'),
	(1311, 10, 930, '2021-04-11 19:22:57', '2021-04-11 19:22:57'),
	(1312, 10, 931, '2021-04-11 19:22:57', '2021-04-11 19:22:57'),
	(1313, 10, 932, '2021-04-11 19:22:57', '2021-04-11 19:22:57'),
	(1314, 10, 933, '2021-04-11 19:22:57', '2021-04-11 19:22:57'),
	(1315, 10, 934, '2021-04-11 19:22:57', '2021-04-11 19:22:57'),
	(1316, 10, 984, '2021-04-11 19:22:57', '2021-04-11 19:22:57'),
	(1317, 10, 923, '2021-04-11 19:22:59', '2021-04-11 19:22:59'),
	(1318, 10, 924, '2021-04-11 19:22:59', '2021-04-11 19:22:59'),
	(1319, 10, 925, '2021-04-11 19:22:59', '2021-04-11 19:22:59'),
	(1320, 10, 926, '2021-04-11 19:22:59', '2021-04-11 19:22:59'),
	(1321, 10, 927, '2021-04-11 19:22:59', '2021-04-11 19:22:59'),
	(1322, 10, 928, '2021-04-11 19:22:59', '2021-04-11 19:22:59'),
	(1323, 10, 985, '2021-04-11 19:22:59', '2021-04-11 19:22:59'),
	(1324, 10, 1003, '2021-04-11 19:23:00', '2021-04-11 19:23:00'),
	(1325, 10, 1004, '2021-04-11 19:23:00', '2021-04-11 19:23:00'),
	(1326, 10, 1005, '2021-04-11 19:23:00', '2021-04-11 19:23:00'),
	(1327, 10, 1006, '2021-04-11 19:23:00', '2021-04-11 19:23:00'),
	(1328, 10, 1007, '2021-04-11 19:23:00', '2021-04-11 19:23:00'),
	(1329, 10, 1008, '2021-04-11 19:23:00', '2021-04-11 19:23:00'),
	(1330, 10, 911, '2021-04-11 19:23:02', '2021-04-11 19:23:02'),
	(1331, 10, 912, '2021-04-11 19:23:02', '2021-04-11 19:23:02'),
	(1332, 10, 913, '2021-04-11 19:23:02', '2021-04-11 19:23:02'),
	(1333, 10, 914, '2021-04-11 19:23:02', '2021-04-11 19:23:02'),
	(1334, 10, 915, '2021-04-11 19:23:02', '2021-04-11 19:23:02'),
	(1335, 10, 916, '2021-04-11 19:23:02', '2021-04-11 19:23:02'),
	(1336, 10, 893, '2021-04-11 19:23:06', '2021-04-11 19:23:06'),
	(1337, 10, 894, '2021-04-11 19:23:06', '2021-04-11 19:23:06'),
	(1338, 10, 895, '2021-04-11 19:23:06', '2021-04-11 19:23:06'),
	(1339, 10, 896, '2021-04-11 19:23:06', '2021-04-11 19:23:06'),
	(1340, 10, 897, '2021-04-11 19:23:06', '2021-04-11 19:23:06'),
	(1341, 10, 898, '2021-04-11 19:23:06', '2021-04-11 19:23:06'),
	(1342, 10, 903, '2021-04-11 19:23:09', '2021-04-11 19:23:09'),
	(1343, 10, 904, '2021-04-11 19:23:09', '2021-04-11 19:23:09'),
	(1344, 10, 905, '2021-04-11 19:23:09', '2021-04-11 19:23:09'),
	(1345, 10, 906, '2021-04-11 19:23:09', '2021-04-11 19:23:09'),
	(1346, 10, 907, '2021-04-11 19:23:09', '2021-04-11 19:23:09'),
	(1347, 10, 908, '2021-04-11 19:23:09', '2021-04-11 19:23:09'),
	(1348, 10, 909, '2021-04-11 19:23:09', '2021-04-11 19:23:09');
/*!40000 ALTER TABLE `admin_rule` ENABLE KEYS */;

-- Dumping structure for table alcomputer.chi_tiet_phieu_nhap
CREATE TABLE IF NOT EXISTS `chi_tiet_phieu_nhap` (
  `id` int(11) NOT NULL AUTO_INCREMENT,
  `id_phieu_nhap` int(11) NOT NULL,
  `id_san_pham` int(11) NOT NULL,
  `gia_nhap` decimal(20,0) NOT NULL DEFAULT 0,
  `so_luong` decimal(20,0) NOT NULL DEFAULT 0,
  `so_luong_da_xuat` decimal(20,0) NOT NULL DEFAULT 0,
  `giam_gia` decimal(20,0) NOT NULL DEFAULT 0,
  `thanh_tien` decimal(20,0) NOT NULL DEFAULT 0,
  `ghi_chu` varchar(250) DEFAULT NULL,
  `state` int(11) NOT NULL DEFAULT 0,
  PRIMARY KEY (`id`),
  KEY `FK_chi_tiet_phieu_nhap_phieu_nhap` (`id_phieu_nhap`),
  KEY `FK_chi_tiet_phieu_nhap_san_pham` (`id_san_pham`),
  CONSTRAINT `FK_chi_tiet_phieu_nhap_phieu_nhap` FOREIGN KEY (`id_phieu_nhap`) REFERENCES `phieu_nhap` (`id`) ON DELETE CASCADE ON UPDATE CASCADE,
  CONSTRAINT `FK_chi_tiet_phieu_nhap_san_pham` FOREIGN KEY (`id_san_pham`) REFERENCES `san_pham` (`id`) ON DELETE CASCADE ON UPDATE CASCADE
) ENGINE=InnoDB AUTO_INCREMENT=749 DEFAULT CHARSET=utf8;

-- Dumping data for table alcomputer.chi_tiet_phieu_nhap: ~238 rows (approximately)
/*!40000 ALTER TABLE `chi_tiet_phieu_nhap` DISABLE KEYS */;
INSERT INTO `chi_tiet_phieu_nhap` (`id`, `id_phieu_nhap`, `id_san_pham`, `gia_nhap`, `so_luong`, `so_luong_da_xuat`, `giam_gia`, `thanh_tien`, `ghi_chu`, `state`) VALUES
	(404, 358, 384, 87000, 9, 7, 0, 783000, '', 0),
	(405, 359, 386, 145000, 10, 5, 0, 1450000, '', 0),
	(406, 360, 398, 240000, 2, 1, 0, 480000, '', 0),
	(408, 362, 402, 90000, 3, 3, 0, 270000, '', 0),
	(409, 363, 405, 150000, 4, 3, 0, 600000, '', 0),
	(411, 365, 407, 220000, 2, 1, 0, 440000, '', 0),
	(412, 366, 408, 150000, 20, 9, 0, 3000000, '', 0),
	(413, 367, 409, 120000, 3, 3, 0, 360000, '', 0),
	(414, 368, 410, 120000, 2, 1, 0, 240000, '', 0),
	(416, 370, 412, 250000, 1, 0, 0, 250000, '', 0),
	(417, 371, 413, 30000, 4, 0, 0, 120000, '', 0),
	(418, 372, 414, 25000, 10, 4, 0, 250000, '', 0),
	(419, 373, 415, 22000, 10, 1, 0, 220000, '', 0),
	(420, 374, 436, 150000, 1, 1, 0, 150000, '', 0),
	(421, 375, 437, 45000, 2, 2, 0, 90000, '', 0),
	(422, 376, 438, 12000, 28, 25, 0, 336000, '', 0),
	(423, 377, 444, 4200, 302, 302, 0, 1268400, '', 0),
	(424, 378, 447, 345000, 3, 1, 0, 1035000, '', 0),
	(425, 379, 448, 1200, 81, 56, 0, 97200, '', 0),
	(426, 380, 461, 0, 92, 4, 0, 0, '', 0),
	(427, 381, 463, 0, 99, 0, 0, 0, '', 0),
	(428, 382, 464, 0, 97, 3, 0, 0, '', 0),
	(429, 383, 465, 0, 84, 10, 0, 0, '', 0),
	(431, 385, 474, 0, 99, 1, 0, 0, '', 0),
	(432, 386, 476, 0, 93, 2, 0, 0, '', 0),
	(433, 387, 481, 30000, 7, 7, 0, 210000, '', 0),
	(434, 388, 482, 30000, 13, 6, 0, 390000, '', 0),
	(435, 389, 491, 0, 99, 0, 0, 0, '', 0),
	(436, 390, 491, 0, 99, 0, 0, 0, '', 0),
	(437, 391, 494, 600000, 2, 1, 0, 1200000, '', 0),
	(438, 392, 493, 0, 98, 14, 0, 0, '', 0),
	(440, 394, 498, 0, 99, 0, 0, 0, '', 0),
	(442, 396, 501, 40000, 10, 4, 0, 400000, '', 0),
	(443, 397, 502, 35000, 5, 3, 0, 175000, '', 0),
	(445, 399, 506, 10000, 5, 0, 0, 50000, '', 0),
	(446, 400, 507, 15000, 3, 1, 0, 45000, '', 0),
	(447, 401, 508, 35000, 4, 1, 0, 140000, '', 0),
	(448, 402, 509, 30000, 9, 5, 0, 270000, '', 0),
	(449, 403, 520, 145000, 1, 1, 0, 145000, '', 0),
	(451, 405, 528, 310000, 1, 1, 0, 310000, '', 0),
	(452, 406, 536, 22000, 5, 0, 0, 110000, '', 0),
	(453, 407, 404, 25000, 59, 57, 0, 1475000, '', 0),
	(454, 408, 400, 320000, 1, 0, 0, 320000, '', 0),
	(455, 409, 446, 1150000, 2, 1, 0, 2300000, '', 0),
	(456, 410, 455, 860000, 1, 0, 0, 860000, '', 0),
	(457, 411, 495, 145000, 10, 8, 0, 1450000, '', 0),
	(458, 412, 496, 280000, 2, 2, 0, 560000, '', 0),
	(460, 414, 512, 130000, 1, 0, 0, 130000, '', 0),
	(461, 415, 515, 135000, 1, 1, 0, 135000, '', 0),
	(462, 416, 539, 780000, 1, 1, 0, 780000, '', 0),
	(463, 417, 540, 480000, 3, 3, 0, 1440000, '', 0),
	(465, 419, 505, 60000, 10, 5, 0, 600000, '', 0),
	(466, 420, 547, 75000, 10, 3, 0, 750000, '', 0),
	(469, 423, 542, 25000, 4, 4, 0, 100000, '', 0),
	(470, 424, 544, 22000, 20, 2, 0, 440000, '', 0),
	(473, 426, 467, 0, 99, 1, 0, 0, '', 0),
	(491, 439, 543, 600000, 1, 0, 0, 600000, '', 0),
	(492, 440, 436, 170000, 1, 1, 0, 170000, '', 0),
	(493, 441, 499, 1400, 307, 307, 0, 429800, '', 0),
	(494, 438, 549, 2900000, 1, 1, 0, 2900000, '', 0),
	(495, 422, 452, 290000, 1, 1, 0, 290000, '', 0),
	(497, 425, 545, 5000, 10, 5, 0, 50000, '', 0),
	(498, 433, 460, 40000, 4, 3, 0, 160000, '', 0),
	(499, 395, 500, 35000, 8, 0, 0, 280000, '', 0),
	(500, 443, 550, 230000, 1, 1, 0, 230000, '', 0),
	(501, 442, 541, 540000, 2, 2, 0, 1080000, '', 0),
	(503, 445, 551, 950000, 1, 1, 0, 950000, '', 0),
	(504, 446, 382, 250000, 1, 1, 0, 250000, '', 0),
	(505, 447, 383, 0, 1, 1, 0, 0, '', 0),
	(506, 398, 505, 60000, 2, 0, 0, 120000, '', 0),
	(509, 449, 443, 180000, 1, 0, 0, 180000, '', 0),
	(510, 450, 459, 30000, 10, 10, 0, 300000, '', 0),
	(524, 462, 532, 280000, 2, 2, 0, 560000, '', 0),
	(527, 462, 462, 10000, 10, 3, 0, 100000, '', 0),
	(528, 462, 522, 7000, 10, 0, 0, 70000, '', 0),
	(529, 463, 497, 1550000, 1, 1, 0, 1550000, '', 0),
	(530, 463, 510, 920000, 1, 1, 0, 920000, '', 0),
	(531, 463, 511, 750000, 1, 1, 0, 750000, '', 0),
	(532, 463, 513, 1250000, 1, 1, 0, 1250000, '', 0),
	(533, 463, 514, 286000, 2, 2, 0, 572000, '', 0),
	(534, 463, 520, 100000, 10, 2, 0, 1000000, '', 0),
	(535, 463, 521, 70000, 10, 3, 0, 700000, '', 0),
	(536, 464, 554, 1800000, 1, 1, 0, 1800000, '', 0),
	(537, 465, 555, 250000, 1, 1, 0, 250000, '', 0),
	(538, 465, 556, 350000, 1, 1, 0, 350000, '', 0),
	(539, 465, 557, 310000, 1, 1, 0, 310000, '', 0),
	(540, 393, 486, 135000, 1, 1, 0, 135000, '', 0),
	(541, 466, 558, 50000, 1, 1, 0, 50000, '', 0),
	(542, 466, 528, 310000, 1, 0, 0, 310000, '', 0),
	(543, 467, 548, 675000, 1, 1, 0, 675000, '', 0),
	(544, 468, 471, 0, 7, 1, 0, 0, '', 0),
	(545, 469, 470, 720000, 2, 2, 0, 1440000, '', 0),
	(546, 469, 541, 530000, 5, 5, 0, 2650000, '', 0),
	(548, 470, 559, 0, 100, 19, 0, 0, '', 0),
	(550, 469, 435, 95000, 5, 5, 0, 475000, '', 0),
	(552, 361, 399, 250000, 2, 2, 0, 500000, '', 0),
	(555, 474, 560, 220000, 1, 1, 0, 220000, '', 0),
	(556, 474, 540, 480000, 5, 5, 0, 2400000, '', 0),
	(557, 474, 561, 700000, 1, 1, 0, 700000, '', 0),
	(558, 474, 562, 1000000, 1, 1, 0, 1000000, '', 0),
	(559, 474, 488, 1000000, 1, 1, 0, 1000000, '', 0),
	(560, 475, 530, 3000000, 1, 1, 0, 3000000, '', 0),
	(561, 413, 503, 25000, 6, 6, 0, 150000, '', 0),
	(562, 474, 563, 400000, 1, 1, 0, 400000, '', 0),
	(565, 476, 492, 200000, 1, 1, 0, 200000, '', 0),
	(566, 477, 537, 480000, 2, 2, 0, 960000, '', 0),
	(567, 478, 483, 0, 50, 1, 0, 0, '', 0),
	(568, 479, 564, 0, 50, 0, 0, 0, '', 0),
	(569, 480, 509, 30000, 3, 0, 0, 90000, '', 0),
	(570, 481, 436, 170000, 1, 1, 0, 170000, '', 0),
	(571, 482, 437, 40000, 6, 6, 0, 240000, '', 0),
	(572, 483, 562, 1000000, 1, 1, 0, 1000000, '', 0),
	(574, 485, 399, 250000, 5, 4, 0, 1250000, '', 0),
	(575, 485, 514, 286000, 5, 2, 0, 1430000, '', 0),
	(576, 485, 565, 680000, 1, 1, 0, 680000, '', 0),
	(577, 485, 402, 100000, 10, 4, 0, 1000000, '', 0),
	(578, 486, 566, 0, 10, 1, 0, 0, '', 0),
	(579, 487, 567, 200000, 1, 1, 0, 200000, '', 0),
	(580, 488, 568, 20000, 20, 10, 0, 400000, '', 0),
	(583, 476, 468, 250000, 1, 1, 0, 250000, '', 0),
	(584, 489, 570, 250000, 1, 1, 0, 250000, '', 0),
	(585, 489, 571, 200000, 1, 1, 0, 200000, '', 0),
	(586, 490, 387, 270000, 1, 1, 0, 270000, '', 0),
	(587, 491, 436, 170000, 1, 1, 0, 170000, '', 0),
	(589, 492, 488, 1040000, 1, 1, 0, 1040000, '', 0),
	(590, 493, 403, 30000, 1, 1, 0, 30000, '', 0),
	(591, 494, 456, 150000, 4, 1, 0, 600000, '', 0),
	(592, 364, 406, 150000, 2, 1, 0, 300000, '', 0),
	(593, 369, 411, 220000, 4, 1, 0, 880000, '', 0),
	(594, 495, 572, 1900000, 1, 1, 0, 1900000, '', 0),
	(595, 496, 573, 310000, 1, 1, 0, 310000, '', 0),
	(599, 496, 574, 200000, 1, 1, 0, 200000, '', 0),
	(600, 496, 385, 150000, 1, 1, 0, 150000, '', 0),
	(601, 499, 395, 0, 1, 1, 0, 0, '', 0),
	(603, 501, 478, 350000, 1, 1, 0, 350000, '', 0),
	(604, 502, 576, 0, 50, 0, 0, 0, '', 0),
	(605, 503, 488, 1000000, 1, 1, 0, 1000000, '', 0),
	(606, 503, 577, 200000, 1, 0, 0, 200000, '', 0),
	(607, 503, 487, 350000, 1, 1, 0, 350000, '', 0),
	(608, 503, 419, 700000, 1, 1, 0, 700000, '', 0),
	(610, 503, 578, 430000, 4, 4, 0, 1720000, '', 0),
	(615, 506, 439, 60000, 2, 1, 0, 120000, '', 0),
	(616, 506, 499, 1700, 500, 197, 0, 850000, '', 0),
	(617, 506, 444, 4600, 305, 284, 0, 1403000, '', 0),
	(618, 507, 437, 40000, 5, 5, 0, 200000, '', 0),
	(619, 507, 524, 5200, 100, 17, 0, 520000, '', 0),
	(621, 508, 389, 0, 3, 3, 0, 0, '', 0),
	(622, 509, 442, 0, 100, 6, 0, 0, '', 0),
	(623, 507, 469, 120000, 1, 1, 0, 120000, '', 0),
	(624, 510, 581, 0, 1, 1, 0, 0, '', 0),
	(625, 507, 435, 110000, 1, 1, 0, 110000, '', 0),
	(626, 506, 582, 250000, 1, 1, 0, 250000, '', 0),
	(627, 509, 390, 0, 1, 1, 0, 0, '', 0),
	(628, 504, 579, 0, 2, 2, 0, 0, '', 0),
	(629, 507, 391, 27000, 2, 2, 0, 54000, '', 0),
	(630, 507, 435, 110000, 5, 5, 0, 550000, '', 0),
	(631, 511, 392, 0, 1, 1, 0, 0, '', 0),
	(632, 509, 475, 0, 1, 1, 0, 0, '', 0),
	(634, 512, 527, 850000, 2, 2, 0, 1700000, '', 0),
	(635, 512, 488, 1000000, 1, 1, 0, 1000000, '', 0),
	(638, 493, 436, 170000, 2, 2, 0, 340000, '', 0),
	(639, 512, 537, 480000, 2, 2, 0, 960000, '', 0),
	(642, 513, 487, 350000, 2, 0, 0, 700000, '', 0),
	(643, 513, 562, 1000000, 1, 0, 0, 1000000, '', 0),
	(644, 513, 448, 1200, 100, 0, 0, 120000, '', 0),
	(645, 514, 435, 130000, 2, 2, 0, 260000, '', 0),
	(646, 515, 393, 600000, 1, 1, 0, 600000, '', 0),
	(647, 516, 436, 180000, 5, 3, 0, 900000, '', 0),
	(648, 516, 541, 540000, 2, 2, 0, 1080000, '', 0),
	(649, 517, 394, 295000, 1, 1, 0, 295000, '', 0),
	(650, 410, 541, 540000, 1, 1, 0, 540000, '', 0),
	(651, 518, 490, 400000, 1, 0, 0, 400000, '', 0),
	(652, 519, 454, 63000, 1, 1, 0, 63000, '', 0),
	(653, 519, 391, 25000, 3, 1, 0, 75000, '', 0),
	(654, 520, 441, 130000, 2, 0, 0, 260000, '', 0),
	(656, 520, 437, 38000, 20, 5, 0, 760000, '', 0),
	(657, 521, 457, 0, 1, 1, 0, 0, '', 0),
	(658, 522, 466, 250000, 1, 1, 0, 250000, '', 0),
	(659, 522, 467, 190000, 1, 0, 0, 190000, '', 0),
	(660, 509, 472, 0, 1, 1, 0, 0, '', 0),
	(662, 523, 584, 0, 100, 1, 0, 0, '', 0),
	(663, 524, 472, 0, 100, 0, 0, 0, '', 0),
	(665, 525, 458, 600000, 1, 1, 0, 600000, '', 0),
	(666, 526, 503, 25000, 20, 4, 0, 500000, '', 0),
	(667, 526, 376, 2300000, 2, 1, 0, 4600000, '', 0),
	(670, 527, 440, 1100000, 1, 1, 0, 1100000, '', 0),
	(674, 527, 578, 430000, 8, 6, 0, 3440000, '', 0),
	(676, 527, 481, 30000, 8, 6, 0, 240000, '', 0),
	(678, 527, 479, 180000, 2, 1, 0, 360000, '', 0),
	(679, 527, 485, 300000, 1, 1, 0, 300000, '', 0),
	(681, 494, 397, 0, 7, 2, 0, 0, '', 0),
	(682, 529, 583, 0, 50, 4, 0, 0, '', 0),
	(683, 527, 417, 950000, 1, 1, 0, 950000, '', 0),
	(684, 530, 401, 700000, 1, 1, 0, 700000, '', 0),
	(685, 531, 473, 3500, 100, 11, 0, 350000, '', 0),
	(686, 532, 396, 5000000, 1, 1, 0, 5000000, '', 0),
	(687, 533, 484, 250000, 1, 1, 0, 250000, '', 0),
	(688, 534, 540, 480000, 5, 5, 0, 2400000, '', 0),
	(689, 534, 523, 220000, 1, 1, 0, 220000, '', 0),
	(691, 535, 569, 0, 1, 1, 0, 0, '', 0),
	(698, 537, 404, 25000, 50, 0, 0, 1250000, '', 0),
	(700, 537, 504, 660000, 2, 1, 0, 1320000, '', 0),
	(702, 538, 395, 0, 1, 0, 0, 0, '', 0),
	(703, 539, 578, 430000, 2, 0, 0, 860000, '', 0),
	(704, 539, 419, 700000, 1, 0, 0, 700000, '', 0),
	(705, 539, 480, 750000, 1, 0, 0, 750000, '', 0),
	(706, 539, 583, 60000, 1, 0, 0, 60000, '', 0),
	(708, 541, 531, 750000, 1, 1, 0, 750000, '', 0),
	(709, 541, 534, 350000, 1, 1, 0, 350000, '', 0),
	(710, 542, 392, 0, 1, 1, 0, 0, '', 0),
	(711, 541, 516, 230000, 1, 1, 0, 230000, '', 0),
	(713, 541, 519, 350000, 1, 1, 0, 350000, '', 0),
	(714, 541, 517, 200000, 1, 1, 0, 200000, '', 0),
	(715, 541, 489, 750000, 1, 1, 0, 750000, '', 0),
	(716, 541, 453, 1600000, 1, 1, 0, 1600000, '', 0),
	(717, 544, 538, 270000, 2, 2, 0, 540000, '', 0),
	(718, 544, 444, 5020, 915, 266, 0, 4593300, '', 0),
	(719, 541, 526, 250000, 1, 1, 0, 250000, '', 0),
	(720, 545, 387, 200000, 2, 2, 0, 400000, '', 0),
	(722, 545, 583, 100000, 1, 0, 0, 100000, '', 0),
	(723, 514, 525, 5000, 4, 0, 0, 20000, '', 0),
	(724, 537, 459, 30000, 10, 1, 0, 300000, '', 0),
	(725, 546, 535, 460000, 1, 0, 0, 460000, '', 0),
	(726, 547, 488, 1000000, 1, 1, 0, 1000000, '', 0),
	(727, 542, 518, 0, 50, 1, 0, 0, '', 0),
	(728, 548, 529, 1800000, 1, 1, 0, 1800000, '', 0),
	(729, 549, 391, 27000, 5, 0, 0, 135000, '', 0),
	(730, 549, 518, 200000, 1, 0, 0, 200000, '', 0),
	(732, 547, 450, 650000, 1, 1, 0, 650000, '', 0),
	(734, 547, 541, 560000, 2, 1, 0, 1120000, '', 0),
	(735, 547, 481, 30000, 20, 5, 0, 600000, '', 0),
	(736, 547, 449, 100000, 1, 1, 0, 100000, '', 0),
	(737, 547, 417, 950000, 1, 1, 0, 950000, '', 0),
	(738, 547, 477, 300000, 1, 1, 0, 300000, '', 0),
	(739, 550, 533, 1800000, 1, 1, 0, 1800000, '', 0),
	(740, 547, 488, 1000000, 1, 1, 0, 1000000, '', 0),
	(741, 547, 435, 110000, 2, 0, 0, 220000, '', 0),
	(742, 547, 541, 560000, 1, 0, 0, 560000, '', 0),
	(743, 550, 548, 720000, 2, 2, 0, 1440000, '', 0),
	(745, 547, 587, 120000, 2, 0, 0, 240000, '', 0),
	(746, 547, 586, 60000, 1, 1, 0, 60000, '', 0),
	(747, 547, 434, 850000, 2, 0, 0, 1700000, '', 0),
	(748, 547, 436, 180000, 5, 0, 0, 900000, '', 0);
/*!40000 ALTER TABLE `chi_tiet_phieu_nhap` ENABLE KEYS */;

-- Dumping structure for table alcomputer.chi_tiet_phieu_xuat
CREATE TABLE IF NOT EXISTS `chi_tiet_phieu_xuat` (
  `id` int(11) NOT NULL AUTO_INCREMENT,
  `id_phieu_xuat` int(11) NOT NULL,
  `id_chi_tiet_phieu_nhap` int(11) DEFAULT NULL COMMENT 'Lưu thông tin id chi tiết phiếu nhập để biết sản phẩm đó xuất từ chi tiết phiếu nhập nào',
  `id_san_pham` int(11) NOT NULL,
  `gia_xuat` decimal(20,0) NOT NULL DEFAULT 0,
  `gia_von` decimal(20,0) NOT NULL DEFAULT 0,
  `so_luong` decimal(20,0) NOT NULL DEFAULT 0,
  `giam_gia` decimal(20,0) NOT NULL DEFAULT 0,
  `thanh_tien` decimal(20,0) NOT NULL DEFAULT 0,
  `ghi_chu` varchar(250) DEFAULT NULL,
  `state` int(11) NOT NULL DEFAULT 0,
  PRIMARY KEY (`id`),
  KEY `FK_chi_tiet_phieu_xuat_phieu_xuat` (`id_phieu_xuat`),
  KEY `FK_chi_tiet_phieu_xuat_san_pham` (`id_san_pham`),
  KEY `FK_chi_tiet_phieu_xuat_chi_tiet_phieu_nhap` (`id_chi_tiet_phieu_nhap`),
  CONSTRAINT `FK_chi_tiet_phieu_xuat_chi_tiet_phieu_nhap` FOREIGN KEY (`id_chi_tiet_phieu_nhap`) REFERENCES `chi_tiet_phieu_nhap` (`id`) ON DELETE CASCADE ON UPDATE CASCADE,
  CONSTRAINT `FK_chi_tiet_phieu_xuat_phieu_xuat` FOREIGN KEY (`id_phieu_xuat`) REFERENCES `phieu_xuat` (`id`) ON DELETE CASCADE ON UPDATE CASCADE,
  CONSTRAINT `FK_chi_tiet_phieu_xuat_san_pham` FOREIGN KEY (`id_san_pham`) REFERENCES `san_pham` (`id`) ON DELETE CASCADE ON UPDATE CASCADE
) ENGINE=InnoDB AUTO_INCREMENT=1081 DEFAULT CHARSET=utf8;

-- Dumping data for table alcomputer.chi_tiet_phieu_xuat: ~292 rows (approximately)
/*!40000 ALTER TABLE `chi_tiet_phieu_xuat` DISABLE KEYS */;
INSERT INTO `chi_tiet_phieu_xuat` (`id`, `id_phieu_xuat`, `id_chi_tiet_phieu_nhap`, `id_san_pham`, `gia_xuat`, `gia_von`, `so_luong`, `giam_gia`, `thanh_tien`, `ghi_chu`, `state`) VALUES
	(394, 362, 412, 408, 275000, 150000, 1, 0, 275000, '', 0),
	(395, 363, 412, 408, 275000, 150000, 1, 0, 275000, '', 0),
	(402, 365, 432, 476, 250000, 0, 1, 0, 250000, '', 0),
	(406, 369, 453, 404, 80000, 25000, 1, 0, 80000, '', 0),
	(410, 371, 453, 404, 80000, 25000, 1, 0, 80000, '', 0),
	(412, 366, 420, 436, 170000, 150000, 1, 0, 170000, '', 0),
	(413, 366, 422, 438, 50000, 12000, 1, 0, 50000, '', 0),
	(417, 375, 453, 404, 110000, 25000, 1, 0, 110000, '', 0),
	(418, 376, 434, 482, 50000, 30000, 1, 0, 50000, '', 0),
	(419, 376, 470, 544, 45000, 22000, 1, 0, 45000, '', 0),
	(420, 376, 453, 404, 80000, 25000, 1, 0, 80000, '', 0),
	(422, 378, 463, 540, 880000, 480000, 1, 0, 880000, '', 0),
	(423, 378, 434, 482, 50000, 30000, 1, 0, 50000, '', 0),
	(425, 378, 470, 544, 70000, 22000, 1, 0, 70000, '', 0),
	(426, 378, 446, 507, 50000, 15000, 1, 0, 50000, '', 0),
	(427, 379, 465, 505, 120000, 60000, 1, 0, 120000, '', 0),
	(431, 380, 494, 549, 2900000, 2900000, 1, 0, 2900000, '', 0),
	(432, 370, 497, 545, 400000, 5000, 1, 0, 400000, '', 0),
	(433, 374, 497, 545, 50000, 5000, 1, 0, 50000, '', 0),
	(436, 383, 463, 540, 880000, 480000, 1, 0, 880000, '', 0),
	(442, 384, 492, 436, 170000, 170000, 1, 0, 170000, '', 0),
	(443, 384, 422, 438, 50000, 12000, 1, 0, 50000, '', 0),
	(445, 366, 501, 541, 630000, 540000, 1, 0, 630000, '', 0),
	(446, 385, 504, 382, 330000, 250000, 1, 0, 330000, '', 0),
	(447, 385, 505, 383, 80000, 0, 1, 0, 80000, '', 0),
	(449, 386, 500, 550, 350000, 230000, 1, 0, 350000, '', 0),
	(450, 386, 429, 465, 100000, 0, 1, 0, 100000, '', 0),
	(451, 374, 498, 460, 130000, 40000, 1, 0, 130000, '', 0),
	(452, 387, 449, 520, 300000, 145000, 1, 50000, 300000, '', 0),
	(453, 388, 462, 539, 1750000, 780000, 1, 0, 1750000, '', 0),
	(454, 389, 497, 545, 50000, 5000, 1, 0, 50000, '', 0),
	(455, 390, 497, 545, 5000, 5000, 1, 0, 5000, '', 0),
	(456, 371, 465, 505, 120000, 60000, 1, 0, 120000, '', 0),
	(457, 391, 453, 404, 110000, 25000, 1, 30000, 110000, '', 0),
	(460, 384, 501, 541, 780000, 540000, 1, 0, 780000, '', 0),
	(461, 394, 429, 465, 200000, 0, 1, 0, 200000, '', 0),
	(462, 395, 453, 404, 110000, 25000, 1, 0, 110000, '', 0),
	(463, 396, 429, 465, 150000, 0, 1, 0, 150000, '', 0),
	(464, 397, 453, 404, 110000, 25000, 1, 0, 110000, '', 0),
	(465, 398, 453, 404, 110000, 25000, 1, 0, 110000, '', 0),
	(468, 400, 412, 408, 275000, 150000, 1, 0, 275000, '', 0),
	(469, 399, 413, 409, 275000, 120000, 1, 0, 275000, '', 0),
	(470, 401, 495, 452, 390000, 290000, 1, 0, 390000, '', 0),
	(472, 403, 408, 402, 250000, 90000, 1, 50000, 250000, '', 0),
	(473, 403, 510, 459, 150000, 30000, 1, 0, 150000, '', 0),
	(474, 402, 540, 486, 250000, 135000, 1, 0, 250000, '', 0),
	(475, 404, 541, 558, 300000, 50000, 1, 0, 300000, '', 0),
	(477, 406, 529, 497, 1550000, 1550000, 1, 0, 1550000, '', 0),
	(478, 406, 530, 510, 1000000, 920000, 1, 0, 1000000, '', 0),
	(479, 406, 531, 511, 750000, 750000, 1, 0, 750000, '', 0),
	(480, 406, 532, 513, 1250000, 1250000, 1, 0, 1250000, '', 0),
	(481, 406, 533, 514, 300000, 286000, 1, 0, 300000, '', 0),
	(483, 406, 463, 540, 700000, 480000, 1, 0, 700000, '', 0),
	(484, 407, 527, 462, 100000, 10000, 1, 0, 100000, '', 0),
	(485, 408, 544, 471, 100000, 0, 1, 0, 100000, '', 0),
	(486, 409, 543, 548, 1075000, 675000, 1, 0, 1075000, '', 0),
	(488, 411, 539, 557, 390000, 310000, 1, 0, 390000, '', 0),
	(489, 412, 524, 532, 300000, 280000, 2, 0, 600000, '', 0),
	(493, 414, 548, 559, 150000, 0, 1, 0, 150000, '', 0),
	(494, 414, 457, 495, 250000, 145000, 1, 0, 250000, '', 0),
	(495, 406, 552, 399, 450000, 250000, 1, 0, 450000, '', 0),
	(496, 415, 453, 404, 80000, 25000, 1, 0, 80000, '', 0),
	(497, 416, 453, 404, 80000, 25000, 1, 0, 80000, '', 0),
	(498, 417, 545, 470, 1200000, 720000, 1, 0, 1200000, '', 0),
	(499, 417, 550, 435, 120000, 95000, 1, 0, 120000, '', 0),
	(500, 417, 421, 437, 80000, 45000, 1, 0, 80000, '', 0),
	(501, 418, 453, 404, 110000, 25000, 1, 10000, 110000, '', 0),
	(502, 419, 418, 414, 110000, 25000, 1, 0, 110000, '', 0),
	(503, 420, 546, 541, 655000, 530000, 2, 0, 1310000, '', 0),
	(504, 420, 550, 435, 95000, 95000, 2, 0, 190000, '', 0),
	(505, 421, 457, 495, 180000, 145000, 1, 0, 180000, '', 0),
	(506, 413, 538, 556, 390000, 350000, 1, 0, 390000, '', 0),
	(510, 410, 537, 555, 385000, 250000, 1, 0, 385000, '', 0),
	(514, 425, 548, 559, 80000, 0, 1, 0, 80000, '', 0),
	(515, 426, 418, 414, 80000, 25000, 1, 0, 80000, '', 0),
	(516, 426, 527, 462, 70000, 10000, 1, 0, 70000, '', 0),
	(517, 427, 442, 501, 140000, 40000, 1, 0, 140000, '', 0),
	(518, 427, 408, 402, 200000, 90000, 1, 0, 200000, '', 0),
	(519, 427, 510, 459, 130000, 30000, 1, 0, 130000, '', 0),
	(521, 429, 453, 404, 100000, 25000, 1, 0, 100000, '', 0),
	(523, 373, 561, 503, 80000, 25000, 1, 0, 80000, '', 0),
	(524, 381, 561, 503, 110000, 25000, 1, 10000, 110000, '', 0),
	(525, 423, 561, 503, 110000, 25000, 1, 10000, 110000, '', 0),
	(526, 430, 561, 503, 110000, 25000, 1, 0, 110000, '', 0),
	(527, 427, 453, 404, 110000, 25000, 1, 10000, 110000, '', 0),
	(528, 431, 453, 404, 80000, 25000, 1, 0, 80000, '', 0),
	(529, 432, 560, 530, 3500000, 3000000, 1, 0, 3500000, '', 0),
	(530, 433, 426, 461, 50000, 0, 1, 0, 50000, '', 0),
	(532, 434, 565, 492, 300000, 200000, 1, 0, 300000, '', 0),
	(535, 436, 556, 540, 700000, 480000, 1, 0, 700000, '', 0),
	(536, 436, 558, 562, 1150000, 1000000, 1, 0, 1150000, '', 0),
	(537, 436, 557, 561, 950000, 700000, 1, 0, 950000, '', 0),
	(538, 436, 562, 563, 450000, 400000, 1, 0, 450000, '', 0),
	(539, 436, 533, 514, 350000, 286000, 1, 0, 350000, '', 0),
	(541, 438, 448, 509, 110000, 30000, 3, 0, 330000, '', 0),
	(542, 438, 548, 559, 100000, 0, 1, 0, 100000, '', 0),
	(543, 438, 429, 465, 150000, 0, 1, 0, 150000, '', 0),
	(547, 438, 510, 459, 200000, 30000, 1, 0, 200000, '', 0),
	(548, 438, 425, 448, 5000, 1200, 6, 0, 30000, '', 0),
	(549, 438, 423, 444, 15000, 4200, 18, 0, 270000, '', 0),
	(550, 438, 438, 493, 50000, 0, 3, 0, 150000, '', 0),
	(551, 438, 426, 461, 50000, 0, 1, 0, 50000, '', 0),
	(554, 438, 426, 461, 150000, 0, 1, 0, 150000, '', 0),
	(555, 438, 426, 461, 450000, 0, 1, 0, 450000, '', 0),
	(557, 437, 429, 465, 200000, 0, 1, 0, 200000, '', 0),
	(559, 439, 442, 501, 200000, 40000, 1, 0, 200000, '', 0),
	(560, 439, 510, 459, 200000, 30000, 1, 0, 200000, '', 0),
	(561, 439, 413, 409, 275000, 120000, 1, 0, 275000, '', 0),
	(562, 440, 555, 560, 450000, 220000, 1, 0, 450000, '', 0),
	(563, 440, 559, 488, 1850000, 1000000, 1, 0, 1850000, '', 0),
	(564, 441, 561, 503, 80000, 25000, 1, 0, 80000, '', 0),
	(565, 442, 546, 541, 980000, 530000, 1, 0, 980000, '', 0),
	(566, 442, 570, 436, 170000, 170000, 1, 0, 170000, '', 0),
	(567, 443, 453, 404, 80000, 25000, 1, 0, 80000, '', 0),
	(570, 445, 453, 404, 80000, 25000, 1, 0, 80000, '', 0),
	(571, 445, 527, 462, 70000, 10000, 1, 0, 70000, '', 0),
	(579, 448, 466, 547, 145000, 75000, 1, 0, 145000, '', 0),
	(580, 448, 572, 562, 1485000, 1000000, 1, 0, 1485000, '', 0),
	(581, 447, 571, 437, 100000, 40000, 2, 0, 200000, '', 0),
	(583, 424, 453, 404, 110000, 25000, 2, 0, 220000, '', 0),
	(584, 450, 561, 503, 80000, 25000, 1, 0, 80000, '', 0),
	(585, 451, 429, 465, 80000, 0, 1, 0, 80000, '', 0),
	(586, 452, 418, 414, 100000, 25000, 1, 0, 100000, '', 0),
	(587, 453, 578, 566, 80000, 0, 1, 0, 80000, '', 0),
	(588, 454, 576, 565, 850000, 680000, 1, 0, 850000, '', 0),
	(589, 455, 497, 545, 60000, 5000, 1, 0, 60000, '', 0),
	(590, 456, 575, 514, 286000, 286000, 1, 0, 286000, '', 0),
	(591, 456, 552, 399, 250000, 250000, 1, 0, 250000, '', 0),
	(592, 456, 469, 542, 25000, 25000, 1, 0, 25000, '', 0),
	(593, 457, 428, 464, 80000, 0, 1, 0, 80000, '', 0),
	(594, 440, 404, 384, 165000, 87000, 1, 0, 165000, '', 0),
	(595, 458, 579, 567, 350000, 200000, 1, 0, 350000, '', 0),
	(598, 460, 429, 465, 100000, 0, 1, 0, 100000, '', 0),
	(599, 460, 465, 505, 130000, 60000, 1, 0, 130000, '', 0),
	(600, 460, 434, 482, 50000, 30000, 1, 0, 50000, '', 0),
	(601, 461, 453, 404, 100000, 25000, 3, 0, 300000, '', 0),
	(603, 462, 580, 568, 80000, 20000, 1, 0, 80000, '', 0),
	(604, 434, 583, 468, 280000, 250000, 1, 0, 280000, '', 0),
	(605, 463, 535, 521, 100000, 70000, 2, 0, 200000, '', 0),
	(608, 465, 457, 495, 180000, 145000, 1, 0, 180000, '', 0),
	(609, 466, 585, 571, 200000, 200000, 1, 0, 200000, '', 0),
	(612, 469, 586, 387, 350000, 270000, 1, 0, 350000, '', 0),
	(613, 468, 453, 404, 100000, 25000, 1, 0, 100000, '', 0),
	(615, 470, 580, 568, 20000, 20000, 1, 0, 20000, '', 0),
	(617, 471, 566, 537, 880000, 480000, 1, 0, 880000, '', 0),
	(619, 465, 584, 570, 350000, 250000, 1, 0, 350000, '', 0),
	(620, 472, 423, 444, 9000, 4200, 64, 0, 576000, '', 0),
	(621, 472, 421, 437, 84000, 45000, 1, 0, 84000, '', 0),
	(622, 472, 432, 476, 600000, 0, 1, 0, 600000, '', 0),
	(623, 473, 461, 515, 350000, 135000, 1, 0, 350000, '', 0),
	(624, 473, 423, 444, 15000, 4200, 2, 0, 30000, '', 0),
	(625, 473, 425, 448, 5000, 1200, 4, 0, 20000, '', 0),
	(626, 474, 453, 404, 80000, 25000, 1, 0, 80000, '', 0),
	(627, 475, 465, 505, 120000, 60000, 1, 0, 120000, '', 0),
	(628, 475, 434, 482, 50000, 30000, 1, 0, 50000, '', 0),
	(631, 477, 590, 403, 200000, 30000, 1, 0, 200000, '', 0),
	(634, 479, 591, 456, 150000, 150000, 1, 0, 150000, '', 0),
	(635, 480, 438, 493, 50000, 0, 1, 0, 50000, '', 0),
	(638, 483, 453, 404, 100000, 25000, 3, 0, 300000, '', 0),
	(639, 483, 498, 460, 130000, 40000, 1, 0, 130000, '', 0),
	(640, 484, 412, 408, 275000, 150000, 1, 0, 275000, '', 0),
	(641, 483, 556, 540, 1050000, 480000, 1, 0, 1050000, '', 0),
	(643, 485, 535, 521, 70000, 70000, 1, 0, 70000, '', 0),
	(644, 485, 536, 554, 1800000, 1800000, 1, 0, 1800000, '', 0),
	(645, 486, 594, 572, 2500000, 1900000, 1, 0, 2500000, '', 0),
	(646, 487, 546, 541, 815000, 530000, 1, 0, 815000, '', 0),
	(647, 487, 550, 435, 135000, 95000, 1, 0, 135000, '', 0),
	(650, 489, 595, 573, 380000, 310000, 1, 0, 380000, '', 0),
	(651, 490, 453, 404, 80000, 25000, 1, 0, 80000, '', 0),
	(653, 492, 448, 509, 100000, 30000, 1, 0, 100000, '', 0),
	(654, 489, 599, 574, 350000, 200000, 1, 0, 350000, '', 0),
	(656, 494, 600, 385, 250000, 150000, 1, 0, 250000, '', 0),
	(657, 494, 601, 395, 500000, 0, 1, 0, 500000, '', 0),
	(658, 495, 603, 478, 550000, 350000, 1, 0, 550000, '', 0),
	(660, 481, 548, 559, 100000, 0, 2, 0, 200000, '', 0),
	(661, 485, 580, 568, 20000, 20000, 1, 0, 20000, '', 0),
	(662, 497, 438, 493, 50000, 0, 1, 0, 50000, '', 0),
	(664, 498, 404, 384, 185000, 87000, 1, 0, 185000, '', 0),
	(665, 425, 457, 495, 170000, 145000, 1, 0, 170000, '', 0),
	(675, 500, 610, 578, 1140000, 430000, 4, 1760000, 4560000, '', 0),
	(677, 500, 422, 438, 25000, 12000, 4, 0, 100000, '', 0),
	(678, 500, 571, 437, 90000, 40000, 4, 0, 360000, '', 0),
	(679, 500, 433, 481, 80000, 30000, 4, 0, 320000, '', 0),
	(680, 500, 493, 499, 3000, 1400, 300, 0, 900000, '', 0),
	(682, 501, 469, 542, 200000, 25000, 1, 0, 200000, '', 0),
	(683, 501, 589, 488, 1300000, 1040000, 1, 0, 1300000, '', 0),
	(685, 502, 453, 404, 110000, 25000, 1, 0, 110000, '', 0),
	(686, 470, 423, 444, 4200, 4200, 218, 0, 915600, '', 0),
	(687, 470, 493, 499, 1400, 1400, 7, 0, 9800, '', 0),
	(688, 503, 453, 404, 100000, 25000, 1, 0, 100000, '', 0),
	(689, 504, 615, 439, 180000, 60000, 1, 0, 180000, '', 0),
	(690, 505, 617, 444, 15000, 4600, 25, 0, 375000, '', 0),
	(691, 505, 425, 448, 5000, 1200, 2, 0, 10000, '', 0),
	(692, 506, 617, 444, 15000, 4600, 29, 0, 435000, '', 0),
	(693, 506, 425, 448, 5000, 1200, 8, 0, 40000, '', 0),
	(694, 506, 621, 389, 80000, 0, 3, 0, 240000, '', 0),
	(696, 507, 453, 404, 80000, 25000, 1, 0, 80000, '', 0),
	(697, 508, 617, 444, 10000, 4600, 30, 0, 300000, '', 0),
	(698, 508, 622, 442, 200000, 0, 1, 0, 200000, '', 0),
	(699, 509, 458, 496, 450000, 280000, 1, 0, 450000, '', 0),
	(700, 509, 412, 408, 350000, 150000, 1, 0, 350000, '', 0),
	(701, 509, 453, 404, 110000, 25000, 1, 0, 110000, '', 0),
	(702, 510, 453, 404, 80000, 25000, 1, 0, 80000, '', 0),
	(703, 506, 619, 524, 10000, 5200, 4, 0, 40000, '', 0),
	(704, 506, 623, 469, 120000, 120000, 1, 0, 120000, '', 0),
	(705, 511, 624, 581, 900000, 0, 1, 0, 900000, '', 0),
	(706, 511, 510, 459, 200000, 30000, 1, 0, 200000, '', 0),
	(707, 511, 442, 501, 200000, 40000, 1, 0, 200000, '', 0),
	(709, 513, 510, 459, 200000, 30000, 1, 0, 200000, '', 0),
	(710, 514, 617, 444, 15000, 4600, 13, 0, 195000, '', 0),
	(711, 514, 425, 448, 5000, 1200, 2, 0, 10000, '', 0),
	(712, 515, 619, 524, 10000, 5200, 10, 0, 100000, '', 0),
	(713, 515, 617, 444, 15000, 4600, 17, 0, 255000, '', 0),
	(714, 515, 425, 448, 5000, 1200, 4, 0, 20000, '', 0),
	(715, 516, 626, 582, 400000, 250000, 1, 0, 400000, '', 0),
	(716, 515, 627, 390, 150000, 0, 1, 0, 150000, '', 0),
	(721, 520, 548, 559, 150000, 0, 1, 0, 150000, '', 0),
	(723, 520, 434, 482, 50000, 30000, 1, 0, 50000, '', 0),
	(724, 501, 628, 579, 250000, 0, 1, 0, 250000, '', 0),
	(725, 520, 628, 579, 250000, 0, 1, 0, 250000, '', 0),
	(726, 519, 438, 493, 50000, 0, 1, 0, 50000, '', 0),
	(727, 521, 546, 541, 800000, 530000, 1, 0, 800000, '', 0),
	(728, 521, 625, 435, 150000, 110000, 1, 0, 150000, '', 0),
	(729, 515, 629, 391, 35000, 27000, 2, 0, 70000, '', 0),
	(730, 522, 411, 407, 350000, 220000, 1, 0, 350000, '', 0),
	(731, 523, 466, 547, 150000, 75000, 1, 0, 150000, '', 0),
	(732, 500, 608, 419, 2240000, 700000, 1, 1220000, 2240000, '', 0),
	(733, 524, 630, 435, 110000, 110000, 1, 0, 110000, '', 0),
	(736, 464, 412, 408, 550000, 150000, 1, 0, 550000, '', 0),
	(737, 527, 575, 514, 300000, 286000, 1, 0, 300000, '', 0),
	(738, 527, 605, 488, 1340000, 1000000, 1, 0, 1340000, '', 0),
	(739, 527, 469, 542, 80000, 25000, 1, 0, 80000, '', 0),
	(740, 527, 466, 547, 145000, 75000, 1, 0, 145000, '', 0),
	(741, 527, 405, 386, 200000, 145000, 1, 0, 200000, '', 0),
	(743, 529, 453, 404, 100000, 25000, 1, 0, 100000, '', 0),
	(744, 530, 442, 501, 200000, 40000, 1, 0, 200000, '', 0),
	(745, 530, 631, 392, 500000, 0, 1, 0, 500000, '', 0),
	(746, 531, 429, 465, 80000, 0, 1, 0, 80000, '', 0),
	(747, 528, 413, 409, 200000, 120000, 1, 0, 200000, '', 0),
	(748, 459, 443, 502, 100000, 35000, 1, 0, 100000, '', 0),
	(749, 459, 580, 568, 100000, 20000, 1, 0, 100000, '', 0),
	(750, 532, 632, 475, 100000, 0, 1, 0, 100000, '', 0),
	(751, 532, 438, 493, 50000, 0, 1, 0, 50000, '', 0),
	(752, 526, 617, 444, 15000, 4600, 24, 0, 360000, '', 0),
	(753, 526, 425, 448, 5000, 1200, 2, 0, 10000, '', 0),
	(754, 533, 545, 470, 720000, 720000, 1, 0, 720000, '', 0),
	(755, 533, 630, 435, 110000, 110000, 1, 0, 110000, '', 0),
	(756, 533, 618, 437, 50000, 40000, 1, 0, 50000, '', 0),
	(757, 533, 422, 438, 50000, 12000, 1, 0, 50000, '', 0),
	(758, 534, 429, 465, 100000, 0, 1, 0, 100000, '', 0),
	(773, 539, 638, 436, 170000, 170000, 1, 0, 170000, '', 0),
	(774, 539, 422, 438, 20000, 12000, 1, 0, 20000, '', 0),
	(775, 539, 455, 446, 1150000, 1150000, 1, 0, 1150000, '', 0),
	(776, 540, 580, 568, 80000, 20000, 1, 0, 80000, '', 0),
	(779, 541, 406, 398, 450000, 240000, 1, 0, 450000, '', 0),
	(780, 541, 574, 399, 450000, 250000, 2, 0, 900000, '', 0),
	(781, 541, 404, 384, 185000, 87000, 3, 0, 555000, '', 0),
	(782, 541, 405, 386, 350000, 145000, 3, 0, 1050000, '', 0),
	(783, 541, 548, 559, 100000, 0, 5, 0, 500000, '', 0),
	(784, 541, 556, 540, 1050000, 480000, 1, 0, 1050000, '', 0),
	(786, 540, 548, 559, 100000, 0, 1, 0, 100000, '', 0),
	(787, 541, 607, 487, 700000, 350000, 1, 0, 700000, '', 0),
	(788, 541, 503, 551, 1685000, 950000, 1, 0, 1685000, '', 0),
	(789, 477, 419, 415, 110000, 22000, 1, 0, 110000, '', 0),
	(792, 543, 646, 393, 900000, 600000, 1, 0, 900000, '', 0),
	(793, 542, 630, 435, 180000, 110000, 2, 0, 360000, '', 0),
	(794, 542, 639, 537, 770000, 480000, 1, 0, 770000, '', 0),
	(804, 544, 422, 438, 20000, 12000, 2, 0, 40000, '', 0),
	(812, 544, 634, 527, 1115000, 850000, 1, 0, 1115000, '', 0),
	(813, 544, 638, 436, 180000, 170000, 1, 0, 180000, '', 0),
	(814, 544, 647, 436, 180000, 180000, 1, 0, 180000, '', 0),
	(815, 545, 465, 505, 120000, 60000, 1, 0, 120000, '', 0),
	(818, 546, 580, 568, 100000, 20000, 1, 0, 100000, '', 0),
	(819, 546, 453, 404, 100000, 25000, 1, 0, 100000, '', 0),
	(820, 544, 617, 444, 8000, 4600, 27, 0, 216000, '', 0),
	(821, 544, 648, 541, 769000, 540000, 1, 0, 769000, '', 0),
	(822, 547, 649, 394, 380000, 295000, 1, 0, 380000, '', 0),
	(823, 515, 622, 442, 100000, 0, 1, 0, 100000, '', 0),
	(824, 548, 639, 537, 720000, 480000, 1, 0, 720000, '', 0),
	(825, 548, 647, 436, 180000, 180000, 1, 0, 180000, '', 0),
	(826, 549, 453, 404, 110000, 25000, 1, 0, 110000, '', 0),
	(827, 550, 453, 404, 100000, 25000, 1, 0, 100000, '', 0),
	(828, 551, 580, 568, 80000, 20000, 1, 0, 80000, '', 0),
	(829, 552, 453, 404, 110000, 25000, 1, 0, 110000, '', 0),
	(830, 553, 443, 502, 80000, 35000, 1, 0, 80000, '', 0),
	(831, 554, 409, 405, 270000, 150000, 1, 0, 270000, '', 0),
	(832, 555, 619, 524, 10000, 5200, 3, 0, 30000, '', 0),
	(833, 555, 653, 391, 35000, 25000, 1, 0, 35000, '', 0),
	(834, 555, 652, 454, 100000, 63000, 1, 0, 100000, '', 0),
	(835, 555, 622, 442, 100000, 0, 1, 0, 100000, '', 0),
	(836, 486, 534, 520, 200000, 100000, 1, 0, 200000, '', 0),
	(837, 556, 648, 541, 820000, 540000, 1, 0, 820000, '', 0),
	(838, 556, 630, 435, 130000, 110000, 1, 0, 130000, '', 0),
	(839, 539, 645, 435, 130000, 130000, 1, 0, 130000, '', 0),
	(840, 539, 566, 537, 900000, 480000, 1, 0, 900000, '', 0),
	(841, 539, 634, 527, 1360000, 850000, 1, 0, 1360000, '', 0),
	(842, 557, 657, 457, 350000, 0, 1, 0, 350000, '', 0),
	(844, 559, 658, 466, 350000, 250000, 1, 0, 350000, '', 0),
	(845, 560, 660, 472, 200000, 0, 1, 0, 200000, '', 0),
	(846, 558, 473, 467, 300000, 0, 1, 0, 300000, '', 0),
	(847, 561, 453, 404, 100000, 25000, 1, 0, 100000, '', 0),
	(849, 482, 548, 559, 120000, 0, 1, 0, 120000, '', 0),
	(850, 525, 548, 559, 120000, 0, 1, 0, 120000, '', 0),
	(851, 449, 437, 494, 1050000, 600000, 1, 0, 1050000, '', 0),
	(852, 562, 662, 584, 150000, 0, 1, 0, 150000, '', 0),
	(855, 564, 580, 568, 80000, 20000, 1, 0, 80000, '', 0),
	(857, 566, 453, 404, 100000, 25000, 2, 0, 200000, '', 0),
	(858, 567, 567, 483, 150000, 0, 1, 0, 150000, '', 0),
	(859, 536, 635, 488, 1756000, 1000000, 1, 0, 1756000, '', 0),
	(860, 562, 414, 410, 300000, 120000, 1, 0, 300000, '', 0),
	(861, 568, 443, 502, 80000, 35000, 1, 0, 80000, '', 0),
	(862, 568, 580, 568, 80000, 20000, 1, 0, 80000, '', 0),
	(863, 569, 453, 404, 80000, 25000, 1, 0, 80000, '', 0),
	(865, 571, 593, 411, 550000, 220000, 1, 0, 550000, '', 0),
	(866, 572, 587, 436, 180000, 170000, 1, 0, 180000, '', 0),
	(867, 572, 650, 541, 770000, 540000, 1, 0, 770000, '', 0),
	(868, 573, 667, 376, 2750000, 2300000, 1, 0, 2750000, '', 0),
	(869, 574, 453, 404, 80000, 25000, 1, 0, 80000, '', 0),
	(870, 575, 453, 404, 100000, 25000, 1, 0, 100000, '', 0),
	(871, 576, 405, 386, 250000, 145000, 1, 0, 250000, '', 0),
	(874, 577, 453, 404, 100000, 25000, 3, 0, 300000, '', 0),
	(875, 578, 431, 474, 50000, 0, 1, 0, 50000, '', 0),
	(876, 576, 678, 479, 295000, 180000, 1, 0, 295000, '', 0),
	(877, 576, 434, 482, 50000, 30000, 1, 0, 50000, '', 0),
	(878, 576, 681, 397, 35000, 0, 1, 0, 35000, '', 0),
	(879, 573, 447, 508, 95000, 35000, 1, 0, 95000, '', 0),
	(880, 579, 682, 583, 425000, 0, 1, 0, 425000, '', 0),
	(881, 580, 682, 583, 350000, 0, 1, 0, 350000, '', 0),
	(882, 581, 682, 583, 1200000, 0, 1, 0, 1200000, '', 0),
	(883, 582, 453, 404, 100000, 25000, 1, 0, 100000, '', 0),
	(885, 583, 433, 481, 80000, 30000, 3, 0, 240000, '', 0),
	(886, 583, 676, 481, 80000, 30000, 3, 0, 240000, '', 0),
	(887, 583, 618, 437, 90000, 40000, 4, 0, 360000, '', 0),
	(888, 583, 656, 437, 90000, 38000, 2, 0, 180000, '', 0),
	(889, 583, 422, 438, 30000, 12000, 6, 0, 180000, '', 0),
	(891, 583, 670, 440, 1100000, 1100000, 1, 0, 1100000, '', 0),
	(893, 583, 674, 578, 840000, 430000, 6, 0, 5040000, '', 0),
	(895, 583, 683, 417, 960000, 950000, 1, 0, 960000, '', 0),
	(896, 471, 645, 435, 170000, 130000, 1, 0, 170000, '', 0),
	(897, 584, 556, 540, 1050000, 480000, 1, 0, 1050000, '', 0),
	(899, 585, 404, 384, 185000, 87000, 1, 0, 185000, '', 0),
	(900, 586, 418, 414, 150000, 25000, 1, 0, 150000, '', 0),
	(901, 587, 548, 559, 100000, 0, 1, 0, 100000, '', 0),
	(902, 588, 510, 459, 200000, 30000, 1, 0, 200000, '', 0),
	(903, 520, 592, 406, 350000, 150000, 1, 0, 350000, '', 0),
	(904, 410, 453, 404, 100000, 25000, 1, 0, 100000, '', 0),
	(905, 589, 428, 464, 200000, 0, 1, 0, 200000, '', 0),
	(907, 591, 622, 442, 200000, 0, 2, 0, 400000, '', 0),
	(908, 592, 412, 408, 350000, 150000, 1, 0, 350000, '', 0),
	(909, 593, 510, 459, 250000, 30000, 1, 0, 250000, '', 0),
	(910, 594, 666, 503, 100000, 25000, 1, 0, 100000, '', 0),
	(911, 595, 438, 493, 50000, 0, 1, 0, 50000, '', 0),
	(915, 597, 412, 408, 350000, 150000, 1, 0, 350000, '', 0),
	(918, 600, 453, 404, 110000, 25000, 1, 0, 110000, '', 0),
	(919, 601, 689, 523, 380000, 220000, 1, 0, 380000, '', 0),
	(920, 592, 510, 459, 200000, 30000, 1, 0, 200000, '', 0),
	(922, 593, 457, 495, 180000, 145000, 1, 0, 180000, '', 0),
	(924, 602, 691, 569, 200000, 0, 1, 0, 200000, '', 0),
	(925, 603, 457, 495, 180000, 145000, 1, 0, 180000, '', 0),
	(926, 570, 665, 458, 750000, 600000, 1, 0, 750000, '', 0),
	(928, 604, 688, 540, 1080000, 480000, 1, 0, 1080000, '', 0),
	(929, 605, 453, 404, 110000, 25000, 1, 0, 110000, '', 0),
	(930, 606, 580, 568, 80000, 20000, 1, 0, 80000, '', 0),
	(931, 607, 438, 493, 50000, 0, 1, 0, 50000, '', 0),
	(932, 608, 453, 404, 110000, 25000, 1, 0, 110000, '', 0),
	(934, 609, 688, 540, 880000, 480000, 1, 0, 880000, '', 0),
	(938, 612, 700, 504, 970000, 660000, 1, 0, 970000, '', 0),
	(939, 608, 409, 405, 350000, 150000, 1, 0, 350000, '', 0),
	(941, 614, 428, 464, 100000, 0, 1, 0, 100000, '', 0),
	(943, 616, 709, 534, 450000, 350000, 1, 0, 450000, '', 0),
	(946, 618, 453, 404, 80000, 25000, 1, 0, 80000, '', 0),
	(947, 618, 710, 392, 200000, 0, 1, 0, 200000, '', 0),
	(951, 618, 451, 528, 550000, 310000, 1, 0, 550000, '', 0),
	(953, 619, 453, 404, 100000, 25000, 1, 0, 100000, '', 0),
	(954, 620, 666, 503, 100000, 25000, 1, 0, 100000, '', 0),
	(955, 467, 409, 405, 550000, 150000, 1, 0, 550000, '', 0),
	(956, 617, 708, 531, 1000000, 750000, 1, 0, 1000000, '', 0),
	(957, 621, 412, 408, 350000, 150000, 1, 0, 350000, '', 0),
	(959, 622, 617, 444, 10000, 4600, 114, 0, 1140000, '', 0),
	(960, 622, 679, 485, 460000, 300000, 1, 0, 460000, '', 0),
	(962, 624, 711, 516, 350000, 230000, 1, 0, 350000, '', 0),
	(963, 623, 713, 519, 450000, 350000, 1, 0, 450000, '', 0),
	(964, 611, 714, 517, 380000, 200000, 1, 0, 380000, '', 0),
	(965, 604, 715, 489, 950000, 750000, 1, 0, 950000, '', 0),
	(966, 466, 716, 453, 1450000, 1600000, 1, 0, 1450000, '', 0),
	(968, 625, 688, 540, 1080000, 480000, 1, 0, 1080000, '', 0),
	(971, 626, 720, 387, 300000, 200000, 2, 0, 600000, '', 0),
	(972, 627, 682, 583, 280000, 0, 1, 0, 280000, '', 0),
	(973, 628, 574, 399, 400000, 250000, 1, 0, 400000, '', 0),
	(975, 630, 453, 404, 110000, 25000, 1, 0, 110000, '', 0),
	(976, 629, 577, 402, 300000, 100000, 1, 0, 300000, '', 0),
	(977, 625, 577, 402, 300000, 100000, 1, 0, 300000, '', 0),
	(978, 592, 577, 402, 300000, 100000, 1, 0, 300000, '', 0),
	(979, 631, 574, 399, 380000, 250000, 1, 0, 380000, '', 0),
	(983, 633, 717, 538, 590000, 270000, 2, 0, 1180000, '', 0),
	(986, 633, 685, 473, 10000, 3500, 2, 0, 20000, '', 0),
	(990, 635, 666, 503, 80000, 25000, 1, 0, 80000, '', 0),
	(991, 635, 498, 460, 120000, 40000, 1, 0, 120000, '', 0),
	(994, 633, 718, 444, 15000, 5020, 154, 0, 2310000, '', 0),
	(995, 633, 616, 499, 5000, 1700, 25, 0, 125000, '', 0),
	(999, 633, 425, 448, 5000, 1200, 14, 0, 70000, '', 0),
	(1000, 633, 656, 437, 100000, 38000, 1, 0, 100000, '', 0),
	(1001, 633, 676, 481, 130000, 30000, 3, 0, 390000, '', 0),
	(1003, 636, 448, 509, 100000, 30000, 1, 0, 100000, '', 0),
	(1004, 637, 718, 444, 15000, 5020, 112, 0, 1680000, '', 0),
	(1005, 637, 425, 448, 5000, 1200, 10, 0, 50000, '', 0),
	(1006, 633, 424, 447, 550000, 345000, 1, 0, 550000, '', 0),
	(1008, 639, 726, 488, 1685000, 1000000, 1, 0, 1685000, '', 0),
	(1009, 640, 666, 503, 110000, 25000, 1, 0, 110000, '', 0),
	(1010, 592, 688, 540, 1080000, 480000, 1, 0, 1080000, '', 0),
	(1011, 592, 548, 559, 150000, 0, 1, 0, 150000, '', 0),
	(1012, 592, 458, 496, 450000, 280000, 1, 0, 450000, '', 0),
	(1013, 592, 686, 396, 7900000, 5000000, 1, 0, 7900000, '', 0),
	(1014, 592, 727, 518, 300000, 0, 1, 0, 300000, '', 0),
	(1015, 585, 688, 540, 1080000, 480000, 1, 0, 1080000, '', 0),
	(1016, 615, 457, 495, 250000, 145000, 1, 0, 250000, '', 0),
	(1018, 641, 438, 493, 50000, 0, 1, 0, 50000, '', 0),
	(1019, 642, 548, 559, 150000, 0, 1, 0, 150000, '', 0),
	(1021, 644, 408, 402, 280000, 90000, 1, 0, 280000, '', 0),
	(1022, 645, 438, 493, 50000, 0, 1, 0, 50000, '', 0),
	(1023, 645, 438, 493, 50000, 0, 1, 0, 50000, '', 0),
	(1027, 648, 550, 435, 130000, 95000, 1, 0, 130000, '', 0),
	(1029, 485, 422, 438, 50000, 12000, 7, 0, 350000, '', 0),
	(1031, 649, 438, 493, 50000, 0, 1, 0, 50000, '', 0),
	(1032, 650, 616, 499, 5000, 1700, 172, 0, 860000, '', 0),
	(1036, 650, 656, 437, 100000, 38000, 2, 0, 200000, '', 0),
	(1039, 650, 422, 438, 50000, 12000, 2, 0, 100000, '', 0),
	(1040, 648, 734, 541, 895000, 560000, 1, 0, 895000, '', 0),
	(1041, 648, 685, 473, 5000, 3500, 5, 0, 25000, '', 0),
	(1042, 650, 685, 473, 7000, 3500, 4, 0, 28000, '', 0),
	(1043, 650, 735, 481, 90000, 30000, 5, 0, 450000, '', 0),
	(1044, 650, 647, 436, 180000, 180000, 1, 0, 180000, '', 0),
	(1045, 650, 732, 450, 870000, 650000, 1, 0, 870000, '', 0),
	(1046, 651, 739, 533, 2400000, 1800000, 1, 0, 2400000, '', 0),
	(1047, 652, 457, 495, 250000, 145000, 1, 0, 250000, '', 0),
	(1048, 653, 556, 540, 1280000, 480000, 1, 0, 1280000, '', 0),
	(1049, 652, 438, 493, 50000, 0, 1, 0, 50000, '', 0),
	(1050, 654, 548, 559, 100000, 0, 1, 0, 100000, '', 0),
	(1051, 655, 738, 477, 400000, 300000, 1, 0, 400000, '', 0),
	(1052, 655, 736, 449, 200000, 100000, 1, 0, 200000, '', 0),
	(1056, 650, 737, 417, 1485000, 950000, 1, 0, 1485000, '', 0),
	(1057, 650, 622, 442, 500000, 0, 1, 0, 500000, '', 0),
	(1058, 656, 548, 559, 100000, 0, 1, 0, 100000, '', 0),
	(1059, 657, 453, 404, 80000, 25000, 1, 0, 80000, '', 0),
	(1061, 655, 740, 488, 1150000, 1000000, 1, 0, 1150000, '', 0),
	(1063, 655, 469, 542, 100000, 25000, 1, 0, 100000, '', 0),
	(1064, 592, 728, 529, 2650000, 1800000, 1, 0, 2650000, '', 0),
	(1065, 647, 743, 548, 775000, 720000, 1, 0, 775000, '', 0),
	(1066, 648, 743, 548, 950000, 720000, 1, 0, 950000, '', 0),
	(1067, 658, 746, 586, 180000, 60000, 1, 0, 180000, '', 0),
	(1068, 659, 681, 397, 50000, 0, 1, 0, 50000, '', 0),
	(1069, 659, 404, 384, 200000, 87000, 1, 0, 200000, '', 0),
	(1071, 659, 425, 448, 5000, 1200, 4, 0, 20000, '', 0),
	(1072, 659, 617, 444, 15000, 4600, 5, 0, 75000, '', 0),
	(1074, 661, 453, 404, 80000, 25000, 1, 0, 80000, '', 0),
	(1075, 661, 577, 402, 200000, 100000, 1, 0, 200000, '', 0),
	(1076, 661, 724, 459, 150000, 30000, 1, 0, 150000, '', 0),
	(1077, 662, 429, 465, 100000, 0, 1, 0, 100000, '', 0),
	(1078, 663, 687, 484, 380000, 250000, 1, 0, 380000, '', 0),
	(1079, 664, 534, 520, 250000, 100000, 1, 0, 250000, '', 0),
	(1080, 662, 453, 404, 80000, 25000, 1, 0, 80000, '', 0);
/*!40000 ALTER TABLE `chi_tiet_phieu_xuat` ENABLE KEYS */;

-- Dumping structure for table alcomputer.dm_cap_don_vi
CREATE TABLE IF NOT EXISTS `dm_cap_don_vi` (
  `id` int(11) NOT NULL AUTO_INCREMENT,
  `ma_cap` varchar(50) DEFAULT NULL,
  `ten_cap` varchar(250) DEFAULT NULL,
  PRIMARY KEY (`id`)
) ENGINE=InnoDB AUTO_INCREMENT=9 DEFAULT CHARSET=utf8;

-- Dumping data for table alcomputer.dm_cap_don_vi: ~8 rows (approximately)
/*!40000 ALTER TABLE `dm_cap_don_vi` DISABLE KEYS */;
INSERT INTO `dm_cap_don_vi` (`id`, `ma_cap`, `ten_cap`) VALUES
	(1, 'UBT', 'UBND Tỉnh'),
	(2, 'VTT', 'VIỄN THÔNG TỈNH TRÀ VINH'),
	(3, 'TTCNTT', 'Trung tâm công nghệ thông tin'),
	(4, 'TTDHTT', 'Trung tâm Điều hành thông tin'),
	(5, 'TTKDTT', 'Trung tâm Kinh doanh thông tin'),
	(6, 'TTVT', 'Trung tâm Viễn thông'),
	(7, 'HUYEN', 'Viễn thông cấp huyện'),
	(8, 'XA', 'Viễn thông cấp huyện');
/*!40000 ALTER TABLE `dm_cap_don_vi` ENABLE KEYS */;

-- Dumping structure for table alcomputer.dm_phuong_xa
CREATE TABLE IF NOT EXISTS `dm_phuong_xa` (
  `ma_phuong_xa` int(10) unsigned NOT NULL,
  `ten_phuong_xa` varchar(250) COLLATE utf8_unicode_ci DEFAULT NULL,
  `loai` varchar(50) COLLATE utf8_unicode_ci DEFAULT NULL,
  `ma_quan_huyen` int(10) unsigned NOT NULL,
  `created_at` datetime NOT NULL DEFAULT current_timestamp(),
  `updated_at` datetime NOT NULL DEFAULT current_timestamp() ON UPDATE current_timestamp(),
  PRIMARY KEY (`ma_phuong_xa`),
  KEY `FK_dm_xaphuong_DM_quanhuyen` (`ma_quan_huyen`),
  CONSTRAINT `FK_dm_xaphuong_DM_quanhuyen` FOREIGN KEY (`ma_quan_huyen`) REFERENCES `dm_quan_huyen` (`ma_quan_huyen`) ON DELETE CASCADE ON UPDATE CASCADE
) ENGINE=InnoDB DEFAULT CHARSET=utf8 COLLATE=utf8_unicode_ci;

-- Dumping data for table alcomputer.dm_phuong_xa: ~106 rows (approximately)
/*!40000 ALTER TABLE `dm_phuong_xa` DISABLE KEYS */;
INSERT INTO `dm_phuong_xa` (`ma_phuong_xa`, `ten_phuong_xa`, `loai`, `ma_quan_huyen`, `created_at`, `updated_at`) VALUES
	(29236, 'Phường 4', 'Phuong', 842, '2020-08-13 02:48:54', '2020-08-13 02:48:54'),
	(29239, 'Phường 1', 'Phuong', 842, '2020-08-13 02:48:54', '2020-08-13 02:48:54'),
	(29242, 'Phường 3', 'Phuong', 842, '2020-08-13 02:48:54', '2020-08-13 02:48:54'),
	(29245, 'Phường 2', 'Phuong', 842, '2020-08-13 02:48:54', '2020-08-13 02:48:54'),
	(29248, 'Phường 5', 'Phuong', 842, '2020-08-13 02:48:54', '2020-08-13 02:48:54'),
	(29251, 'Phường 6', 'Phuong', 842, '2020-08-13 02:48:54', '2020-08-13 02:48:54'),
	(29254, 'Phường 7', 'Phuong', 842, '2020-08-13 02:48:54', '2020-08-13 02:48:54'),
	(29257, 'Phường 8', 'Phuong', 842, '2020-08-13 02:48:54', '2020-08-13 02:48:54'),
	(29260, 'Phường 9', 'Phuong', 842, '2020-08-13 02:48:54', '2020-08-13 02:48:54'),
	(29263, 'Xã Long Đức', 'Xa', 842, '2020-08-13 02:48:54', '2020-08-13 02:48:54'),
	(29266, 'Thị trấn Càng Long', 'TT', 844, '2020-08-13 02:48:54', '2020-08-13 02:48:54'),
	(29269, 'Xã Mỹ Cẩm', 'Xa', 844, '2020-08-13 02:48:54', '2020-08-13 02:48:54'),
	(29272, 'Xã An Trường A', 'Xa', 844, '2020-08-13 02:48:54', '2020-08-13 02:48:54'),
	(29275, 'Xã An Trường', 'Xa', 844, '2020-08-13 02:48:54', '2020-08-13 02:48:54'),
	(29278, 'Xã Huyền Hội', 'Xa', 844, '2020-08-13 02:48:54', '2020-08-13 02:48:54'),
	(29281, 'Xã Tân An', 'Xa', 844, '2020-08-13 02:48:54', '2020-08-13 02:48:54'),
	(29284, 'Xã Tân Bình', 'Xa', 844, '2020-08-13 02:48:54', '2020-08-13 02:48:54'),
	(29287, 'Xã Bình Phú', 'Xa', 844, '2020-08-13 02:48:54', '2020-08-13 02:48:54'),
	(29290, 'Xã Phương Thạnh', 'Xa', 844, '2020-08-13 02:48:54', '2020-08-13 02:48:54'),
	(29293, 'Xã Đại Phúc', 'Xa', 844, '2020-08-13 02:48:54', '2020-08-13 02:48:54'),
	(29296, 'Xã Đại Phước', 'Xa', 844, '2020-08-13 02:48:54', '2020-08-13 02:48:54'),
	(29299, 'Xã Nhị Long Phú', 'Xa', 844, '2020-08-13 02:48:54', '2020-08-13 02:48:54'),
	(29302, 'Xã Nhị Long', 'Xa', 844, '2020-08-13 02:48:54', '2020-08-13 02:48:54'),
	(29305, 'Xã Đức Mỹ', 'Xa', 844, '2020-08-13 02:48:54', '2020-08-13 02:48:54'),
	(29308, 'Thị trấn Cầu Kè', 'TT', 845, '2020-08-13 02:48:54', '2020-08-13 02:48:54'),
	(29311, 'Xã Hòa Ân', 'Xa', 845, '2020-08-13 02:48:54', '2020-08-13 02:48:54'),
	(29314, 'Xã Châu Điền', 'Xa', 845, '2020-08-13 02:48:54', '2020-08-13 02:48:54'),
	(29317, 'Xã An Phú Tân', 'Xa', 845, '2020-08-13 02:48:54', '2020-08-13 02:48:54'),
	(29320, 'Xã Hoà Tân', 'Xa', 845, '2020-08-13 02:48:54', '2020-08-13 02:48:54'),
	(29323, 'Xã Ninh Thới', 'Xa', 845, '2020-08-13 02:48:54', '2020-08-13 02:48:54'),
	(29326, 'Xã Phong Phú', 'Xa', 845, '2020-08-13 02:48:54', '2020-08-13 02:48:54'),
	(29329, 'Xã Phong Thạnh', 'Xa', 845, '2020-08-13 02:48:54', '2020-08-13 02:48:54'),
	(29332, 'Xã Tam Ngãi', 'Xa', 845, '2020-08-13 02:48:54', '2020-08-13 02:48:54'),
	(29335, 'Xã Thông Hòa', 'Xa', 845, '2020-08-13 02:48:54', '2020-08-13 02:48:54'),
	(29338, 'Xã Thạnh Phú', 'Xa', 845, '2020-08-13 02:48:54', '2020-08-13 02:48:54'),
	(29341, 'Thị trấn Tiểu Cần', 'TT', 846, '2020-08-13 02:48:54', '2020-08-13 02:48:54'),
	(29344, 'Thị trấn Cầu Quan', 'TT', 846, '2020-08-13 02:48:54', '2020-08-13 02:48:54'),
	(29347, 'Xã Phú Cần', 'Xa', 846, '2020-08-13 02:48:54', '2020-08-13 02:48:54'),
	(29350, 'Xã Hiếu Tử', 'Xa', 846, '2020-08-13 02:48:54', '2020-08-13 02:48:54'),
	(29353, 'Xã Hiếu Trung', 'Xa', 846, '2020-08-13 02:48:54', '2020-08-13 02:48:54'),
	(29356, 'Xã Long Thới', 'Xa', 846, '2020-08-13 02:48:54', '2020-08-13 02:48:54'),
	(29359, 'Xã Hùng Hòa', 'Xa', 846, '2020-08-13 02:48:54', '2020-08-13 02:48:54'),
	(29362, 'Xã Tân Hùng', 'Xa', 846, '2020-08-13 02:48:54', '2020-08-13 02:48:54'),
	(29365, 'Xã Tập Ngãi', 'Xa', 846, '2020-08-13 02:48:54', '2020-08-13 02:48:54'),
	(29368, 'Xã Ngãi Hùng', 'Xa', 846, '2020-08-13 02:48:54', '2020-08-13 02:48:54'),
	(29371, 'Xã Tân Hòa', 'Xa', 846, '2020-08-13 02:48:54', '2020-08-13 02:48:54'),
	(29374, 'Thị trấn Châu Thành', 'TT', 847, '2020-08-13 02:48:54', '2020-08-13 02:48:54'),
	(29377, 'Xã Đa Lộc', 'Xa', 847, '2020-08-13 02:48:54', '2020-08-13 02:48:54'),
	(29380, 'Xã Mỹ Chánh', 'Xa', 847, '2020-08-13 02:48:54', '2020-08-13 02:48:54'),
	(29383, 'Xã Thanh Mỹ', 'Xa', 847, '2020-08-13 02:48:54', '2020-08-13 02:48:54'),
	(29386, 'Xã Lương Hoà A', 'Xa', 847, '2020-08-13 02:48:54', '2020-08-13 02:48:54'),
	(29389, 'Xã Lương Hòa', 'Xa', 847, '2020-08-13 02:48:54', '2020-08-13 02:48:54'),
	(29392, 'Xã Song Lộc', 'Xa', 847, '2020-08-13 02:48:54', '2020-08-13 02:48:54'),
	(29395, 'Xã Nguyệt Hóa', 'Xa', 847, '2020-08-13 02:48:54', '2020-08-13 02:48:54'),
	(29398, 'Xã Hòa Thuận', 'Xa', 847, '2020-08-13 02:48:54', '2020-08-13 02:48:54'),
	(29401, 'Xã Hòa Lợi', 'Xa', 847, '2020-08-13 02:48:54', '2020-08-13 02:48:54'),
	(29404, 'Xã Phước Hảo', 'Xa', 847, '2020-08-13 02:48:54', '2020-08-13 02:48:54'),
	(29407, 'Xã Hưng Mỹ', 'Xa', 847, '2020-08-13 02:48:54', '2020-08-13 02:48:54'),
	(29410, 'Xã Hòa Minh', 'Xa', 847, '2020-08-13 02:48:54', '2020-08-13 02:48:54'),
	(29413, 'Xã Long Hòa', 'Xa', 847, '2020-08-13 02:48:54', '2020-08-13 02:48:54'),
	(29416, 'Thị trấn Cầu Ngang', 'TT', 848, '2020-08-13 02:48:54', '2020-08-13 02:48:54'),
	(29419, 'Thị trấn Mỹ Long', 'TT', 848, '2020-08-13 02:48:54', '2020-08-13 02:48:54'),
	(29422, 'Xã Mỹ Long Bắc', 'Xa', 848, '2020-08-13 02:48:54', '2020-08-13 02:48:54'),
	(29425, 'Xã Mỹ Long Nam', 'Xa', 848, '2020-08-13 02:48:54', '2020-08-13 02:48:54'),
	(29428, 'Xã Mỹ Hòa', 'Xa', 848, '2020-08-13 02:48:54', '2020-08-13 02:48:54'),
	(29431, 'Xã Vĩnh Kim', 'Xa', 848, '2020-08-13 02:48:54', '2020-08-13 02:48:54'),
	(29434, 'Xã Kim Hòa', 'Xa', 848, '2020-08-13 02:48:54', '2020-08-13 02:48:54'),
	(29437, 'Xã Hiệp Hòa', 'Xa', 848, '2020-08-13 02:48:54', '2020-08-13 02:48:54'),
	(29440, 'Xã Thuận Hòa', 'Xa', 848, '2020-08-13 02:48:54', '2020-08-13 02:48:54'),
	(29443, 'Xã Long Sơn', 'Xa', 848, '2020-08-13 02:48:54', '2020-08-13 02:48:54'),
	(29446, 'Xã Nhị Trường', 'Xa', 848, '2020-08-13 02:48:54', '2020-08-13 02:48:54'),
	(29449, 'Xã Trường Thọ', 'Xa', 848, '2020-08-13 02:48:54', '2020-08-13 02:48:54'),
	(29452, 'Xã Hiệp Mỹ Đông', 'Xa', 848, '2020-08-13 02:48:54', '2020-08-13 02:48:54'),
	(29455, 'Xã Hiệp Mỹ Tây', 'Xa', 848, '2020-08-13 02:48:54', '2020-08-13 02:48:54'),
	(29458, 'Xã Thạnh Hòa Sơn', 'Xa', 848, '2020-08-13 02:48:54', '2020-08-13 02:48:54'),
	(29461, 'Thị trấn Trà Cú', 'TT', 849, '2020-08-13 02:48:54', '2020-08-13 02:48:54'),
	(29462, 'Thị trấn Định An', 'TT', 849, '2020-08-13 02:48:54', '2020-08-13 02:48:54'),
	(29464, 'Xã Phước Hưng', 'Xa', 849, '2020-08-13 02:48:54', '2020-08-13 02:48:54'),
	(29467, 'Xã Tập Sơn', 'Xa', 849, '2020-08-13 02:48:54', '2020-08-13 02:48:54'),
	(29470, 'Xã Tân Sơn', 'Xa', 849, '2020-08-13 02:48:54', '2020-08-13 02:48:54'),
	(29473, 'Xã An Quảng Hữu', 'Xa', 849, '2020-08-13 02:48:54', '2020-08-13 02:48:54'),
	(29476, 'Xã Lưu Nghiệp Anh', 'Xa', 849, '2020-08-13 02:48:54', '2020-08-13 02:48:54'),
	(29479, 'Xã Ngãi Xuyên', 'Xa', 849, '2020-08-13 02:48:54', '2020-08-13 02:48:54'),
	(29482, 'Xã Kim Sơn', 'Xa', 849, '2020-08-13 02:48:54', '2020-08-13 02:48:54'),
	(29485, 'Xã Thanh Sơn', 'Xa', 849, '2020-08-13 02:48:54', '2020-08-13 02:48:54'),
	(29488, 'Xã Hàm Giang', 'Xa', 849, '2020-08-13 02:48:54', '2020-08-13 02:48:54'),
	(29489, 'Xã Hàm Tân', 'Xa', 849, '2020-08-13 02:48:54', '2020-08-13 02:48:54'),
	(29491, 'Xã Đại An', 'Xa', 849, '2020-08-13 02:48:54', '2020-08-13 02:48:54'),
	(29494, 'Thị trấn Định An', 'TT', 849, '2020-08-13 02:48:54', '2020-08-13 02:48:54'),
	(29497, 'Xã Đôn Xuân', 'Xa', 850, '2020-08-13 02:48:54', '2020-08-13 02:48:54'),
	(29500, 'Xã Đôn Châu', 'Xa', 850, '2020-08-13 02:48:54', '2020-08-13 02:48:54'),
	(29503, 'Xã Ngọc Biên', 'Xa', 849, '2020-08-13 02:48:54', '2020-08-13 02:48:54'),
	(29506, 'Xã Long Hiệp', 'Xa', 849, '2020-08-13 02:48:54', '2020-08-13 02:48:54'),
	(29509, 'Xã Tân Hiệp', 'Xa', 849, '2020-08-13 02:48:54', '2020-08-13 02:48:54'),
	(29512, 'Phường 1', 'Phuong', 851, '2020-08-13 02:48:54', '2020-08-13 02:48:54'),
	(29513, 'Thị trấn Long Thành', 'TT', 850, '2020-08-13 02:48:54', '2020-08-13 02:48:54'),
	(29515, 'Xã Long Toàn', 'Xa', 851, '2020-08-13 02:48:54', '2020-08-13 02:48:54'),
	(29516, 'Phường 2', 'Phuong', 851, '2020-08-13 02:48:54', '2020-08-13 02:48:54'),
	(29518, 'Xã Long Hữu', 'Xa', 851, '2020-08-13 02:48:54', '2020-08-13 02:48:54'),
	(29521, 'Xã Long Khánh', 'Xa', 850, '2020-08-13 02:48:54', '2020-08-13 02:48:54'),
	(29524, 'Xã Dân Thành', 'Xa', 851, '2020-08-13 02:48:54', '2020-08-13 02:48:54'),
	(29527, 'Xã Trường Long Hòa', 'Xa', 851, '2020-08-13 02:48:54', '2020-08-13 02:48:54'),
	(29530, 'Xã Ngũ Lạc', 'Xa', 850, '2020-08-13 02:48:54', '2020-08-13 02:48:54'),
	(29533, 'Xã Long Vĩnh', 'Xa', 850, '2020-08-13 02:48:54', '2020-08-13 02:48:54'),
	(29536, 'Xã Đông Hải', 'Xa', 850, '2020-08-13 02:48:54', '2020-08-13 02:48:54'),
	(29539, 'Xã Hiệp Thạnh', 'Xa', 851, '2020-08-13 02:48:54', '2020-08-13 02:48:54');
/*!40000 ALTER TABLE `dm_phuong_xa` ENABLE KEYS */;

-- Dumping structure for table alcomputer.dm_quan_huyen
CREATE TABLE IF NOT EXISTS `dm_quan_huyen` (
  `ma_quan_huyen` int(10) unsigned NOT NULL,
  `ten_quan_huyen` varchar(250) COLLATE utf8_unicode_ci DEFAULT NULL,
  `ma_tinh` varchar(50) COLLATE utf8_unicode_ci DEFAULT NULL,
  `loai` varchar(50) COLLATE utf8_unicode_ci DEFAULT NULL,
  `updated_at` datetime NOT NULL DEFAULT current_timestamp() ON UPDATE current_timestamp(),
  `created_at` datetime NOT NULL DEFAULT current_timestamp(),
  PRIMARY KEY (`ma_quan_huyen`)
) ENGINE=InnoDB DEFAULT CHARSET=utf8 COLLATE=utf8_unicode_ci;

-- Dumping data for table alcomputer.dm_quan_huyen: ~9 rows (approximately)
/*!40000 ALTER TABLE `dm_quan_huyen` DISABLE KEYS */;
INSERT INTO `dm_quan_huyen` (`ma_quan_huyen`, `ten_quan_huyen`, `ma_tinh`, `loai`, `updated_at`, `created_at`) VALUES
	(842, 'Thành phố Trà Vinh', '84', 'TP', '2020-08-13 02:00:55', '2020-08-13 02:00:55'),
	(844, 'Huyện Càng Long', '84', 'Huyen', '2020-08-13 02:00:55', '2020-08-13 02:00:55'),
	(845, 'Huyện Cầu Kè', '84', 'Huyen', '2020-08-13 02:00:55', '2020-08-13 02:00:55'),
	(846, 'Huyện Tiểu Cần', '84', 'Huyen', '2020-08-13 02:00:55', '2020-08-13 02:00:55'),
	(847, 'Huyện Châu Thành', '84', 'Huyen', '2020-08-13 02:00:55', '2020-08-13 02:00:55'),
	(848, 'Huyện Cầu Ngang', '84', 'Huyen', '2020-08-13 02:00:55', '2020-08-13 02:00:55'),
	(849, 'Huyện Trà Cú', '84', 'Huyen', '2020-08-13 02:00:55', '2020-08-13 02:00:55'),
	(850, 'Huyện Duyên Hải', '84', 'Huyen', '2020-08-13 02:00:55', '2020-08-13 02:00:55'),
	(851, 'Thị xã Duyên Hải', '84', 'TX', '2020-08-13 02:00:55', '2020-08-13 02:00:55');
/*!40000 ALTER TABLE `dm_quan_huyen` ENABLE KEYS */;

-- Dumping structure for table alcomputer.dm_tham_so_he_thong
CREATE TABLE IF NOT EXISTS `dm_tham_so_he_thong` (
  `id` int(11) NOT NULL AUTO_INCREMENT,
  `ma_tham_so` varchar(250) DEFAULT NULL,
  `ten_tham_so` varchar(250) DEFAULT NULL,
  `loai_tham_so` varchar(250) DEFAULT NULL,
  `gia_tri_tham_so` varchar(250) DEFAULT NULL,
  `mo_ta_tham_so` varchar(250) DEFAULT NULL,
  PRIMARY KEY (`id`)
) ENGINE=InnoDB AUTO_INCREMENT=3 DEFAULT CHARSET=utf8;

-- Dumping data for table alcomputer.dm_tham_so_he_thong: ~0 rows (approximately)
/*!40000 ALTER TABLE `dm_tham_so_he_thong` DISABLE KEYS */;
/*!40000 ALTER TABLE `dm_tham_so_he_thong` ENABLE KEYS */;

-- Dumping structure for table alcomputer.doi_tac
CREATE TABLE IF NOT EXISTS `doi_tac` (
  `id` int(11) NOT NULL AUTO_INCREMENT,
  `ma_doi_tac` varchar(250) NOT NULL,
  `ten_doi_tac` varchar(250) DEFAULT NULL,
  `ten_cong_ty` varchar(250) DEFAULT NULL,
  `gioi_tinh` int(11) NOT NULL DEFAULT 0 COMMENT '0 nữ; 1 nam',
  `dia_chi` varchar(250) DEFAULT NULL,
  `di_dong` varchar(15) DEFAULT NULL,
  `co_dinh` varchar(15) DEFAULT NULL,
  `email` varchar(100) DEFAULT NULL,
  `bien_so` varchar(100) DEFAULT NULL,
  `fax` varchar(50) DEFAULT NULL,
  `hinh_anh` varchar(250) DEFAULT NULL,
  `state` int(11) NOT NULL DEFAULT 1,
  PRIMARY KEY (`id`),
  UNIQUE KEY `ma_doi_tac` (`ma_doi_tac`)
) ENGINE=InnoDB AUTO_INCREMENT=329 DEFAULT CHARSET=utf8;

-- Dumping data for table alcomputer.doi_tac: ~7 rows (approximately)
/*!40000 ALTER TABLE `doi_tac` DISABLE KEYS */;
INSERT INTO `doi_tac` (`id`, `ma_doi_tac`, `ten_doi_tac`, `ten_cong_ty`, `gioi_tinh`, `dia_chi`, `di_dong`, `co_dinh`, `email`, `bien_so`, `fax`, `hinh_anh`, `state`) VALUES
	(1, 'KH001', 'MỤC SỬA CHỮA', NULL, 1, NULL, NULL, NULL, NULL, '0941138484', NULL, NULL, 1),
	(312, 'DT0002', 'CÔNG TY TNHH MTV THƯƠNG MẠI DỊCH VỤ  LÊ HUY', 'CÔNG TY TNHH MTV THƯƠNG MẠI DỊCH VỤ  LÊ HUY', 1, 'Địa chỉ: 48 Chấn Hưng - Phường 6 - Quận Tân Bình - TP. Hồ Chí Minh.', '0902 569 783', NULL, 'SALES@LEHUYCOMPUTER.COM.VN', NULL, NULL, NULL, 1),
	(313, 'DT0313', 'CÔNG TY TNHH MTV TRƯỜNG PHÚC COMPUTER', 'CÔNG TY TNHH MTV TRƯỜNG PHÚC COMPUTER', 1, '375 Kiên Thị Nhẫn, Khóm 1, Phường 7, Tp Trà Vinh, Tỉnh Trà Vinh', '0918702997', NULL, 'phamtruongphuc@gmail.com', NULL, NULL, NULL, 1),
	(315, 'DT0315', 'ĐIỆN MÁY DŨNG LAN', 'ĐIỆN MÁY DŨNG LAN', 0, 'Ấp Chợ, xã Tập Sơn, huyện Trà Cú, tỉnh Trà Vinh', '0916110849', NULL, NULL, NULL, NULL, NULL, 1),
	(316, 'DT0316', 'CÔNG TY CỔ PHẦN CÔNG NGHỆ SỐ AALOVN', 'CÔNG TY CỔ PHẦN CÔNG NGHỆ SỐ AALOVN', 1, 'Số 3 ngách 35/5 đường Lê Đức Thọ số 5 Phú Mỹ, Phường Mỹ Đình 2, Quận Nam Từ Liêm, Thành phố Hà Nội', '0915460000', NULL, 'dathangaalo@gmail.com', NULL, NULL, NULL, 1),
	(317, 'DT0317', 'CÔNG TY GCS NĂNG LƯỢNG XANH', 'CÔNG TY GCS NĂNG LƯỢNG XANH', 1, '136 Sơn Thông, Khóm 1 Phường 7, TP Trà Vinh', '0989007565', NULL, NULL, NULL, NULL, NULL, 1),
	(324, 'DT0319', 'HT COMPUTER', 'HT COMPUTER', 1, 'Kiên Thị Nhẫn, TP Trà Vinh', NULL, NULL, NULL, NULL, NULL, NULL, 1),
	(325, 'DT0325', 'Vãng lai', NULL, 0, NULL, NULL, NULL, NULL, NULL, NULL, NULL, 1),
	(326, 'DT0326', 'Anh Hoàng', NULL, 1, NULL, NULL, NULL, NULL, NULL, NULL, NULL, 1),
	(327, 'DT0327', 'THANH TÚ', NULL, 1, NULL, NULL, NULL, NULL, NULL, NULL, NULL, 1),
	(328, 'DT0328', 'VƯỢNG ADAPTER', NULL, 1, '172 Ngõ 364 Thái Hòa, Trung Liệt, Đống Đa, Hà Nội', '0963731908', NULL, NULL, NULL, NULL, NULL, 1);
/*!40000 ALTER TABLE `doi_tac` ENABLE KEYS */;

-- Dumping structure for table alcomputer.don_vi
CREATE TABLE IF NOT EXISTS `don_vi` (
  `id` int(10) unsigned NOT NULL AUTO_INCREMENT,
  `ma_don_vi` varchar(250) COLLATE utf8_unicode_ci DEFAULT NULL,
  `ten_don_vi` varchar(250) COLLATE utf8_unicode_ci NOT NULL,
  `ma_phuong_xa` int(10) unsigned NOT NULL,
  `ma_cap` varchar(250) COLLATE utf8_unicode_ci DEFAULT NULL,
  `ma_dinh_danh` varchar(250) COLLATE utf8_unicode_ci DEFAULT NULL,
  `email` varchar(250) COLLATE utf8_unicode_ci DEFAULT NULL,
  `co_dinh` varchar(250) COLLATE utf8_unicode_ci DEFAULT NULL,
  `di_dong` varchar(250) COLLATE utf8_unicode_ci DEFAULT NULL,
  `fax` varchar(250) COLLATE utf8_unicode_ci DEFAULT NULL,
  `parent_id` int(10) unsigned DEFAULT NULL,
  `order` int(11) NOT NULL DEFAULT 1,
  `state` int(11) NOT NULL DEFAULT 1 COMMENT '0: không hoạt động; 1: hoạt động',
  PRIMARY KEY (`id`),
  KEY `FK_don_vi_don_vi` (`parent_id`),
  KEY `order` (`order`),
  KEY `FK_don_vi_dm_phuong_xa` (`ma_phuong_xa`),
  CONSTRAINT `FK_don_vi_dm_phuong_xa` FOREIGN KEY (`ma_phuong_xa`) REFERENCES `dm_phuong_xa` (`ma_phuong_xa`) ON DELETE CASCADE ON UPDATE CASCADE,
  CONSTRAINT `FK_don_vi_don_vi` FOREIGN KEY (`parent_id`) REFERENCES `don_vi` (`id`) ON DELETE CASCADE ON UPDATE CASCADE
) ENGINE=InnoDB AUTO_INCREMENT=39 DEFAULT CHARSET=utf8 COLLATE=utf8_unicode_ci;

-- Dumping data for table alcomputer.don_vi: ~25 rows (approximately)
/*!40000 ALTER TABLE `don_vi` DISABLE KEYS */;
INSERT INTO `don_vi` (`id`, `ma_don_vi`, `ten_don_vi`, `ma_phuong_xa`, `ma_cap`, `ma_dinh_danh`, `email`, `co_dinh`, `di_dong`, `fax`, `parent_id`, `order`, `state`) VALUES
	(1, NULL, 'Tỉnh Trà Vinh', 29239, 'UBT', '000.00.00.H59', NULL, NULL, NULL, NULL, NULL, 0, 1),
	(2, NULL, 'VNPT Trà Vinh', 29236, 'VTT', '000.00.01.H59', NULL, NULL, NULL, NULL, 1, 1, 1),
	(12, NULL, 'Trung tâm Công nghệ Thông tin', 29236, 'TTCNTT', '000.01.01.H59', NULL, NULL, NULL, NULL, 2, 1, 1),
	(13, NULL, 'Trung tâm Viễn Thông I', 29236, 'TTVT', '000.02.01.H59', NULL, NULL, NULL, NULL, 2, 1, 1),
	(14, NULL, 'Trung tâm Viễn Thông II', 29236, 'TTVT', '000.03.01.H59', NULL, NULL, NULL, NULL, 2, 1, 1),
	(15, NULL, 'Trung tâm Viễn Thông III', 29236, 'TTVT', '000.04.01.H59', NULL, NULL, NULL, NULL, 2, 1, 1),
	(16, NULL, 'Viễn Thông TP.Trà Vinh', 29239, 'HUYEN', '001.02.01.H59', NULL, NULL, NULL, NULL, 13, 1, 1),
	(17, NULL, 'Viễn Thông Châu Thành', 29374, 'HUYEN', '001.03.01.H59', NULL, NULL, NULL, NULL, 13, 1, 1),
	(18, NULL, 'Phòng giải pháp', 29236, NULL, NULL, NULL, NULL, NULL, NULL, 12, 1, 1),
	(19, NULL, 'Phòng tổng hợp', 29236, NULL, NULL, NULL, NULL, NULL, NULL, 12, 1, 1),
	(20, NULL, 'Viễn Thông Cầu Kè', 29308, 'HUYEN', '001.03.01.H59', NULL, NULL, NULL, NULL, 14, 1, 1),
	(21, NULL, 'Viễn Thông Càng Long', 29266, 'HUYEN', '001.03.01.H59', NULL, NULL, NULL, NULL, 14, 1, 1),
	(22, NULL, 'Viễn Thông Trà Cú', 29461, 'HUYEN', '001.03.01.H59', NULL, NULL, NULL, NULL, 15, 1, 1),
	(23, NULL, 'Viễn Thông Tiểu Cần', 29341, 'HUYEN', '001.03.01.H59', NULL, NULL, NULL, NULL, 15, 1, 1),
	(24, NULL, 'Viễn Thông Cầu Ngang', 29416, 'HUYEN', '001.03.01.H59', NULL, NULL, NULL, NULL, 15, 1, 1),
	(25, NULL, 'Viễn Thông huyện Duyên Hải', 29497, 'HUYEN', '001.03.01.H59', NULL, NULL, NULL, NULL, 15, 1, 1),
	(26, NULL, 'Viễn Thông thị xã Duyên Hải', 29512, 'HUYEN', '001.03.01.H59', NULL, NULL, NULL, NULL, 15, 1, 1),
	(27, NULL, 'Phòng 001', 29512, NULL, NULL, NULL, NULL, NULL, NULL, 16, 1, 1),
	(28, NULL, 'Phòng 002', 29512, NULL, NULL, NULL, NULL, NULL, NULL, 16, 1, 1),
	(29, NULL, 'Phòng 003', 29512, NULL, NULL, NULL, NULL, NULL, NULL, 16, 1, 1),
	(31, NULL, 'Tổ tiếp nhận - TTVT 1', 29236, NULL, NULL, NULL, NULL, NULL, NULL, 13, 1, 1),
	(32, NULL, 'Tổ xử lý - TTVT 1', 29236, NULL, NULL, NULL, NULL, NULL, NULL, 13, 1, 1),
	(33, NULL, 'Tổ lãnh đạo - TTVT 1', 29236, NULL, NULL, NULL, NULL, NULL, NULL, 13, 1, 1),
	(34, NULL, 'Ban giám đốc', 29236, NULL, NULL, NULL, NULL, NULL, NULL, 2, 1, 1),
	(35, NULL, 'Tthị xã Duyên Hải', 29512, 'Xa', '001.03.01.H59', NULL, NULL, NULL, NULL, 26, 1, 1);
/*!40000 ALTER TABLE `don_vi` ENABLE KEYS */;

-- Dumping structure for table alcomputer.don_vi_tinh
CREATE TABLE IF NOT EXISTS `don_vi_tinh` (
  `id` int(11) NOT NULL AUTO_INCREMENT,
  `ten_don_vi_tinh` varchar(250) DEFAULT NULL,
  `state` int(11) NOT NULL DEFAULT 1,
  PRIMARY KEY (`id`)
) ENGINE=InnoDB AUTO_INCREMENT=22 DEFAULT CHARSET=utf8;

-- Dumping data for table alcomputer.don_vi_tinh: ~10 rows (approximately)
/*!40000 ALTER TABLE `don_vi_tinh` DISABLE KEYS */;
INSERT INTO `don_vi_tinh` (`id`, `ten_don_vi_tinh`, `state`) VALUES
	(1, 'Bộ', 1),
	(8, 'Cái', 1),
	(9, 'Thùng', 1),
	(10, 'Bình', 1),
	(12, 'Chai', 1),
	(13, 'Sợi', 1),
	(14, 'Gói', 1),
	(15, 'Mét', 1),
	(16, 'Cuộn', 1),
	(19, 'Kg', 1),
	(20, 'Thanh', 1),
	(21, '//', 1);
/*!40000 ALTER TABLE `don_vi_tinh` ENABLE KEYS */;

-- Dumping structure for table alcomputer.khach_hang
CREATE TABLE IF NOT EXISTS `khach_hang` (
  `id` int(11) NOT NULL AUTO_INCREMENT,
  `ma_khach_hang` varchar(50) DEFAULT NULL,
  `ten_khach_hang` varchar(250) DEFAULT NULL,
  `ten_cong_ty` varchar(250) DEFAULT NULL,
  `gioi_tinh` int(11) NOT NULL DEFAULT 0 COMMENT '0 nữ; 1 nam',
  `dia_chi` varchar(250) DEFAULT NULL,
  `di_dong` varchar(15) DEFAULT NULL,
  `co_dinh` varchar(15) DEFAULT NULL,
  `bien_so` varchar(15) DEFAULT NULL,
  `email` varchar(50) DEFAULT NULL,
  `fax` varchar(50) DEFAULT NULL,
  `hinh_anh` varchar(250) DEFAULT NULL,
  `state` int(11) NOT NULL DEFAULT 1,
  PRIMARY KEY (`id`),
  UNIQUE KEY `ma_khach_hang` (`ma_khach_hang`)
) ENGINE=InnoDB AUTO_INCREMENT=475 DEFAULT CHARSET=utf8;

-- Dumping data for table alcomputer.khach_hang: ~48 rows (approximately)
/*!40000 ALTER TABLE `khach_hang` DISABLE KEYS */;
INSERT INTO `khach_hang` (`id`, `ma_khach_hang`, `ten_khach_hang`, `ten_cong_ty`, `gioi_tinh`, `dia_chi`, `di_dong`, `co_dinh`, `bien_so`, `email`, `fax`, `hinh_anh`, `state`) VALUES
	(310, 'KH0002', 'NÔNG NGHIỆP XÃ AN QUẢNG HỮU', NULL, 1, 'Ấp Chợ, xã An Quảng Hữu, huyện Trà Cú, tỉnh Trà Vinh', NULL, NULL, NULL, NULL, NULL, NULL, 1),
	(311, 'KH0311', 'HỘI ĐỒNG NHÂN DÂN XÃ AN QUẢNG HỮU', NULL, 1, 'Ấp Chợ, xã An Quảng Hữu, huyện Trà Cú, tỉnh Trà Vinh', NULL, NULL, NULL, NULL, NULL, NULL, 1),
	(312, 'KH0312', 'CÔNG AN XÃ AN QUẢNG HỮU', NULL, 1, 'Ấp Chợ, xã An Quảng Hữu, huyện Trà Cú, tỉnh Trà Vinh', NULL, NULL, NULL, NULL, NULL, NULL, 1),
	(313, 'KH0313', 'TRƯỜNG TIỂU HỌC AN QUẢNG HỮU A', NULL, 1, 'Ấp Phố, xã An Quảng Hữu, huyện Trà Cú, tỉnh Trà Vinh', NULL, NULL, NULL, 'c1anquanghuua.tracu@sgdtravinh.edu.vn', NULL, NULL, 1),
	(314, 'KH0314', 'ỦY BAN NHÂN DÂN XÃ AN QUẢNG HỮU', NULL, 1, 'Ấp Chợ, xã An Quảng Hữu, huyện Trà Cú, tỉnh Trà Vinh', NULL, NULL, NULL, NULL, NULL, NULL, 1),
	(315, 'KH0315', 'ĐẢNG ỦY XÃ AN QUẢNG HỮU', NULL, 1, 'Ấp Chợ, xã An Quảng Hữu, huyện Trà Cú, tỉnh Trà Vinh', NULL, NULL, NULL, 'thuoanhvpdu@gmail.com', NULL, NULL, 1),
	(316, 'KH0316', 'XÃ ĐỘI XÃ AN QUẢNG HỮU', NULL, 1, 'Ấp Chợ, xã An Quảng Hữu, huyện Trà Cú, tỉnh Trà Vinh', NULL, NULL, NULL, NULL, NULL, NULL, 1),
	(317, 'KH0317', 'ĐOÀN THANH NIÊN XÃ AN QUẢNG HỮU', NULL, 1, 'Ấp Chợ, xã An Quảng Hữu, huyện Trà Cú, tỉnh Trà Vinh', NULL, NULL, NULL, NULL, NULL, NULL, 1),
	(318, 'KH0318', 'HỘI CỰU CHIẾN BINH XÃ AN QUẢNG HỮU', NULL, 1, 'Ấp Chợ, xã An Quảng Hữu, huyện Trà Cú, tỉnh Trà Vinh', NULL, NULL, NULL, NULL, NULL, NULL, 1),
	(319, 'KH0319', 'MẶT TRẬN XÃ AN QUẢNG HỮU', NULL, 1, 'Ấp Chợ, xã An Quảng Hữu, huyện Trà Cú, tỉnh Trà Vinh', NULL, NULL, NULL, 'mattranaqh@gmail.com', NULL, NULL, 1),
	(320, 'KH0320', 'NÔNG DÂN XÃ AN QUẢNG HỮU', NULL, 1, 'Ấp Chợ, xã An Quảng Hữu, huyện Trà Cú, tỉnh Trà Vinh', NULL, NULL, NULL, NULL, NULL, NULL, 1),
	(321, 'KH0321', 'VĂN HÓA XÃ AN QUẢNG HỮU', NULL, 1, 'Ấp Chợ, xã An Quảng Hữu, huyện Trà Cú, tỉnh Trà Vinh', NULL, NULL, NULL, NULL, NULL, NULL, 1),
	(322, 'KH0322', 'PHỤ NỮ XÃ AN QUẢNG HỮU', NULL, 1, 'Ấp Chợ, xã An Quảng Hữu, huyện Trà Cú, tỉnh Trà Vinh', NULL, NULL, NULL, NULL, NULL, NULL, 1),
	(323, 'KH0323', 'TRƯỜNG TIỂU HỌC AN QUẢNG HỮU B', NULL, 1, 'Xã An Quảng Hữu, huyện Trà Cú, tỉnh Trà Vinh', NULL, NULL, NULL, NULL, NULL, NULL, 1),
	(324, 'KH0324', 'TRƯỜNG MẦM NON THỊ TRẤN TRÀ CÚ', NULL, 1, 'Khóm 5, TT Trà Cú, Huyện Trà Cú, Trà Vinh', NULL, NULL, NULL, 'thammntt1973@gmail.com', NULL, NULL, 1),
	(325, 'KH0325', 'PHÒNG GIÁO DỤC VÀ ĐÀO TẠO HUYỆN TRÀ CÚ', NULL, 1, 'Khóm 7, TT Trà Cú, Huyện Trà Cú, Trà Vinh', NULL, NULL, NULL, NULL, NULL, NULL, 1),
	(326, 'KH0326', 'KHỐI DÂN VẬN ĐẢNG ỦY XÃ TÂN SƠN', NULL, 1, 'Ấp Chợ, xã Tân Sơn, huyện Trà Cú, tỉnh Trà Vinh', NULL, NULL, NULL, NULL, NULL, NULL, 1),
	(327, 'KH0327', 'CÔNG AN XÃ TÂN SƠN', NULL, 1, 'Ấp Chợ, xã Tân Sơn, huyện Trà Cú, tỉnh Trà Vinh', NULL, NULL, NULL, NULL, NULL, NULL, 1),
	(328, 'KH0328', 'TRƯỜNG TRUNG HỌC CƠ SỞ TÂN SƠN', NULL, 1, 'Ấp Chợ, xã Tân Sơn, huyện Trà Cú, tỉnh Trà Vinh', NULL, NULL, NULL, NULL, NULL, NULL, 1),
	(329, 'KH0329', 'TRƯỜNG TIỂU HỌC TÂN SƠN', NULL, 1, 'Ấp Đồn Điền, xã Tân Sơn, huyện Trà Cú, tỉnh Trà Vinh', NULL, NULL, NULL, 'c1tanson.tracu@sgdtravinh.edu.vn', NULL, NULL, 1),
	(330, 'KH0330', 'ỦY BAN NHÂN DÂN XÃ TÂN SƠN', NULL, 1, 'Ấp Chợ, xã Tân Sơn, huyện Trà Cú, tỉnh Trà Vinh', NULL, NULL, NULL, NULL, NULL, NULL, 1),
	(331, 'KH0331', 'ĐẢNG ỦY XÃ TÂN SƠN', NULL, 1, 'Ấp Chợ, xã Tân Sơn, huyện Trà Cú, tỉnh Trà Vinh', NULL, NULL, NULL, 'vpdutanson@gmail.com', NULL, NULL, 1),
	(332, 'KH0332', 'VĂN HÓA XÃ TÂN SƠN', NULL, 1, 'Ấp Chợ, xã Tân Sơn, huyện Trà Cú, tỉnh Trà Vinh', NULL, NULL, NULL, NULL, NULL, NULL, 1),
	(333, 'KH0333', 'XÃ ĐỘI XÃ TÂN SƠN', NULL, 1, 'Ấp Chợ, xã Tân Sơn, huyện Trà Cú, tỉnh Trà Vinh', NULL, NULL, NULL, NULL, NULL, NULL, 1),
	(334, 'KH0334', 'NÔNG NGHIỆP XÃ TÂN SƠN', NULL, 1, 'Ấp Chợ, xã Tân Sơn, huyện Trà Cú, tỉnh Trà Vinh', NULL, NULL, NULL, NULL, NULL, NULL, 1),
	(335, 'KH0335', 'ĐOÀN THANH NIÊN XÃ TÂN SƠN', NULL, 1, 'Ấp Chợ, xã Tân Sơn, huyện Trà Cú, tỉnh Trà Vinh', NULL, NULL, NULL, NULL, NULL, NULL, 1),
	(336, 'KH0336', 'PHỤ NỮ XÃ TÂN SƠN', NULL, 1, 'Ấp Chợ, xã Tân Sơn, huyện Trà Cú, tỉnh Trà Vinh', NULL, NULL, NULL, NULL, NULL, NULL, 1),
	(337, 'KH0337', 'MẶT TRẬN XÃ TÂN SƠN', NULL, 1, 'Ấp Chợ, xã Tân Sơn, huyện Trà Cú, tỉnh Trà Vinh', NULL, NULL, NULL, NULL, NULL, NULL, 1),
	(338, 'KH0338', 'HỘI NÔNG DÂN XÃ TÂN SƠN', NULL, 1, 'Ấp Chợ, xã Tân Sơn, huyện Trà Cú, tỉnh Trà Vinh', NULL, NULL, NULL, NULL, NULL, NULL, 1),
	(339, 'KH0339', 'HỘI CỰU CHIẾN BINH XÃ TÂN SƠN', NULL, 1, 'Ấp Chợ, xã Tân Sơn, huyện Trà Cú, tỉnh Trà Vinh', NULL, NULL, NULL, NULL, NULL, NULL, 1),
	(340, 'KH0340', 'HỘI THƯƠNG BINH XÃ TÂN SƠN', NULL, 1, 'Ấp Chợ, xã Tân Sơn, huyện Trà Cú, tỉnh Trà Vinh', NULL, NULL, NULL, NULL, NULL, NULL, 1),
	(341, 'KH0341', 'TƯ PHÁP XÃ TÂN SƠN', NULL, 1, 'Ấp Chợ, xã Tân Sơn, huyện Trà Cú, tỉnh Trà Vinh', NULL, NULL, NULL, 'thachthanhdep87@gmail.com', NULL, NULL, 1),
	(348, 'KH0348', 'Thanh', NULL, 0, NULL, NULL, NULL, NULL, NULL, NULL, NULL, 1),
	(349, 'KH0349', 'Thầy Tha', NULL, 0, NULL, NULL, NULL, NULL, NULL, NULL, NULL, 1),
	(350, 'KH0350', 'Thầy', NULL, 0, NULL, NULL, NULL, NULL, NULL, NULL, NULL, 1),
	(351, 'KH0351', 'Chú Viễn', NULL, 0, NULL, NULL, NULL, NULL, NULL, NULL, NULL, 1),
	(352, 'KH0352', 'Tới', NULL, 0, NULL, NULL, NULL, NULL, NULL, NULL, NULL, 1),
	(353, 'KH0353', 'Anh Bích', NULL, 0, NULL, NULL, NULL, NULL, NULL, NULL, NULL, 1),
	(354, 'KH0354', 'Cô Trinh', NULL, 0, NULL, NULL, NULL, NULL, NULL, NULL, NULL, 1),
	(355, 'KH0355', 'Thầy Minh', NULL, 0, NULL, NULL, NULL, NULL, NULL, NULL, NULL, 1),
	(356, 'KH0356', 'Chị Thúy', NULL, 0, NULL, NULL, NULL, NULL, NULL, NULL, NULL, 1),
	(357, 'KH0357', 'TRƯỜNG MẪU GIÁO TẬP SƠN', NULL, 1, 'Xã Tập Sơn, huyện Trà Cú, tỉnh Trà Vinh', NULL, NULL, NULL, 'mgtapson.tracu@sgdtravinh.edu.vn', NULL, NULL, 1),
	(359, 'KH0358', 'TRƯỜNG TIỂU HỌC TẬP SƠN', NULL, 1, 'Xã Tập Sơn, huyện Trà Cú, tỉnh Trà Vinh', NULL, NULL, NULL, 'c1tapson.tracu@sgdtravinh.edu.vn', NULL, NULL, 1),
	(360, 'KH0360', 'TƯ PHÁP XÃ AN QUẢNG HỮU', NULL, 1, 'Ấp Chợ, xã An Quảng Hữu, huyện Trà Cú, tỉnh Trà Vinh', NULL, NULL, NULL, NULL, NULL, NULL, 1),
	(361, 'KH0361', 'Duyên PH', NULL, 0, NULL, NULL, NULL, NULL, NULL, NULL, NULL, 1),
	(362, 'KH0362', 'Cô 7 Thanh', NULL, 0, NULL, NULL, NULL, NULL, NULL, NULL, NULL, 1),
	(363, 'KH0363', 'Cô Cúc', NULL, 0, NULL, NULL, NULL, NULL, NULL, NULL, NULL, 1),
	(364, 'KH0364', 'Thầy Thọ AQH', NULL, 0, NULL, NULL, NULL, NULL, NULL, NULL, NULL, 1),
	(365, 'KH0365', 'Anh Hiếu', NULL, 0, NULL, NULL, NULL, NULL, NULL, NULL, NULL, 1),
	(366, 'KH0366', 'TRƯỜNG MẪU GIÁO TÂN SƠN', NULL, 0, 'Xã Tân Sơn, huyện Trà Cú, tỉnh Trà Vinh', NULL, NULL, NULL, NULL, NULL, NULL, 1),
	(368, 'KH0367', 'Xuất kho', NULL, 0, NULL, NULL, NULL, NULL, NULL, NULL, NULL, 1),
	(369, 'KH0369', 'Thầy Rinh', NULL, 0, NULL, NULL, NULL, NULL, NULL, NULL, NULL, 1),
	(370, 'KH0370', 'TRẠM Y TẾ XÃ AN QUẢNG HỮU', NULL, 0, 'Ấp Chợ, xã An Quảng Hữu, huyện Trà Cú, tỉnh Trà Vinh', NULL, NULL, NULL, NULL, NULL, NULL, 1),
	(371, 'KH0371', 'Test', NULL, 0, NULL, NULL, NULL, NULL, NULL, NULL, NULL, 1),
	(372, 'KH0372', 'KHỐI VẬN XÃ AN QUẢNG HỮU', NULL, 0, NULL, NULL, NULL, NULL, NULL, NULL, NULL, 1),
	(373, 'KH0373', 'Thầy Hiển', NULL, 0, NULL, NULL, NULL, NULL, NULL, NULL, NULL, 1),
	(374, 'KH0374', 'HỘI CHỮ THẬP ĐỎ XÃ AN QUẢNG HỮU', NULL, 0, NULL, NULL, NULL, NULL, NULL, NULL, NULL, 1),
	(375, 'KH0375', 'SƯ CHÙA LENG', NULL, 0, NULL, NULL, NULL, NULL, NULL, NULL, NULL, 1),
	(376, 'KH0376', 'Sư Ông', NULL, 0, NULL, NULL, NULL, NULL, NULL, NULL, NULL, 1),
	(377, 'KH0377', 'Anh Ngờ', NULL, 0, NULL, NULL, NULL, NULL, NULL, NULL, NULL, 1),
	(378, 'KH0378', 'Thầy Thi', NULL, 0, NULL, NULL, NULL, NULL, NULL, NULL, NULL, 1),
	(379, 'KH0379', 'Thầy Trung', NULL, 0, NULL, NULL, NULL, NULL, NULL, NULL, NULL, 1),
	(380, 'KH0380', 'Công Ty Thái Bình', NULL, 0, NULL, NULL, NULL, NULL, NULL, NULL, NULL, 1),
	(381, 'KH0381', 'Chị Nguyên TTYTTPTV', NULL, 0, NULL, NULL, NULL, NULL, NULL, NULL, NULL, 1),
	(382, 'KH0382', 'Thầy Trắc', NULL, 0, NULL, NULL, NULL, NULL, NULL, NULL, NULL, 1),
	(383, 'KH0383', 'Anh Vũ', NULL, 0, NULL, NULL, NULL, NULL, NULL, NULL, NULL, 1),
	(384, 'KH0384', 'Xưởng may Hiền', NULL, 0, NULL, NULL, NULL, NULL, NULL, NULL, NULL, 1),
	(385, 'KH0385', 'Anh Hùng AQH', NULL, 0, NULL, NULL, NULL, NULL, NULL, NULL, NULL, 1),
	(386, 'KH0386', 'Cô Nguyệt', NULL, 0, NULL, NULL, NULL, NULL, NULL, NULL, NULL, 1),
	(387, 'KH0387', 'Anh Ngỡi', NULL, 0, NULL, NULL, NULL, NULL, NULL, NULL, NULL, 1),
	(388, 'KH0388', 'TRẠM CẤP NƯỚC TÂN SƠN', NULL, 0, NULL, NULL, NULL, NULL, NULL, NULL, NULL, 1),
	(389, 'KH0389', 'Thầy Lộc', NULL, 0, NULL, NULL, NULL, NULL, NULL, NULL, NULL, 1),
	(390, 'KH0390', 'Anh Biển AQH', NULL, 0, NULL, NULL, NULL, NULL, NULL, NULL, NULL, 1),
	(391, 'KH0391', 'Chú Sơn TTYTTPTV', NULL, 0, NULL, NULL, NULL, NULL, NULL, NULL, NULL, 1),
	(392, 'KH0392', 'Thầy Liêm', NULL, 0, NULL, NULL, NULL, NULL, NULL, NULL, NULL, 1),
	(393, 'KH0393', 'Tiên bs', NULL, 0, NULL, NULL, NULL, NULL, NULL, NULL, NULL, 1),
	(394, 'KH0394', 'Ông Cậu Minh Viên', NULL, 0, NULL, NULL, NULL, NULL, NULL, NULL, NULL, 1),
	(395, 'KH0395', 'Duyên Trà Cú', NULL, 0, NULL, NULL, NULL, NULL, NULL, NULL, NULL, 1),
	(396, 'KH0396', 'Anh Hoàng', NULL, 0, NULL, NULL, NULL, NULL, NULL, NULL, NULL, 1),
	(397, 'KH0397', 'Thầy Phúc', NULL, 0, NULL, NULL, NULL, NULL, NULL, NULL, NULL, 1),
	(398, 'KH0398', 'Thúy An', NULL, 0, NULL, NULL, NULL, NULL, NULL, NULL, NULL, 1),
	(399, 'KH0399', 'Sư chùa cũ Phước Hưng', NULL, 0, NULL, NULL, NULL, NULL, NULL, NULL, NULL, 1),
	(400, 'KH0400', 'Đại lý vé số Mỹ Tiên TV', NULL, 0, NULL, NULL, NULL, NULL, NULL, NULL, NULL, 1),
	(401, 'KH0401', 'Chị Lài An Quảng Hữu', NULL, 0, NULL, NULL, NULL, NULL, NULL, NULL, NULL, 1),
	(402, 'KH0402', 'Chú Bá', NULL, 0, NULL, NULL, NULL, NULL, NULL, NULL, NULL, 1),
	(403, 'KH0403', 'Anh Bá', NULL, 0, NULL, NULL, NULL, NULL, NULL, NULL, NULL, 1),
	(404, 'KH0404', NULL, NULL, 0, NULL, NULL, NULL, NULL, NULL, NULL, NULL, 1),
	(405, 'KH0405', 'HIẾU(Châu Thành)', NULL, 0, NULL, NULL, NULL, NULL, NULL, NULL, NULL, 1),
	(406, 'KH0406', 'Chị Bích', NULL, 0, NULL, NULL, NULL, NULL, NULL, NULL, NULL, 1),
	(407, 'KH0407', 'Đổi BH', NULL, 0, NULL, NULL, NULL, NULL, NULL, NULL, NULL, 1),
	(408, 'KH0408', 'TRƯỜNG TRUNG HỌC CƠ SỞ AN QUẢNG HỮU', NULL, 0, NULL, NULL, NULL, NULL, NULL, NULL, NULL, 1),
	(409, 'KH0409', 'Thầy Duyên', NULL, 0, NULL, NULL, NULL, NULL, NULL, NULL, NULL, 1),
	(410, 'KH0410', 'Thầy Huy', NULL, 0, NULL, NULL, NULL, NULL, NULL, NULL, NULL, 1),
	(411, 'KH0411', 'Xuân', NULL, 0, NULL, NULL, NULL, NULL, NULL, NULL, NULL, 1),
	(412, 'KH0412', 'Chị Quỳnh', NULL, 0, NULL, NULL, NULL, NULL, NULL, NULL, NULL, 1),
	(413, 'KH0413', 'Chị Huỳnh', NULL, 0, NULL, NULL, NULL, NULL, NULL, NULL, NULL, 1),
	(414, 'KH0414', 'NASY', NULL, 0, NULL, NULL, NULL, NULL, NULL, NULL, NULL, 1),
	(415, 'KH0415', 'Cô Nasy', NULL, 0, NULL, NULL, NULL, NULL, NULL, NULL, NULL, 1),
	(416, 'KH0416', 'A', NULL, 0, NULL, NULL, NULL, NULL, NULL, NULL, NULL, 1),
	(417, 'KH0417', 'Thầy (Hiền)', NULL, 0, NULL, NULL, NULL, NULL, NULL, NULL, NULL, 1),
	(418, 'KH0418', 'Xuân (Bến thế)', NULL, 0, NULL, NULL, NULL, NULL, NULL, NULL, NULL, 1),
	(419, 'KH0419', 'Cô Thắm (Lưu nghiệp Anh)', NULL, 0, NULL, NULL, NULL, NULL, NULL, NULL, NULL, 1),
	(420, 'KH0420', 'Thầy Toàn', NULL, 0, NULL, NULL, NULL, NULL, NULL, NULL, NULL, 1),
	(421, 'KH0421', 'Thầy Chươne', NULL, 0, NULL, NULL, NULL, NULL, NULL, NULL, NULL, 1),
	(422, 'KH0422', 'Chị Chót', NULL, 0, NULL, NULL, NULL, NULL, NULL, NULL, NULL, 1),
	(423, 'KH0423', 'Chị Hồng Đoan', NULL, 0, NULL, NULL, NULL, NULL, NULL, NULL, NULL, 1),
	(424, 'KH0424', 'Thầy Hoàng Anh', NULL, 0, NULL, NULL, NULL, NULL, NULL, NULL, NULL, 1),
	(425, 'KH0425', 'TRƯỜNG TIỂU HỌC THỊ TRẤN TRÀ CÚ A', NULL, 1, 'Khóm 5, TT Trà Cú, Huyện Trà Cú, Trà Vinh', NULL, NULL, NULL, NULL, NULL, NULL, 1),
	(426, 'KH0426', 'Chị Nhu', NULL, 0, NULL, NULL, NULL, NULL, NULL, NULL, NULL, 1),
	(427, 'KH0427', 'ANH SANH', NULL, 0, NULL, NULL, NULL, NULL, NULL, NULL, NULL, 1),
	(428, 'KH0428', 'CHÚ TÙNG', NULL, 0, NULL, NULL, NULL, NULL, NULL, NULL, NULL, 1),
	(429, 'KH0429', 'THẦY TẤN LỘC', NULL, 0, NULL, NULL, NULL, NULL, NULL, NULL, NULL, 1),
	(430, 'KH0430', 'CHỊ LOAN', NULL, 0, NULL, NULL, NULL, NULL, NULL, NULL, NULL, 1),
	(431, 'KH0431', 'CÔ THỦY', NULL, 0, NULL, NULL, NULL, NULL, NULL, NULL, NULL, 1),
	(432, 'KH0432', 'E', NULL, 0, NULL, NULL, NULL, NULL, NULL, NULL, NULL, 1),
	(433, 'KH0433', 'ANH A', NULL, 0, NULL, NULL, NULL, NULL, NULL, NULL, NULL, 1),
	(434, 'KH0434', 'ANH HÒA', NULL, 0, NULL, NULL, NULL, NULL, NULL, NULL, NULL, 1),
	(435, 'KH0435', 'THẦY PHƯƠNG', NULL, 0, NULL, NULL, NULL, NULL, NULL, NULL, NULL, 1),
	(436, 'KH0436', 'THẦY XUYÊN', NULL, 0, NULL, NULL, NULL, NULL, NULL, NULL, NULL, 1),
	(437, 'KH0437', 'Anh Sơn AQH', NULL, 0, NULL, NULL, NULL, NULL, NULL, NULL, NULL, 1),
	(438, 'KH0438', 'SƯ CHÙA THÁP', NULL, 0, NULL, NULL, NULL, NULL, NULL, NULL, NULL, 1),
	(439, 'KH0439', 'DÌ 6 CẦU KÈ', NULL, 0, NULL, NULL, NULL, NULL, NULL, NULL, NULL, 1),
	(440, 'KH0440', 'THẦY GIÁO TTTC', NULL, 0, NULL, NULL, NULL, NULL, NULL, NULL, NULL, 1),
	(441, 'KH0441', 'CÔ TRINH AQH', NULL, 0, NULL, NULL, NULL, NULL, NULL, NULL, NULL, 1),
	(442, 'KH0442', 'ANH SƯ CHÙA THÁP', NULL, 0, NULL, NULL, NULL, NULL, NULL, NULL, NULL, 1),
	(443, 'KH0443', 'ANH TÂM', NULL, 0, NULL, NULL, NULL, NULL, NULL, NULL, NULL, 1),
	(444, 'KH0444', 'ANH ĐẠT', NULL, 0, NULL, NULL, NULL, NULL, NULL, NULL, NULL, 1),
	(445, 'KH0445', 'CHỊ THÀNH', NULL, 0, NULL, NULL, NULL, NULL, NULL, NULL, NULL, 1),
	(446, 'KH0446', 'THẦY TÚC', NULL, 0, NULL, NULL, NULL, NULL, NULL, NULL, NULL, 1),
	(447, 'KH0447', 'ANH THANH', NULL, 0, NULL, NULL, NULL, NULL, NULL, NULL, NULL, 1),
	(448, 'KH0448', 'SƯ THẦY', NULL, 0, NULL, NULL, NULL, NULL, NULL, NULL, NULL, 1),
	(449, 'KH0449', 'SƯ THẦY CHÙA BẾN THẾ', NULL, 0, NULL, NULL, NULL, NULL, NULL, NULL, NULL, 1),
	(450, 'KH0450', 'CÔ THÚY AQH', NULL, 0, NULL, NULL, NULL, NULL, NULL, NULL, NULL, 1),
	(451, 'KH0451', 'CÔ HÀ TẠP HÓA AQH', NULL, 0, NULL, NULL, NULL, NULL, NULL, NULL, NULL, 1),
	(452, 'KH0452', 'THẦY CƯỜNG', NULL, 0, NULL, NULL, NULL, NULL, NULL, NULL, NULL, 1),
	(453, 'KH0453', 'CÔ TÀI', NULL, 0, NULL, NULL, NULL, NULL, NULL, NULL, NULL, 1),
	(454, 'KH0454', 'ANH ĐƯƠNEL', NULL, 0, NULL, NULL, NULL, NULL, NULL, NULL, NULL, 1),
	(455, 'KH0455', 'THẦY KHOA', NULL, 0, NULL, NULL, NULL, NULL, NULL, NULL, NULL, 1),
	(456, 'KH0456', 'CÔ LOAN AQH', NULL, 0, NULL, NULL, NULL, NULL, NULL, NULL, NULL, 1),
	(457, 'KH0457', 'THẦY HÙNG', NULL, 0, NULL, NULL, NULL, NULL, NULL, NULL, NULL, 1),
	(458, 'KH0458', 'CHỊ XUYÊN', NULL, 0, NULL, NULL, NULL, NULL, NULL, NULL, NULL, 1),
	(459, 'KH0459', 'CHÚ THANH', NULL, 0, NULL, NULL, NULL, NULL, NULL, NULL, NULL, 1),
	(460, 'KH0460', 'CHÚ  THÀNH', NULL, 0, NULL, NULL, NULL, NULL, NULL, NULL, NULL, 1),
	(461, 'KH0461', 'Chú Tuấn', NULL, 0, NULL, NULL, NULL, NULL, NULL, NULL, NULL, 1),
	(462, 'KH0462', 'SƯ THANH', NULL, 0, NULL, NULL, NULL, NULL, NULL, NULL, NULL, 1),
	(463, 'KH0463', 'MỸ NHÂN', NULL, 0, NULL, NULL, NULL, NULL, NULL, NULL, NULL, 1),
	(465, 'KH0465', 'THẦY HÒA TẬP SƠN', NULL, 0, NULL, NULL, NULL, NULL, NULL, NULL, NULL, 1),
	(466, 'KH0466', 'TRƯỜNG TIỂU HỌC LƯU NGHIỆP ANH B', NULL, 0, NULL, NULL, NULL, NULL, NULL, NULL, NULL, 1),
	(467, 'KH0467', 'CHÚ MẠNH', NULL, 0, NULL, NULL, NULL, NULL, NULL, NULL, NULL, 1),
	(468, 'KH0468', 'CHÚ DŨNG', NULL, 0, NULL, NULL, NULL, NULL, NULL, NULL, NULL, 1),
	(469, 'KH0469', 'CHÚ THỨC', NULL, 0, NULL, NULL, NULL, NULL, NULL, NULL, NULL, 1),
	(470, 'KH0470', 'ANH NI', NULL, 0, NULL, NULL, NULL, NULL, NULL, NULL, NULL, 1),
	(471, 'KH0471', 'ANH NHỰT', NULL, 0, NULL, NULL, NULL, NULL, NULL, NULL, NULL, 1),
	(472, 'KH0472', 'EM BÍCH AQH', NULL, 0, NULL, NULL, NULL, NULL, NULL, NULL, NULL, 1),
	(473, 'KH0473', 'THẦY PHENL', NULL, 0, NULL, NULL, NULL, NULL, NULL, NULL, NULL, 1),
	(474, 'KH0474', 'CÔ MỸ LINH', NULL, 0, NULL, NULL, NULL, NULL, NULL, NULL, NULL, 1);
/*!40000 ALTER TABLE `khach_hang` ENABLE KEYS */;

-- Dumping structure for table alcomputer.password_resets
CREATE TABLE IF NOT EXISTS `password_resets` (
  `email` varchar(191) COLLATE utf8mb4_unicode_ci NOT NULL,
  `token` varchar(191) COLLATE utf8mb4_unicode_ci NOT NULL,
  `created_at` timestamp NULL DEFAULT NULL,
  KEY `password_resets_email_index` (`email`)
) ENGINE=InnoDB DEFAULT CHARSET=utf8mb4 COLLATE=utf8mb4_unicode_ci;

-- Dumping data for table alcomputer.password_resets: ~0 rows (approximately)
/*!40000 ALTER TABLE `password_resets` DISABLE KEYS */;
INSERT INTO `password_resets` (`email`, `token`, `created_at`) VALUES
	('thanhpv.tvh', '$2y$10$GeJq5nbaNzdeY8UqlCnDIOIh6uSHYw5iZcRhpKuPxDrBtqBT4qAG.', '2019-06-20 16:17:07');
/*!40000 ALTER TABLE `password_resets` ENABLE KEYS */;

-- Dumping structure for table alcomputer.phieu_chi
CREATE TABLE IF NOT EXISTS `phieu_chi` (
  `id` int(11) NOT NULL AUTO_INCREMENT,
  `ma_phieu_chi` varchar(50) NOT NULL,
  `id_user` int(10) unsigned NOT NULL COMMENT 'Người tạo phiếu',
  `file` varchar(250) DEFAULT NULL,
  `noi_dung` longtext DEFAULT NULL,
  `tong_chi` float NOT NULL DEFAULT 0,
  `ghi_chu` varchar(250) DEFAULT NULL,
  `da_duyet` int(11) NOT NULL DEFAULT 0,
  `ngay_chi` datetime NOT NULL DEFAULT current_timestamp() ON UPDATE current_timestamp(),
  PRIMARY KEY (`id`),
  KEY `FK_chi_tieu_users` (`id_user`),
  CONSTRAINT `FK_chi_tieu_users` FOREIGN KEY (`id_user`) REFERENCES `users` (`id`) ON DELETE CASCADE ON UPDATE CASCADE
) ENGINE=InnoDB AUTO_INCREMENT=29 DEFAULT CHARSET=utf8;

-- Dumping data for table alcomputer.phieu_chi: ~17 rows (approximately)
/*!40000 ALTER TABLE `phieu_chi` DISABLE KEYS */;
INSERT INTO `phieu_chi` (`id`, `ma_phieu_chi`, `id_user`, `file`, `noi_dung`, `tong_chi`, `ghi_chu`, `da_duyet`, `ngay_chi`) VALUES
	(7, 'PC040421-0001', 2, NULL, 'Mua ghế Văn Phòng', 750000, NULL, 1, '2021-05-19 00:04:23'),
	(8, 'PC040421-0002', 3, NULL, 'Mua phần mềm quản lí doanh thu', 1500000, NULL, 1, '2021-04-05 05:38:42'),
	(10, 'PC230421-0001', 3, NULL, 'Mua quạt điều hòa', 1800000, NULL, 1, '2021-04-30 09:00:28'),
	(11, 'PC230421-0002', 3, NULL, 'Mua linh kiện', 650000, NULL, 1, '2021-04-30 09:00:31'),
	(12, 'PC230421-0003', 3, NULL, 'Đóng tiền nhà', 1000000, NULL, 1, '2021-04-30 09:00:35'),
	(13, 'PC230421-0004', 3, NULL, 'Chúc tết khách hàng', 1450000, NULL, 1, '2021-04-30 09:00:38'),
	(14, 'PC230421-0005', 3, NULL, 'Chi hoa hồng (lãnh đạo xã AQH)', 3400000, NULL, 1, '2021-04-30 09:00:45'),
	(15, 'PC230421-0006', 3, NULL, 'Chi hoa hồng (lãnh đạo trường MGTS)', 3000000, NULL, 1, '2021-04-30 09:00:47'),
	(16, 'PC030521-0001', 3, NULL, 'Đóng tiền nhà', 1000000, NULL, 1, '2021-05-19 00:03:39'),
	(17, 'PC030521-0002', 3, NULL, 'Chi lương kế toán 3 quý', 5300000, NULL, 1, '2021-05-19 00:03:41'),
	(18, 'PC040521-0001', 3, NULL, 'Xã giao lãnh đạo', 1600000, 'AQH', 1, '2021-05-22 16:26:21'),
	(19, 'PC220521-0001', 3, NULL, 'Chi lương nhân viên', 1800000, 'THẠCH NƠI', 1, '2021-05-27 06:38:01'),
	(20, 'PC250521-0001', 3, NULL, 'Mua đồ nghề', 565000, NULL, 1, '2021-05-27 06:37:58'),
	(21, 'PC250521-0002', 3, NULL, 'Tiếp khách', 380000, NULL, 1, '2021-05-27 06:38:05'),
	(22, 'PC050621-0001', 3, NULL, 'Chi lương nhân viên', 2500000, 'Nông Thị Lành', 0, '2021-06-05 14:47:01'),
	(23, 'PC180621-0001', 3, NULL, 'Tiếp lãnh đạo huyện', 340000, NULL, 0, '2021-06-18 14:39:39'),
	(24, 'PC180621-0002', 3, NULL, 'Đóng tiền nhà', 1000000, NULL, 0, '2021-06-18 14:41:52'),
	(25, 'PC260621-0001', 3, NULL, 'Chi hoa hồng HT TTHTTTCA', 3450000, NULL, 0, '2021-06-26 09:21:45'),
	(26, 'PC020721-0001', 3, NULL, 'Chi lương nv', 1500000, NULL, 0, '2021-07-02 13:18:12'),
	(27, 'PC020721-0002', 3, NULL, 'Chi lương nv', 3000000, NULL, 0, '2021-07-02 13:18:54'),
	(28, 'PC020721-0003', 3, NULL, 'Chi hoa hồng xã TS', 280000, NULL, 0, '2021-07-02 13:19:23');
/*!40000 ALTER TABLE `phieu_chi` ENABLE KEYS */;

-- Dumping structure for table alcomputer.phieu_nhap
CREATE TABLE IF NOT EXISTS `phieu_nhap` (
  `id` int(11) NOT NULL AUTO_INCREMENT,
  `id_doi_tac` int(11) DEFAULT NULL,
  `ma_phieu_nhap` varchar(50) DEFAULT NULL,
  `vat` decimal(20,0) NOT NULL DEFAULT 0,
  `chiet_khau` decimal(20,0) NOT NULL DEFAULT 0,
  `da_thanh_toan` decimal(20,0) NOT NULL DEFAULT 0,
  `ngay_nhap` datetime NOT NULL DEFAULT current_timestamp(),
  `ghi_chu` varchar(250) DEFAULT NULL,
  `state` int(11) NOT NULL DEFAULT 0,
  PRIMARY KEY (`id`),
  KEY `FK_phieu_nhap_doi_tac` (`id_doi_tac`),
  CONSTRAINT `FK_phieu_nhap_doi_tac` FOREIGN KEY (`id_doi_tac`) REFERENCES `doi_tac` (`id`) ON DELETE CASCADE ON UPDATE CASCADE
) ENGINE=InnoDB AUTO_INCREMENT=551 DEFAULT CHARSET=utf8;

-- Dumping data for table alcomputer.phieu_nhap: ~86 rows (approximately)
/*!40000 ALTER TABLE `phieu_nhap` DISABLE KEYS */;
INSERT INTO `phieu_nhap` (`id`, `id_doi_tac`, `ma_phieu_nhap`, `vat`, `chiet_khau`, `da_thanh_toan`, `ngay_nhap`, `ghi_chu`, `state`) VALUES
	(358, 312, 'PN040421-0001', 0, 0, 783000, '2021-04-04 03:37:07', NULL, 0),
	(359, 312, 'PN040421-0001', 0, 0, 1450000, '2021-04-04 03:40:18', NULL, 0),
	(360, 312, 'PN040421-0001', 0, 0, 480000, '2021-04-04 03:42:17', NULL, 0),
	(361, 312, 'PN040421-0001', 0, 0, 500000, '2021-04-04 03:43:30', NULL, 0),
	(362, 312, 'PN040421-0001', 0, 0, 270000, '2021-04-04 03:51:21', NULL, 0),
	(363, 312, 'PN040421-0001', 0, 0, 600000, '2021-04-04 03:56:10', NULL, 0),
	(364, 312, 'PN040421-0001', 0, 0, 300000, '2021-04-04 03:57:31', NULL, 0),
	(365, 312, 'PN040421-0001', 0, 0, 440000, '2021-04-04 03:58:51', NULL, 0),
	(366, 312, 'PN040421-0001', 0, 0, 3000000, '2021-04-04 03:59:51', NULL, 0),
	(367, 312, 'PN040421-0001', 0, 0, 360000, '2021-04-04 04:01:35', NULL, 0),
	(368, 312, 'PN040421-0001', 0, 0, 240000, '2021-04-04 04:03:05', NULL, 0),
	(369, 312, 'PN040421-0001', 0, 0, 880000, '2021-04-04 04:04:27', NULL, 0),
	(370, 312, 'PN040421-0001', 0, 0, 250000, '2021-04-04 04:05:32', NULL, 0),
	(371, 312, 'PN040421-0001', 0, 0, 120000, '2021-04-04 04:07:16', NULL, 0),
	(372, 312, 'PN040421-0001', 0, 0, 250000, '2021-04-04 04:08:45', NULL, 0),
	(373, 312, 'PN040421-0001', 0, 0, 220000, '2021-04-04 04:10:05', NULL, 0),
	(374, 312, 'PN040421-0001', 0, 0, 150000, '2021-04-04 04:11:11', NULL, 0),
	(375, 315, 'PN040421-0001', 0, 0, 90000, '2021-04-04 04:15:53', NULL, 0),
	(376, 315, 'PN040421-0001', 0, 0, 336000, '2021-04-04 04:17:05', NULL, 0),
	(377, 312, 'PN040421-0001', 0, 0, 1268400, '2021-04-04 04:19:36', NULL, 0),
	(378, 312, 'PN040421-0001', 0, 0, 1035000, '2021-04-04 04:24:32', NULL, 0),
	(379, 312, 'PN040421-0001', 0, 0, 97200, '2021-04-04 04:25:34', NULL, 0),
	(380, 1, 'PN040421-0001', 0, 0, 0, '2021-04-04 04:29:15', NULL, 0),
	(381, 1, 'PN040421-0001', 0, 0, 0, '2021-04-04 04:30:28', NULL, 0),
	(382, 1, 'PN040421-0001', 0, 0, 0, '2021-04-04 04:31:15', NULL, 0),
	(383, 1, 'PN040421-0001', 0, 0, 0, '2021-04-04 04:32:17', NULL, 0),
	(385, 1, 'PN040421-0001', 0, 0, 0, '2021-04-04 04:35:48', NULL, 0),
	(386, 1, 'PN040421-0001', 0, 0, 0, '2021-04-04 04:37:35', NULL, 0),
	(387, 315, 'PN040421-0001', 0, 0, 210000, '2021-04-04 04:38:34', NULL, 0),
	(388, 312, 'PN040421-0001', 0, 0, 390000, '2021-04-04 04:39:31', NULL, 0),
	(389, 1, 'PN040421-0001', 0, 0, 0, '2021-04-04 04:40:47', NULL, 0),
	(390, 1, 'PN040421-0001', 0, 0, 0, '2021-04-04 04:41:48', NULL, 0),
	(391, 316, 'PN040421-0001', 0, 0, 1200000, '2021-04-04 04:50:56', NULL, 0),
	(392, 1, 'PN040421-0001', 0, 0, 0, '2021-04-04 04:52:32', NULL, 0),
	(393, 312, 'PN040421-0001', 0, 0, 135000, '2021-04-04 04:55:53', NULL, 0),
	(394, 1, 'PN040421-0001', 0, 0, 0, '2021-04-04 04:56:20', NULL, 0),
	(395, 312, 'PN040421-0001', 0, 0, 280000, '2021-04-04 04:57:46', NULL, 0),
	(396, 312, 'PN040421-0001', 0, 0, 400000, '2021-04-04 05:00:46', NULL, 0),
	(397, 312, 'PN040421-0001', 0, 0, 175000, '2021-04-04 05:01:43', NULL, 0),
	(398, 312, 'PN040421-0001', 0, 0, 120000, '2021-04-04 05:04:21', NULL, 0),
	(399, 312, 'PN040421-0001', 0, 0, 50000, '2021-04-04 05:05:27', NULL, 0),
	(400, 312, 'PN040421-0001', 0, 0, 45000, '2021-04-04 05:06:38', NULL, 0),
	(401, 312, 'PN040421-0001', 0, 0, 140000, '2021-04-04 05:07:39', NULL, 0),
	(402, 312, 'PN040421-0001', 0, 0, 270000, '2021-04-04 05:09:10', NULL, 0),
	(403, 313, 'PN040421-0001', 0, 0, 145000, '2021-04-04 05:14:17', NULL, 0),
	(404, 1, 'PN040421-0001', 0, 0, 0, '2021-04-04 05:15:26', NULL, 0),
	(405, 316, 'PN040421-0001', 0, 0, 310000, '2021-04-04 05:17:30', NULL, 0),
	(406, 313, 'PN040421-0001', 0, 0, 110000, '2021-04-04 05:18:29', NULL, 0),
	(407, 313, 'PN040421-0001', 0, 0, 1475000, '2021-04-04 05:35:42', NULL, 0),
	(408, 312, 'PN040421-0001', 0, 0, 320000, '2021-04-04 05:50:15', NULL, 0),
	(409, 312, 'PN040421-0001', 0, 0, 2300000, '2021-04-04 05:54:38', NULL, 0),
	(410, 313, 'PN040421-0001', 0, 0, 1400000, '2021-04-04 05:57:19', NULL, 0),
	(411, 312, 'PN040421-0001', 0, 0, 1450000, '2021-04-04 06:00:05', NULL, 0),
	(412, 312, 'PN040421-0001', 0, 0, 560000, '2021-04-04 06:01:48', NULL, 0),
	(413, 312, 'PN040421-0001', 0, 0, 150000, '2021-04-04 06:03:48', NULL, 0),
	(414, 313, 'PN040421-0001', 0, 0, 130000, '2021-04-04 06:06:12', NULL, 0),
	(415, 313, 'PN040421-0001', 0, 0, 135000, '2021-04-04 06:08:08', NULL, 0),
	(416, 313, 'PN040421-0001', 0, 0, 780000, '2021-04-04 06:11:40', NULL, 0),
	(417, 313, 'PN040421-0001', 0, 0, 1440000, '2021-04-04 06:12:32', NULL, 0),
	(419, 312, 'PN040421-0001', 0, 0, 600000, '2021-04-04 06:16:54', NULL, 0),
	(420, 312, 'PN040421-0001', 0, 0, 750000, '2021-04-04 06:30:23', NULL, 0),
	(421, 1, 'PN040421-0001', 0, 0, 0, '2021-04-04 06:32:43', NULL, 0),
	(422, 312, 'PN040421-0001', 0, 0, 290000, '2021-04-04 06:34:13', NULL, 0),
	(423, 313, 'PN040421-0001', 0, 0, 100000, '2021-04-04 06:37:41', NULL, 0),
	(424, 312, 'PN040421-0001', 0, 0, 440000, '2021-04-04 06:40:41', NULL, 0),
	(425, 315, 'PN040421-0001', 0, 0, 50000, '2021-04-01 06:41:27', NULL, 0),
	(426, 1, 'PN040421-0001', 0, 0, 0, '2021-04-04 06:51:58', NULL, 0),
	(433, 312, 'PN050421-0002', 0, 0, 160000, '2021-04-01 22:15:03', NULL, 0),
	(438, 312, 'PN060421-0001', 0, 0, 2900000, '2021-04-06 01:38:04', NULL, 0),
	(439, 312, 'PN060421-0002', 0, 0, 600000, '2021-04-06 08:42:29', NULL, 0),
	(440, 313, 'PN060421-0003', 0, 0, 170000, '2021-04-06 09:06:59', NULL, 0),
	(441, 315, 'PN060421-0004', 0, 0, 429800, '2021-04-06 09:35:57', NULL, 0),
	(442, 313, 'PN060421-0005', 0, 0, 1080000, '2021-04-06 10:04:21', NULL, 0),
	(443, 324, 'PN070421-0001', 0, 0, 230000, '2021-04-07 08:54:41', NULL, 0),
	(445, 313, 'PN070421-0002', 0, 0, 950000, '2021-04-07 13:31:59', NULL, 0),
	(446, 313, 'PN070421-0003', 0, 0, 250000, '2021-04-07 14:56:28', NULL, 0),
	(447, 1, 'PN070421-0004', 0, 0, 0, '2021-04-07 14:58:10', NULL, 0),
	(449, 312, 'PN130421-0001', 0, 0, 180000, '2021-04-13 15:12:27', NULL, 0),
	(450, 312, 'PN130421-0002', 0, 0, 300000, '2021-04-13 15:13:33', NULL, 0),
	(462, 313, 'PN130421-0014', 0, 0, 730000, '2021-04-13 17:53:43', NULL, 0),
	(463, 312, 'PN130421-0012', 0, 0, 6742000, '2021-04-13 18:02:40', NULL, 0),
	(464, 317, 'PN130421-0005', 0, 0, 1800000, '2021-04-13 21:51:11', NULL, 0),
	(465, 324, 'PN140421-0001', 0, 0, 910000, '2021-04-14 08:05:19', NULL, 0),
	(466, 316, 'PN140421-0002', 0, 0, 360000, '2021-04-14 10:29:30', NULL, 0),
	(467, 317, 'PN160421-0001', 0, 0, 675000, '2021-04-16 09:49:34', NULL, 0),
	(468, 325, 'PN160421-0002', 0, 0, 0, '2021-04-16 10:06:31', NULL, 0),
	(469, 313, 'PN170421-0001', 0, 0, 4565000, '2021-04-17 13:46:26', NULL, 0),
	(470, 1, 'PN170421-0002', 0, 0, 0, '2021-04-17 14:07:03', NULL, 0),
	(474, 313, 'PN220421-0001', 0, 0, 5720000, '2021-04-22 07:41:13', NULL, 0),
	(475, 313, 'PN220421-0002', 0, 0, 3000000, '2021-04-22 08:01:51', NULL, 0),
	(476, 324, 'PN220421-0003', 0, 0, 450000, '2021-04-22 13:45:59', NULL, 0),
	(477, 313, 'PN220421-0004', 0, 0, 960000, '2021-04-22 13:57:53', NULL, 0),
	(478, 1, 'PN220421-0005', 0, 0, 0, '2021-04-22 17:03:14', NULL, 0),
	(479, 1, 'PN220421-0006', 0, 0, 0, '2021-04-22 17:03:55', NULL, 0),
	(480, 312, 'PN230421-0001', 0, 0, 90000, '2021-04-23 08:21:42', NULL, 0),
	(481, 312, 'PN240421-0001', 0, 0, 170000, '2021-04-24 10:36:39', NULL, 0),
	(482, 315, 'PN240421-0002', 0, 0, 240000, '2021-04-24 15:15:27', NULL, 0),
	(483, 313, 'PN260421-0001', 0, 0, 1000000, '2021-04-26 07:35:15', NULL, 0),
	(485, 312, 'PN270421-0001', 0, 0, 4360000, '2021-04-27 08:08:36', NULL, 0),
	(486, 1, 'PN270421-0002', 0, 0, 0, '2021-04-27 14:22:38', NULL, 0),
	(487, 324, 'PN280421-0001', 0, 0, 200000, '2021-04-28 10:06:36', NULL, 0),
	(488, 313, 'PN300421-0001', 0, 0, 400000, '2021-04-28 08:55:47', NULL, 0),
	(489, 324, 'PN040521-0001', 0, 0, 450000, '2021-05-04 16:12:00', NULL, 0),
	(490, 312, 'PN050521-0001', 0, 0, 270000, '2021-05-05 08:33:59', NULL, 0),
	(491, 325, 'PN050521-0002', 0, 0, 170000, '2021-05-05 09:11:07', NULL, 0),
	(492, 313, 'PN060521-0001', 0, 0, 1040000, '2021-05-05 08:03:21', NULL, 0),
	(493, 313, 'PN060521-0001', 0, 0, 370000, '2021-05-06 15:48:45', NULL, 0),
	(494, 312, 'PN070521-0001', 0, 0, 600000, '2021-05-07 16:16:35', NULL, 0),
	(495, 326, 'PN100521-0001', 0, 0, 1900000, '2021-05-10 07:51:50', NULL, 0),
	(496, 324, 'PN100521-0002', 0, 0, 660000, '2021-05-10 08:05:44', NULL, 0),
	(499, 1, 'PN100521-0003', 0, 0, 0, '2021-05-10 16:48:30', NULL, 0),
	(501, 327, 'PN100521-0004', 0, 0, 350000, '2021-05-10 17:29:22', NULL, 0),
	(502, 1, 'PN110521-0001', 0, 0, 0, '2021-05-11 08:01:15', NULL, 0),
	(503, 313, 'PN110521-0002', 0, 0, 3970000, '2021-05-11 16:17:20', NULL, 0),
	(504, 325, 'PN110521-0003', 0, 0, 0, '2021-05-11 17:28:31', NULL, 0),
	(506, 313, 'PN120521-0002', 0, 0, 2623000, '2021-05-12 14:45:04', NULL, 0),
	(507, 315, 'PN120521-0002', 0, 0, 1554000, '2021-05-12 16:38:00', NULL, 0),
	(508, 1, 'PN130521-0001', 0, 0, 0, '2021-05-13 15:45:08', NULL, 0),
	(509, 1, 'PN140521-0001', 0, 0, 0, '2021-05-14 11:06:54', NULL, 0),
	(510, 316, 'PN150521-0001', 0, 0, 0, '2021-05-15 16:56:45', NULL, 0),
	(511, 325, 'PN190521-0001', 0, 0, 0, '2021-05-19 07:55:34', NULL, 0),
	(512, 313, 'PN190521-0002', 0, 0, 3660000, '2021-05-19 17:00:30', NULL, 0),
	(513, 313, 'PN210521-0001', 0, 0, 1820000, '2021-05-21 14:13:36', NULL, 0),
	(514, 315, 'PN210521-0002', 0, 0, 280000, '2021-05-21 16:39:26', NULL, 0),
	(515, 327, 'PN220521-0001', 0, 0, 600000, '2021-05-22 10:09:13', NULL, 0),
	(516, 313, 'PN240521-0001', 0, 0, 1980000, '2021-05-24 07:29:35', NULL, 0),
	(517, 315, 'PN240521-0002', 0, 0, 295000, '2021-05-24 11:02:52', NULL, 0),
	(518, 313, 'PN240521-0003', 0, 0, 400000, '2021-05-24 15:47:03', NULL, 0),
	(519, 315, 'PN260521-0001', 0, 0, 138000, '2021-05-26 10:39:23', NULL, 0),
	(520, 328, 'PN270521-0001', 0, 0, 1020000, '2021-05-27 10:01:54', NULL, 0),
	(521, 325, 'PN270521-0002', 0, 0, 0, '2021-05-27 15:28:10', NULL, 0),
	(522, 324, 'PN280521-0001', 0, 0, 440000, '2021-05-28 07:39:49', NULL, 0),
	(523, 1, 'PN310521-0001', 0, 0, 0, '2021-05-31 16:25:38', NULL, 0),
	(524, 1, 'PN310521-0002', 0, 0, 0, '2021-05-31 16:32:27', NULL, 0),
	(525, 324, 'PN020621-0001', 0, 0, 600000, '2021-05-30 07:24:41', NULL, 0),
	(526, 312, 'PN040621-0001', 0, 0, 5100000, '2021-06-02 13:56:53', NULL, 0),
	(527, 313, 'PN050621-0001', 0, 0, 6390000, '2021-06-05 10:13:18', NULL, 0),
	(529, 1, 'PN070621-0001', 0, 0, 0, '2021-06-07 14:55:54', NULL, 0),
	(530, 324, 'PN110621-0001', 0, 0, 700000, '2021-06-11 17:18:16', NULL, 0),
	(531, 315, 'PN150621-0001', 0, 0, 350000, '2021-06-07 07:30:46', NULL, 0),
	(532, 312, 'PN150621-0001', 0, 0, 5000000, '2021-06-15 16:30:50', NULL, 0),
	(533, 324, 'PN160621-0001', 0, 0, 250000, '2021-06-16 10:32:08', NULL, 0),
	(534, 313, 'PN160621-0002', 0, 0, 2620000, '2021-06-16 11:01:38', NULL, 0),
	(535, 1, 'PN170621-0001', 0, 0, 0, '2021-06-17 09:04:15', NULL, 0),
	(537, 312, 'PN190621-0001', 0, 0, 2870000, '2021-06-19 15:18:57', NULL, 0),
	(538, 1, 'PN210621-0001', 0, 0, 0, '2021-06-21 07:44:17', NULL, 0),
	(539, 313, 'PN210621-0002', 0, 0, 2370000, '2021-06-21 07:45:02', NULL, 0),
	(541, 324, 'PN220621-0001', 0, 0, 4480000, '2021-06-22 17:07:25', NULL, 0),
	(542, 1, 'PN220621-0002', 0, 0, 0, '2021-06-22 17:11:25', NULL, 0),
	(544, 312, 'PN240621-0001', 0, 0, 5133300, '2021-06-24 13:48:09', NULL, 0),
	(545, 313, 'PN250621-0001', 0, 0, 500000, '2021-06-25 13:49:17', NULL, 0),
	(546, 312, 'PN290621-0001', 0, 0, 460000, '2021-06-29 17:23:06', NULL, 0),
	(547, 313, 'PN300621-0001', 0, 0, 0, '2021-07-01 07:54:12', NULL, 0),
	(548, 317, 'PN300621-0002', 0, 0, 1800000, '2021-06-30 14:05:37', NULL, 0),
	(549, 315, 'PN300621-0003', 0, 0, 335000, '2021-06-30 16:37:57', NULL, 0),
	(550, 317, 'PN020721-0001', 0, 0, 3240000, '2021-07-02 13:34:43', NULL, 0);
/*!40000 ALTER TABLE `phieu_nhap` ENABLE KEYS */;

-- Dumping structure for table alcomputer.phieu_xuat
CREATE TABLE IF NOT EXISTS `phieu_xuat` (
  `id` int(11) NOT NULL AUTO_INCREMENT,
  `id_khach_hang` int(11) DEFAULT NULL,
  `ma_phieu_xuat` varchar(50) DEFAULT NULL,
  `vat` decimal(20,0) NOT NULL DEFAULT 0,
  `chiet_khau` decimal(20,0) NOT NULL DEFAULT 0,
  `da_thanh_toan` decimal(20,0) NOT NULL DEFAULT 0,
  `ngay_xuat` datetime NOT NULL DEFAULT current_timestamp(),
  `ghi_chu` varchar(250) DEFAULT NULL,
  `state` int(11) NOT NULL DEFAULT 0,
  PRIMARY KEY (`id`),
  KEY `FK_phieu_xuat_khach_hang` (`id_khach_hang`),
  CONSTRAINT `FK_phieu_xuat_khach_hang` FOREIGN KEY (`id_khach_hang`) REFERENCES `khach_hang` (`id`) ON DELETE CASCADE ON UPDATE CASCADE
) ENGINE=InnoDB AUTO_INCREMENT=665 DEFAULT CHARSET=utf8;

-- Dumping data for table alcomputer.phieu_xuat: ~143 rows (approximately)
/*!40000 ALTER TABLE `phieu_xuat` DISABLE KEYS */;
INSERT INTO `phieu_xuat` (`id`, `id_khach_hang`, `ma_phieu_xuat`, `vat`, `chiet_khau`, `da_thanh_toan`, `ngay_xuat`, `ghi_chu`, `state`) VALUES
	(362, 349, 'PX050421-0002', 0, 0, 275000, '2021-04-05 21:25:18', 'Cá nhân', 0),
	(363, 350, 'PX050421-0003', 0, 0, 275000, '2021-04-05 21:26:32', 'Cá nhân', 0),
	(365, 351, 'PX050421-0004', 0, 0, 250000, '2021-04-01 21:36:48', 'Cá nhân', 0),
	(366, 352, 'PX050421-0004', 0, 0, 850000, '2021-04-01 21:38:38', 'Cá nhân', 0),
	(369, 353, 'PX050421-0004', 0, 0, 80000, '2021-04-01 21:49:14', 'Cá nhân', 0),
	(370, 354, 'PX050421-0004', 0, 0, 400000, '2021-04-02 21:50:29', 'Cá nhân', 0),
	(371, 355, 'cPX050421-0004', 0, 0, 200000, '2021-04-02 21:51:45', 'Cá nhân', 0),
	(373, 356, 'cPX050421-0004', 0, 0, 80000, '2021-04-02 22:06:18', 'Cá nhân', 0),
	(374, 357, 'PX050421-0004', 0, 0, 180000, '2021-04-02 22:16:09', 'Đã xuất VAT', 0),
	(375, 360, 'PX050421-0004', 0, 0, 0, '2021-04-05 23:01:12', 'Đã xuất VAT', 0),
	(376, 361, 'PX050421-0005', 0, 0, 175000, '2021-04-05 23:02:24', 'Cá nhân', 0),
	(378, 314, 'PX050421-0005', 0, 0, 1050000, '2021-04-05 15:03:26', 'Đã xuất VAT(Anh Siênl CTX )', 0),
	(379, 362, 'PX050421-0006', 0, 0, 120000, '2021-04-05 15:55:02', 'Cá nhân', 0),
	(380, 348, 'PX050421-0007', 0, 0, 2900000, '2021-04-05 16:18:21', 'Cá nhân', 0),
	(381, 330, 'PX060421-0001', 0, 0, 0, '2021-04-06 09:19:33', 'Đã xuất VAT', 0),
	(383, 328, 'PX060421-0002', 0, 0, 0, '2021-04-06 13:40:59', 'Đã xuất VAT', 0),
	(384, 363, 'PX060421-0003', 0, 0, 1000000, '2021-04-06 14:52:32', 'Cá nhân', 0),
	(385, 364, 'PX070421-0001', 0, 0, 410000, '2021-04-07 15:08:09', 'Cá nhân', 0),
	(386, 365, 'PX070421-0002', 0, 0, 450000, '2021-04-07 15:13:44', 'Cá nhân', 0),
	(387, 366, 'PX070421-0003', 0, 0, 250000, '2021-04-07 19:02:26', 'Đã xuất VAT', 0),
	(388, 314, 'PX090421-0001', 0, 0, 1750000, '2021-04-09 08:46:49', 'Đã xuất VAT( Chị Hương VP)', 0),
	(389, 311, 'PX090421-0002', 0, 0, 0, '2021-04-09 09:35:27', 'Chưa xuất VAT', 0),
	(390, 368, 'PX090421-0003', 0, 0, 5000, '2021-04-09 09:36:20', 'Xuất kho', 0),
	(391, 369, 'PX090421-0004', 0, 0, 80000, '2021-04-09 15:11:30', 'Cá nhân', 0),
	(394, 366, 'PX120421-0001', 0, 0, 200000, '2021-04-12 08:32:34', 'Đã xuất VAT', 0),
	(395, 318, 'PX120421-0002', 0, 0, 0, '2021-04-12 09:13:46', 'Đã xuất VAT', 0),
	(396, 366, 'PX120421-0003', 0, 0, 150000, '2021-04-12 13:27:18', 'Đã xuất VAT', 0),
	(397, 314, 'PX130421-0001', 0, 0, 110000, '2021-04-13 08:23:10', 'Đã xuất VAT(Chị Hương VP)', 0),
	(398, 314, 'PX130421-0002', 0, 0, 110000, '2021-04-13 08:56:44', 'Đã xuất VAT(Chú Tổng địa chính)', 0),
	(399, 374, 'PX130421-0003', 0, 0, 0, '2021-04-13 08:58:37', 'Đã xuất VAT', 0),
	(400, 373, 'PX130421-0004', 0, 0, 275000, '2021-04-13 09:02:58', 'Cá nhân', 0),
	(401, 368, 'PX130421-0005', 0, 0, 390000, '2021-04-13 10:34:06', 'Xuất kho', 0),
	(402, 330, 'PX130421-0006', 0, 0, 250000, '2021-04-13 15:35:34', 'Đã xuất VAT', 0),
	(403, 375, 'PX140421-0001', 0, 0, 350000, '2021-04-14 09:11:24', 'Cá nhân', 0),
	(404, 330, 'PX140421-0002', 0, 0, 300000, '2021-04-14 11:13:26', 'Đã xuất VAT', 0),
	(406, 376, 'PX150421-0001', 0, 0, 6000000, '2021-04-15 08:44:26', 'Cá nhân', 0),
	(407, 366, 'PX160421-0001', 0, 0, 100000, '2021-04-16 09:51:25', 'Đã xuất VAT', 0),
	(408, 330, 'PX160421-0002', 0, 0, 100000, '2021-04-16 10:07:48', 'Đã xuất VAT', 0),
	(409, 377, 'PX160421-0003', 0, 0, 1075000, '2021-04-16 15:48:31', 'Cá nhân', 0),
	(410, 329, 'PX170421-0001', 0, 0, 0, '2021-04-17 08:24:46', 'Chưa xuất VAT( Thầy Thi)', 0),
	(411, 379, 'PX170421-0002', 0, 0, 390000, '2021-04-17 08:26:05', 'Cá nhân', 0),
	(412, 380, 'PX170421-0003', 0, 0, 600000, '2021-04-17 08:27:07', 'Cá nhân', 0),
	(413, 381, 'PX170421-0004', 0, 0, 390000, '2021-04-17 13:58:57', 'Cá nhân', 0),
	(414, 314, 'PX170421-0005', 0, 0, 400000, '2021-04-17 14:07:51', 'Đã xuất VAT(Anh Đến  kế toán)', 0),
	(415, 364, 'PX190421-0001', 0, 0, 80000, '2021-04-19 07:47:06', 'Cá nhân', 0),
	(416, 382, 'PX190421-0002', 0, 0, 80000, '2021-04-19 07:48:29', 'Cá nhân', 0),
	(417, 383, 'PX190421-0003', 0, 0, 1400000, '2021-04-19 07:52:26', 'Cá nhân', 0),
	(418, 336, 'PX190421-0004', 0, 0, 100000, '2021-04-19 08:30:53', 'Đã xuất VAT', 0),
	(419, 322, 'PX190421-0005', 0, 0, 110000, '2021-04-19 08:32:56', 'Đã xuất VAT', 0),
	(420, 384, 'PX190421-0006', 0, 0, 1500000, '2021-04-19 08:35:46', 'Cá nhân', 0),
	(421, 380, 'PX190421-0007', 0, 0, 180000, '2021-04-19 16:45:09', 'Cá nhân', 0),
	(423, 329, 'PX200421-0002', 0, 0, 0, '2021-04-20 08:51:55', 'Chưa xuất VAT', 0),
	(424, 314, 'PX200421-0002', 0, 0, 220000, '2021-04-20 10:39:50', 'Đã xuất VAT(Anh Chung)', 0),
	(425, 385, 'PX200421-0003', 0, 0, 250000, '2021-04-20 11:18:26', 'Cá nhân', 0),
	(426, 386, 'PX200421-0004', 0, 0, 150000, '2021-04-20 14:14:32', 'Cá nhân', 0),
	(427, 330, 'PX200421-0005', 0, 0, 570000, '2021-04-20 14:18:50', 'Đã  xuất VAT(Anh Tuấn)', 0),
	(429, 328, 'PX200421-0007', 0, 0, 0, '2021-04-20 15:47:57', 'Đã xuất VAT', 0),
	(430, 316, 'PX220421-0001', 0, 0, 0, '2021-04-22 09:35:58', 'Đã xuất VAT', 0),
	(431, 388, 'PX220421-0002', 0, 0, 80000, '2021-04-22 09:53:33', 'Cá nhân', 0),
	(432, 314, 'PX220421-0003', 0, 0, 3500000, '2021-04-22 10:17:23', 'Đã xuất VAT(Chị Hương VP)', 0),
	(433, 328, 'PX220421-0004', 0, 0, 0, '2021-04-22 10:44:43', 'Đã xuất VAT', 0),
	(434, 389, 'PX220421-0005', 0, 0, 0, '2021-04-22 13:48:50', 'Cá nhân', 0),
	(436, 391, 'PX220421-0007', 0, 0, 3600000, '2021-04-22 14:58:18', 'Cá nhân', 0),
	(437, 314, 'PX220421-0008', 0, 0, 200000, '2021-04-22 15:03:21', 'Đã  xuất VAT(Anh Vũ)', 0),
	(438, 370, 'PX220421-0009', 0, 0, 1000000, '2021-04-22 16:40:13', 'Đã xuất VAT(1091000)+475000+200000', 0),
	(439, 314, 'PX230421-0001', 0, 0, 675000, '2021-04-23 08:54:31', 'Đã xuất VAT( Chị Hương VP)', 0),
	(440, 315, 'PX230421-0002', 0, 0, 2465000, '2021-04-23 15:14:19', 'Đã xuất VAT', 0),
	(441, 392, 'PX240421-0001', 0, 0, 80000, '2021-04-24 07:40:25', 'Cá nhân', 0),
	(442, 365, 'PX240421-0002', 0, 0, 1150000, '2021-04-24 10:38:12', 'Cá nhân', 0),
	(443, 373, 'PX240421-0003', 0, 0, 80000, '2021-04-24 13:47:27', 'Cá nhân', 0),
	(445, 394, 'PX240421-0005', 0, 0, 150000, '2021-04-24 16:23:58', 'Cá nhân', 0),
	(447, 393, 'PX240421-0005', 0, 0, 200000, '2021-04-24 16:40:12', 'Cá nhân', 0),
	(448, 395, 'PX260421-0001', 0, 0, 1630000, '2021-04-25 07:36:02', 'Cá nhân', 0),
	(449, 318, 'PX260421-0001', 0, 0, 0, '2021-04-26 11:22:58', 'Đã xuất VAT', 0),
	(450, 353, 'PX270421-0001', 0, 0, 80000, '2021-04-27 13:03:54', 'Cá nhân', 0),
	(451, 396, 'PX270421-0002', 0, 0, 80000, '2021-04-27 13:42:56', 'Cá nhân', 0),
	(452, 336, 'PX270421-0003', 0, 0, 100000, '2021-04-27 14:17:46', 'Đã xuất VAT', 0),
	(453, 397, 'PX270421-0004', 0, 0, 80000, '2021-04-27 14:23:21', 'Cá nhân', 0),
	(454, 387, 'PX270421-0005', 0, 0, 850000, '2021-04-27 14:23:53', 'Cá nhân', 0),
	(455, 350, 'PX270421-0006', 0, 0, 0, '2021-04-27 14:27:12', 'Cá nhân', 0),
	(456, 368, 'PX270421-0007', 0, 0, 561000, '2021-04-27 14:27:58', 'Xuất kho', 0),
	(457, 398, 'PX270421-0008', 0, 0, 80000, '2021-04-27 16:45:02', 'Cá nhân', 0),
	(458, 322, 'PX280421-0001', 0, 0, 350000, '2021-04-28 10:07:18', 'Đã xuất VAT(Chị Trà)', 0),
	(459, 357, 'PX280421-0002', 0, 0, 200000, '2021-04-28 10:10:07', 'Đã xuất VAT', 0),
	(460, 399, 'PX280421-0003', 0, 0, 280000, '2021-04-28 16:47:16', 'Cá nhân', 0),
	(461, 400, 'PX290421-0001', 0, 0, 300000, '2021-04-29 07:22:49', 'Cá nhân', 0),
	(462, 401, 'PX300421-0001', 0, 0, 80000, '2021-04-30 09:02:35', 'Cá nhân', 0),
	(463, 403, 'PX030521-0001', 0, 0, 200000, '2021-05-03 14:43:55', 'Cá nhân', 0),
	(464, 330, 'PX040521-0001', 0, 0, 550000, '2021-05-04 14:07:21', 'Đã  xuất VAT(Anh Tuấn vp)', 0),
	(465, 398, 'PX040521-0002', 0, 0, 530000, '2021-05-04 16:13:06', 'Cá nhân', 0),
	(466, 390, 'PX040521-0003', 0, 0, 0, '2021-05-04 16:21:20', 'Cá nhân', 0),
	(467, 331, 'PX050521-0001', 0, 0, 0, '2021-05-05 07:45:15', 'Đã xuất VAT', 0),
	(468, 322, 'PX050521-0002', 0, 0, 100000, '2021-05-05 08:25:25', 'Ko xuất VAT', 0),
	(469, 328, 'PX050521-0003', 0, 0, 0, '2021-05-05 08:34:58', 'Đã xuất VAT', 0),
	(470, 368, 'PX050521-0004', 0, 0, 945400, '2021-05-05 10:25:39', 'Xuất kho', 0),
	(471, 403, 'PX050521-0005', 0, 0, 1050000, '2021-05-05 13:51:51', 'Cá nhân', 0),
	(472, 405, 'PX060521-0001', 0, 0, 1260000, '2021-05-06 08:06:07', 'Cá nhân', 0),
	(473, 314, 'PX060521-0002', 0, 0, 0, '2021-05-06 08:47:32', 'Đã xuất VAT(Kế toán)', 0),
	(474, 386, 'PX060521-0003', 0, 0, 80000, '2021-05-06 11:18:07', 'Cá nhân', 0),
	(475, 361, 'PX060521-0004', 0, 0, 170000, '2021-05-06 13:49:58', 'Cá nhân', 0),
	(477, 314, 'PX060521-0006', 0, 0, 0, '2021-05-06 15:49:27', 'Đã xuất VAT(Anh Biển)', 0),
	(479, 407, 'PX070521-0001', 0, 0, 150000, '2021-05-07 16:17:29', 'Đổi BH', 0),
	(480, 370, 'PX070521-0002', 0, 0, 0, '2021-05-07 16:48:53', 'Chưa xuất VAT', 0),
	(481, 357, 'PX070521-0003', 0, 0, 200000, '2021-05-07 16:51:08', 'Đã  xuất VAT(Phòng GV)', 0),
	(482, 321, 'PX070521-0004', 0, 0, 0, '2021-05-07 17:03:41', 'Đã xuất VAT(Anh Chonl)', 0),
	(483, 408, 'PX080521-0001', 0, 0, 0, '2021-05-08 09:22:01', 'Chưa xuất VAT', 0),
	(484, 409, 'PX080521-0002', 0, 0, 275000, '2021-05-08 09:25:28', 'Cá nhân', 0),
	(485, 368, 'PX080521-0003', 0, 0, 2240000, '2021-05-08 09:49:10', 'Xuất kho', 0),
	(486, 410, 'PX100521-0001', 0, 0, 2700000, '2021-05-10 07:52:35', 'Cá nhân', 0),
	(487, 418, 'PX100521-0002', 0, 0, 950000, '2021-05-10 07:56:18', 'Cá nhân', 0),
	(489, 413, 'PX100521-0003', 0, 0, 730000, '2021-05-10 14:16:57', 'Cá nhân', 0),
	(490, 415, 'PX100521-0004', 0, 0, 80000, '2021-05-10 15:57:15', 'Cá nhân', 0),
	(492, 331, 'PX100521-0005', 0, 0, 100000, '2021-05-10 16:06:38', 'Đã xuất VAT', 0),
	(494, 417, 'PX100521-0006', 0, 0, 750000, '2021-05-10 17:04:53', 'Cá nhân', 0),
	(495, 324, 'PX100521-0007', 0, 0, 550000, '2021-05-10 17:29:58', 'Đã xuất VAT', 0),
	(497, 370, 'PX110521-0002', 0, 0, 0, '2021-05-11 14:05:09', 'Chưa xuất VAT', 0),
	(498, 314, 'PX110521-0003', 0, 0, 0, '2021-05-11 14:05:47', 'Đã xuất VAT (Văn phòng)', 0),
	(500, 419, 'PX110521-0004', 0, 0, 5500000, '2021-05-11 16:36:58', 'Cá nhân', 0),
	(501, 420, 'PX110521-0005', 0, 0, 1750000, '2021-05-11 17:22:56', 'Cá nhân', 0),
	(502, 315, 'PX120521-0001', 0, 0, 0, '2021-05-12 10:55:53', 'Đã xuất VAT', 0),
	(503, 335, 'PX130521-0001', 0, 0, 0, '2021-05-13 08:21:03', 'Đã xuất VAT', 0),
	(504, 421, 'PX130521-0002', 0, 0, 180000, '2021-05-13 15:20:23', 'Cá nhân', 0),
	(505, 336, 'PX130521-0003', 0, 0, 0, '2021-05-13 15:37:13', 'Đã  xuất VAT', 0),
	(506, 331, 'PX130521-0004', 0, 0, 245000, '2021-05-13 15:41:42', 'Đã xuất VAT (240000)', 0),
	(507, 422, 'PX140521-0001', 0, 0, 80000, '2021-05-14 10:24:00', 'Cá nhân', 0),
	(508, 420, 'PX140521-0002', 0, 0, 500000, '2021-05-14 11:02:54', 'Cá nhân', 0),
	(509, 314, 'PX140521-0003', 0, 0, 0, '2021-05-14 15:48:43', 'Đã xuất VAT (Chị Hương)', 0),
	(510, 373, 'PX150521-0001', 0, 0, 80000, '2021-05-15 07:51:49', 'Cá nhân', 0),
	(511, 408, 'PX150521-0002', 0, 0, 0, '2021-05-15 16:57:26', 'Chưa xuất VAT', 0),
	(513, 424, 'PX150521-0004', 0, 0, 200000, '2021-05-15 17:06:41', 'Cá nhân', 0),
	(514, 314, 'PX180521-0001', 0, 0, 0, '2021-05-18 07:14:49', 'Đã xuất VAT (Anh Sang HKH)', 0),
	(515, 425, 'PX180521-0002', 0, 0, 695000, '2021-05-18 07:15:59', 'Đã xuất VAT', 0),
	(516, 426, 'PX180521-0003', 0, 0, 400000, '2021-05-17 07:25:26', 'Cá nhân', 0),
	(519, 370, 'PX180521-0005', 0, 0, 0, '2021-05-18 07:41:35', 'Chưa xuất VAT', 0),
	(520, 325, 'PX180521-0006', 0, 0, 0, '2021-05-18 07:43:50', 'Đã xuất VAT', 0),
	(521, 427, 'PX180521-0007', 0, 0, 950000, '2021-05-17 08:02:16', 'Cá nhân', 0),
	(522, 313, 'PX180521-0006', 0, 0, 0, '2021-05-18 09:30:50', 'Đã xuất VAT', 0),
	(523, 428, 'PX180521-0007', 0, 0, 150000, '2021-05-18 10:27:02', 'Cá nhân', 0),
	(524, 368, 'PX180521-0008', 0, 0, 110000, '2021-05-18 14:28:05', 'Đổi BH', 0),
	(525, 316, 'PX180521-0009', 0, 0, 0, '2021-05-18 14:29:10', 'Đã xuất VAT', 0),
	(526, 425, 'PX180521-0010', 0, 0, 370000, '2021-05-18 14:29:39', 'Đã xuất VAT', 0),
	(527, 397, 'PX180521-0011', 0, 0, 2065000, '2021-05-18 15:11:39', 'Cá nhân', 0),
	(528, 430, 'PX180521-0012', 0, 0, 200000, '2021-05-18 16:47:43', 'Cá nhân', 0),
	(529, 329, 'PX190521-0001', 0, 0, 0, '2021-05-19 07:54:26', 'Chưa xuất VAT(Thầy Tân)', 0),
	(530, 321, 'PX190521-0002', 0, 0, 0, '2021-05-19 07:56:03', 'Đã  xuất VAT (Anh Chonl)', 0),
	(531, 396, 'PX190521-0003', 0, 0, 80000, '2021-05-19 08:12:09', 'Cá nhân', 0),
	(532, 370, 'PX190521-0004', 0, 0, 0, '2021-05-19 09:44:07', 'Chưa xuất VAT', 0),
	(533, 419, 'PX190521-0005', 0, 0, 930000, '2021-05-19 14:24:20', 'Cá nhân', 0),
	(534, 431, 'PX190521-0006', 0, 0, 100000, '2021-05-19 16:48:22', 'Cá nhân', 0),
	(536, 341, 'PX200521-0001', 0, 0, 0, '2021-05-20 08:23:07', 'Đã xuất VAT', 0),
	(539, 434, 'PX200521-0002', 0, 0, 3730000, '2021-05-20 09:41:29', 'Cá nhân', 0),
	(540, 436, 'PX200521-0003', 0, 0, 180000, '2021-05-19 09:50:39', 'Cá nhân', 0),
	(541, 425, 'PX200521-0003', 0, 0, 6890000, '2021-05-20 17:00:33', 'Đã xuất VAT', 0),
	(542, 437, 'PX210521-0001', 0, 0, 1130000, '2021-05-21 16:40:00', 'Cá nhân', 0),
	(543, 438, 'PX220521-0001', 0, 0, 900000, '2021-05-22 10:09:47', 'Cá nhân', 0),
	(544, 439, 'PX240521-0001', 0, 0, 2500000, '2021-05-24 07:31:57', 'Cá nhân', 0),
	(545, 440, 'PX240521-0002', 0, 0, 120000, '2021-05-24 08:42:22', 'Cá nhân', 0),
	(546, 324, 'PX240521-0003', 0, 0, 0, '2021-05-24 08:43:18', 'Chưa xuất VAT', 0),
	(547, 330, 'PX240521-0004', 0, 0, 380000, '2021-05-24 11:03:24', 'Đã  xuất VAT( Kế toán)', 0),
	(548, 441, 'PX240521-0005', 0, 0, 900000, '2021-05-24 14:54:56', 'Cá nhân', 0),
	(549, 314, 'PX250521-0001', 0, 0, 0, '2021-05-25 09:42:45', 'Đã xuất VAT (Chị Trinh)', 0),
	(550, 330, 'PX250521-0002', 0, 0, 100000, '2021-05-25 13:43:29', 'Đã  xuất VAT (Anh Tuấn vp)', 0),
	(551, 353, 'PX250521-0003', 0, 0, 80000, '2021-05-25 13:44:19', 'Cá nhân', 0),
	(552, 315, 'PX250521-0004', 0, 0, 0, '2021-05-25 15:57:59', 'Đã xuất VAT (Chị Nguyệt)', 0),
	(553, 438, 'PX260521-0001', 0, 0, 80000, '2021-05-26 07:27:42', 'Cá nhân', 0),
	(554, 442, 'PX260521-0002', 0, 0, 270000, '2021-05-26 07:28:51', 'Cá nhân', 0),
	(555, 425, 'PX260521-0003', 0, 0, 0, '2021-05-26 14:07:21', 'Chưa xuất VAT', 0),
	(556, 443, 'PX270521-0001', 0, 0, 950000, '2021-05-27 07:41:28', 'Cá nhân', 0),
	(557, 330, 'PX270521-0002', 0, 0, 350000, '2021-05-27 15:28:34', 'Đã  xuất VAT (Anh Tuấn vp)', 0),
	(558, 444, 'PX280521-0001', 0, 0, 300000, '2021-05-28 07:44:01', 'Cá nhân', 0),
	(559, 445, 'PX280521-0002', 0, 0, 350000, '2021-05-28 07:45:00', 'Cá nhân', 0),
	(560, 446, 'PX280521-0003', 0, 0, 200000, '2021-05-28 13:27:29', 'Cá nhân', 0),
	(561, 327, 'PX280521-0004', 0, 0, 100000, '2021-05-28 13:49:18', 'Đã xuất VAT', 0),
	(562, 370, 'PX310521-0001', 0, 0, 0, '2021-05-31 16:28:45', 'Chưa xuất VAT', 0),
	(564, 365, 'PX310521-0003', 0, 0, 80000, '2021-05-31 16:33:54', NULL, 0),
	(566, 357, 'PX020621-0001', 0, 0, 200000, '2021-06-02 07:54:18', 'Đã  xuất VAT (PHT,KT)', 0),
	(567, 339, 'PX020621-0002', 0, 0, 0, '2021-06-02 07:59:10', 'Đã xuất VAT', 0),
	(568, 423, 'PX030621-0001', 0, 0, 160000, '2021-06-03 09:05:18', NULL, 0),
	(569, 379, 'PX030621-0002', 0, 0, 80000, '2021-06-03 13:14:56', NULL, 0),
	(570, 313, 'PX030621-0003', 0, 0, 0, '2021-06-03 13:28:04', 'Đã xuất VAT', 0),
	(571, 341, 'PX040621-0001', 0, 0, 0, '2021-06-04 09:35:42', 'Đã xuất VAT', 0),
	(572, 447, 'PX040621-0002', 0, 0, 950000, '2021-06-04 13:46:35', NULL, 0),
	(573, 380, 'PX040621-0003', 0, 0, 2845000, '2021-06-04 13:58:44', NULL, 0),
	(574, 373, 'PX040621-0004', 0, 0, 80000, '2021-06-04 14:32:01', NULL, 0),
	(575, 328, 'PX040621-0005', 0, 0, 0, '2021-06-02 14:35:46', 'Đã xuất VAT', 0),
	(576, 449, 'PX050621-0001', 0, 0, 630000, '2021-06-05 10:57:55', NULL, 0),
	(577, 400, 'PX070621-0001', 0, 0, 300000, '2021-06-07 08:00:22', NULL, 0),
	(578, 314, 'PX070621-0002', 0, 0, 0, '2021-06-07 13:20:51', 'Chưa xuất VAT (Anh Sang HKH)', 0),
	(579, 314, 'PX070621-0003', 0, 0, 0, '2021-06-07 14:56:53', 'ANH TRÚC LINH', 0),
	(580, 320, 'PX070621-0004', 0, 0, 0, '2021-06-07 14:58:08', 'ANH SƠN', 0),
	(581, 323, 'PX070621-0005', 0, 0, 1200000, '2021-06-07 14:59:24', NULL, 0),
	(582, 329, 'PX070621-0006', 0, 0, 0, '2021-06-07 15:35:53', 'Chưa xuất VAT (Thầy Lập HT)', 0),
	(583, 450, 'PX080621-0001', 0, 0, 8300000, '2021-06-08 07:37:31', NULL, 0),
	(584, 317, 'PX090621-0001', 0, 0, 0, '2021-06-09 07:46:37', 'Chưa xuất VAT (Anh Thanh)', 0),
	(585, 314, 'PX090621-0002', 0, 0, 0, '2021-06-09 07:47:12', 'Đã xuất VAT (Anh Biển)', 0),
	(586, 314, 'PX090621-0003', 0, 0, 0, '2021-06-09 09:32:20', 'Đã  xuất VAT (Chú Tổng)', 0),
	(587, 413, 'PX090621-0004', 0, 0, 0, '2021-06-09 14:55:35', NULL, 0),
	(588, 327, 'PX090621-0005', 0, 0, 200000, '2021-06-09 15:15:45', 'Đã xuất VAT', 0),
	(589, 357, 'PX110621-0001', 0, 0, 200000, '2021-06-11 10:46:21', 'Đã xuất VAT', 0),
	(591, 452, 'PX150621-0001', 0, 0, 400000, '2021-06-15 07:33:58', NULL, 0),
	(592, 315, 'PX150621-0002', 0, 0, 0, '2021-06-15 08:30:51', 'Chưa xuất VAT', 0),
	(593, 453, 'PX150621-0003', 0, 0, 430000, '2021-06-15 09:30:47', NULL, 0),
	(594, 313, 'PX150621-0004', 0, 0, 0, '2021-06-15 14:36:11', 'Đã xuất VAT', 0),
	(595, 370, 'PX150621-0005', 0, 0, 0, '2021-06-15 15:39:33', 'Chưa xuất VAT', 0),
	(597, 314, 'PX160621-0001', 0, 0, 0, '2021-06-16 11:15:40', 'Đã  xuất VAT (Chị Trinh)', 0),
	(600, 314, 'PX160621-0004', 0, 0, 0, '2021-06-16 16:08:03', 'Đã  xuất VAT (Kế toán)', 0),
	(601, 335, 'PX160621-0005', 0, 0, 0, '2021-06-16 16:13:56', 'Đã xuất VAT (Chị Nguyên)', 0),
	(602, 370, 'PX170621-0001', 0, 0, 0, '2021-06-17 09:05:00', 'Chưa xuất VAT', 0),
	(603, 454, 'PX170621-0002', 0, 0, 180000, '2021-06-17 09:41:54', NULL, 0),
	(604, 323, 'PX180621-0001', 0, 0, 0, '2021-06-18 07:26:53', 'Chưa xuất VAT (Thầy Khoa)', 0),
	(605, 322, 'PX180621-0002', 0, 0, 110000, '2021-06-18 08:30:59', 'Đã xuất VAT', 0),
	(606, 353, 'PX180621-0003', 0, 0, 80000, '2021-06-18 10:31:13', NULL, 0),
	(607, 370, 'PX180621-0004', 0, 0, 0, '2021-06-18 14:31:31', 'Chưa xuất VAT (KT MÁY )', 0),
	(608, 314, 'PX190621-0001', 0, 0, 0, '2021-06-19 08:08:49', 'Đã xuất VAT (Chị Hương)', 0),
	(609, 456, 'PX210621-0001', 0, 0, 880000, '2021-06-21 07:37:29', NULL, 0),
	(611, 457, 'PX210621-0003', 0, 0, 380000, '2021-06-21 14:11:03', NULL, 0),
	(612, 330, 'PX210621-0004', 0, 0, 0, '2021-06-21 16:36:23', 'Đã xuất VAT', 0),
	(614, 333, 'PX220621-0001', 0, 0, 0, '2021-06-22 14:54:27', 'Đã xuất VAT', 0),
	(615, 334, 'PX220621-0002', 0, 0, 0, '2021-06-22 14:55:20', 'Đã xuất VAT', 0),
	(616, 458, 'PX220621-0003', 0, 0, 450000, '2021-06-22 17:08:41', NULL, 0),
	(617, 460, 'PX220621-0004', 0, 0, 1000000, '2021-06-22 17:09:13', NULL, 0),
	(618, 410, 'PX220621-0005', 0, 0, 830000, '2021-06-22 17:09:58', NULL, 0),
	(619, 328, 'PX230621-0001', 0, 0, 0, '2021-06-23 08:34:34', 'Chưa xuất VAT', 0),
	(620, 331, 'PX230621-0002', 0, 0, 0, '2021-06-23 09:40:21', 'Đã xuất VAT', 0),
	(621, 312, 'PX230621-0003', 0, 0, 0, '2021-06-23 15:00:28', 'Đã xuất VAT', 0),
	(622, 461, 'PX230621-0004', 0, 0, 1600000, '2021-06-21 16:38:16', NULL, 0),
	(623, 462, 'PX240621-0001', 0, 0, 450000, '2021-06-24 07:35:52', NULL, 0),
	(624, 463, 'PX240621-0002', 0, 0, 350000, '2021-06-24 07:39:56', NULL, 0),
	(625, 425, 'PX250621-0001', 0, 0, 0, '2021-06-25 13:38:21', 'Chưa xuất VAT', 0),
	(626, 380, 'PX250621-0002', 0, 0, 600000, '2021-06-25 13:51:55', NULL, 0),
	(627, 338, 'PX250621-0003', 0, 0, 280000, '2021-06-25 13:57:54', 'Chú Thức', 0),
	(628, 333, 'PX260621-0001', 0, 0, 0, '2021-06-26 11:24:02', 'Đã xuất VAT', 0),
	(629, 314, 'PX260621-0002', 0, 0, 0, '2021-06-26 14:23:36', 'Đã  xuất VAT (Chị Hương)', 0),
	(630, 320, 'PX280621-0001', 0, 0, 0, '2021-06-28 07:19:20', 'Đã xuất VAT', 0),
	(631, 465, 'PX280621-0002', 0, 0, 380000, '2021-06-28 09:58:35', NULL, 0),
	(633, 466, 'PX280621-0004', 0, 0, 0, '2021-06-28 10:19:41', 'Đã xuất VAT', 0),
	(635, 424, 'PX280621-0006', 0, 0, 200000, '2021-06-28 17:16:31', NULL, 0),
	(636, 370, 'PX290621-0001', 0, 0, 0, '2021-06-29 14:53:11', 'Chưa xuất VAT (Cô Tài)', 0),
	(637, 314, 'PX290621-0002', 0, 0, 0, '2021-06-29 14:56:23', 'Chưa xuất VAT', 0),
	(639, 466, 'PX300621-0001', 0, 0, 0, '2021-06-30 07:54:47', 'Chưa xuất VAT', 0),
	(640, 317, 'PX300621-0002', 0, 0, 0, '2021-06-30 07:55:20', 'Chưa xuất VAT', 0),
	(641, 370, 'PX300621-0003', 0, 0, 0, '2021-06-30 14:48:23', 'Chưa xuất VAT ( Cô Tài) KT MÁY', 0),
	(642, 315, 'PX300621-0004', 0, 0, 0, '2021-06-30 16:43:44', 'Chưa xuất VAT ( Anh Hùng)', 0),
	(644, 328, 'PX010721-0001', 0, 0, 0, '2021-06-30 07:27:55', 'Chưa xuất VAT', 0),
	(645, 370, 'PX010721-0001', 0, 0, 0, '2021-07-01 09:11:07', 'Chưa xuất VAT( Cài máy)', 0),
	(647, 468, 'PX030721-0001', 0, 0, 775000, '2021-07-03 07:58:11', NULL, 0),
	(648, 469, 'PX030721-0002', 0, 0, 2000000, '2021-07-03 08:14:10', NULL, 0),
	(649, 370, 'PX030721-0003', 0, 0, 0, '2021-07-03 13:40:52', 'Chưa xuất VAT (Cài máy)', 0),
	(650, 470, 'PX050721-0001', 0, 0, 0, '2021-07-05 07:39:44', NULL, 0),
	(651, 443, 'PX050721-0002', 0, 0, 0, '2021-07-05 08:21:44', NULL, 0),
	(652, 370, 'PX050721-0003', 0, 0, 0, '2021-07-05 08:22:10', 'Chưa xuất VAT ( Sửa hộp mực)', 0),
	(653, 313, 'PX050721-0004', 0, 0, 0, '2021-07-05 10:48:45', 'Đã xuất VAT', 0),
	(654, 333, 'PX050721-0005', 0, 0, 0, '2021-07-05 13:18:46', 'Chưa xuất VAT', 0),
	(655, 471, 'PX050721-0006', 0, 0, 1850000, '2021-07-05 14:55:48', NULL, 0),
	(656, 451, 'PX050721-0007', 0, 0, 100000, '2021-07-05 15:19:50', NULL, 0),
	(657, 373, 'PX050721-0008', 0, 0, 80000, '2021-07-05 15:20:37', NULL, 0),
	(658, 472, 'PX080721-0001', 0, 0, 180000, '2021-07-07 07:40:53', NULL, 0),
	(659, 466, 'PX080721-0001', 0, 0, 0, '2021-07-08 13:45:43', 'Chưa xuất VAT', 0),
	(661, 380, 'PX090721-0001', 0, 0, 0, '2021-07-09 10:19:14', NULL, 0),
	(662, 473, 'PX090721-0002', 0, 0, 0, '2021-07-09 10:56:34', NULL, 0),
	(663, 313, 'PX090721-0003', 0, 0, 0, '2021-07-09 13:34:18', 'Chưa xuất VAT', 0),
	(664, 474, 'PX090721-0004', 0, 0, 250000, '2021-07-09 15:07:38', NULL, 0);
/*!40000 ALTER TABLE `phieu_xuat` ENABLE KEYS */;

-- Dumping structure for table alcomputer.san_pham
CREATE TABLE IF NOT EXISTS `san_pham` (
  `id` int(11) NOT NULL AUTO_INCREMENT,
  `id_don_vi_tinh` int(11) NOT NULL,
  `ten_san_pham` varchar(250) DEFAULT NULL,
  `ma_san_pham` varchar(50) DEFAULT NULL,
  `mo_ta_san_pham` longtext DEFAULT NULL,
  `hinh_anh` varchar(250) DEFAULT NULL,
  `gia_nhap_goi_y` float DEFAULT NULL,
  `gia_xuat_goi_y` float DEFAULT NULL,
  `state` int(11) NOT NULL DEFAULT 1,
  PRIMARY KEY (`id`),
  UNIQUE KEY `ma_san_pham` (`ma_san_pham`),
  KEY `FK_san_pham_don_vi_tinh` (`id_don_vi_tinh`),
  CONSTRAINT `FK_san_pham_don_vi_tinh` FOREIGN KEY (`id_don_vi_tinh`) REFERENCES `don_vi_tinh` (`id`) ON DELETE CASCADE ON UPDATE CASCADE
) ENGINE=InnoDB AUTO_INCREMENT=588 DEFAULT CHARSET=utf8;

-- Dumping data for table alcomputer.san_pham: ~172 rows (approximately)
/*!40000 ALTER TABLE `san_pham` DISABLE KEYS */;
INSERT INTO `san_pham` (`id`, `id_don_vi_tinh`, `ten_san_pham`, `ma_san_pham`, `mo_ta_san_pham`, `hinh_anh`, `gia_nhap_goi_y`, `gia_xuat_goi_y`, `state`) VALUES
	(376, 8, 'LCD DELL 18.5" 1916HV/CH', 'SP01', NULL, NULL, 2300000, 2750000, 1),
	(377, 8, 'SEA 1TB CAMERA/SKYHAWER (CH)', 'SP02', NULL, NULL, 850000, 0, 1),
	(378, 8, 'SEA 2TB CAMERA/SKYHAWK (CH)', 'SP03', NULL, NULL, 1410000, 0, 1),
	(379, 8, 'SEA 500GB SKYHAWER (2N/CTY)', 'SP04', NULL, NULL, 320000, 0, 1),
	(380, 8, 'SEA 1TB CAMERA/SKYHAWER (2N/CTY)', 'SP05', NULL, NULL, 740000, 0, 1),
	(381, 8, 'UPS CYBER POWER 600VA', 'SP06', NULL, NULL, 660000, 0, 1),
	(382, 8, 'Cục sạc laptop lenovo T61', 'SP07', NULL, NULL, 250000, 330000, 1),
	(383, 8, 'Vệ sinh laptop lenovo T61', 'SP08', NULL, NULL, 0, 80000, 1),
	(384, 8, 'Chuột quang vi tính Dell MS116', 'SP09', NULL, NULL, 87000, 185000, 1),
	(385, 8, 'LAPTOP SONY SỬA BẢN LỀ', 'SP10', NULL, NULL, 0, 0, 1),
	(386, 8, 'Bàn phím Dell Multimedia KB216', 'SP11', NULL, NULL, 145000, 350000, 1),
	(387, 10, 'MỰC MÁY PHOTO', 'SP12', NULL, NULL, 270000, 350000, 1),
	(388, 8, 'DI DỜI 2 QUẠT', 'SP13', NULL, NULL, 0, 0, 1),
	(389, 8, 'SỬA CHỮA 3 QUẠT', 'SP14', NULL, NULL, 0, 0, 1),
	(390, 8, 'DI DỜI MÁY CHIẾU', 'SP15', NULL, NULL, 0, 150000, 1),
	(391, 8, 'Ổ ĐIỆN', 'SP16', NULL, NULL, 27000, 35000, 1),
	(392, 8, 'HỘP  QUANG', 'SP17', NULL, NULL, 0, 500000, 1),
	(393, 8, 'MÁY IN CANON H240', 'SP18', NULL, NULL, 600000, 900000, 1),
	(394, 8, 'QUẠT TREO TƯỜNG', 'SP19', NULL, NULL, 295000, 0, 1),
	(395, 8, 'Ổ CỨNG 500G CŨ', 'SP20', NULL, NULL, 0, 500000, 1),
	(396, 8, 'Máy in HP LaserJet Pro M404dn', 'SP21', NULL, NULL, 5000000, 0, 1),
	(397, 8, 'DÂY NGUỒN MÁY TÍNH', 'SP22', NULL, NULL, 0, 50000, 1),
	(398, 8, 'POWER SP MINI', 'SP23', NULL, NULL, 240000, 450000, 1),
	(399, 8, 'SP COOLER 300W (CST)', 'SP24', NULL, NULL, 250000, 450000, 1),
	(400, 8, 'BLUETOOTH VSP CV V10', 'SP25', NULL, NULL, 320000, 0, 1),
	(401, 8, 'LAPTOP DELL E6420', 'SP26', NULL, NULL, 700000, 950000, 1),
	(402, 8, 'RULO 12A', 'SP27', NULL, NULL, 90000, 300000, 1),
	(403, 8, 'DRUM 26A', 'SP28', NULL, NULL, 30000, 0, 1),
	(404, 10, 'MỰC NẠP BỘT KH 004 02', 'SP29', NULL, NULL, 25000, 110000, 1),
	(405, 8, 'Hộp mực (Cartridge) SAPIDO model:CF283A', 'SP30', NULL, NULL, 150000, 350000, 1),
	(406, 8, 'Hộp mực (Cartridge) SAPIDO model:CB285A', 'SP31', NULL, NULL, 150000, 350000, 1),
	(407, 8, 'Hộp mực (Cartridge)SAPIDO MODEL:CE505A', 'SP32', NULL, NULL, 220000, 350000, 1),
	(408, 8, 'Hộp mực (Cartridge) SAPIDO model:2612A/fx09/fx10', 'SP33', NULL, NULL, 150000, 350000, 1),
	(409, 8, 'PREMIUM 12A ', 'SP34', NULL, NULL, 120000, 0, 1),
	(410, 8, 'PREMIUM 35/85A', 'SP35', NULL, NULL, 120000, 350000, 1),
	(411, 8, 'PREMIUM 26A', 'SP36', NULL, NULL, 220000, 350000, 1),
	(412, 8, 'PREMIUM 2321', 'SP37', NULL, NULL, 250000, 0, 1),
	(413, 8, 'DRUM 49A', 'SP38', NULL, NULL, 30000, 100000, 1),
	(414, 8, 'DRUM 12A', 'SP39', NULL, NULL, 25000, 120000, 1),
	(415, 10, 'MỰC NẠP BỘT KH 003 21', 'SP40', NULL, NULL, 22000, 110000, 1),
	(416, 8, 'ĐẦU GHI KB VISION KX/D8108H1', 'SP41', NULL, NULL, 1920000, 0, 1),
	(417, 8, 'ĐẦU GHI KB VISION KX/7108 SD6', 'SP42', NULL, NULL, 1150000, 0, 1),
	(418, 8, 'ĐẦU GHI KB VISION KX/C4K8108SN2', 'SP43', NULL, NULL, 1590000, 0, 1),
	(419, 8, 'ĐẦU GHI KB VISION KX/7104 SD6', 'SP44', NULL, NULL, 820000, 2240000, 1),
	(420, 8, 'ĐẦU GHI KB VISION KX/D8104H1', 'SP45', NULL, NULL, 1220000, 0, 1),
	(421, 8, 'CAMERA KB VISION KX/C2K11C', 'SP46', NULL, NULL, 595000, 0, 1),
	(422, 8, 'CAMERA KB VISION KX/C2121S4', 'SP47', NULL, NULL, 440000, 0, 1),
	(423, 8, 'CAMERA KB VISION KX/CF2203L/A', 'SP48', NULL, NULL, 825000, 0, 1),
	(424, 8, 'CAMERA KB VISION KX/CF2204S/4', 'SP49', NULL, NULL, 770000, 0, 1),
	(425, 8, 'CAMERA KB VISION KN/H21W', 'SP50', NULL, NULL, 430000, 0, 1),
	(426, 8, 'CAMERA KB VISION KX/C2121S5', 'SP51', NULL, NULL, 0, 0, 1),
	(427, 8, 'CAMERA KN/H21PW', 'SP52', NULL, NULL, 695000, 0, 1),
	(428, 8, 'CAMERA KB VISION KN/2011WN', 'SP53', NULL, NULL, 940000, 0, 1),
	(429, 8, 'CAMERA KB VISION KX/A2012S4', 'SP54', NULL, NULL, 360000, 0, 1),
	(430, 8, 'CAMERA KB VISION KX/C2011SN3', 'SP55', NULL, NULL, 971000, 0, 1),
	(431, 8, 'CAMERA KB VISION KX/C2003N3/B', 'SP56', NULL, NULL, 1300000, 0, 1),
	(432, 8, 'CAMERA KB VISION KX/C2003C4', 'SP57', NULL, NULL, 575000, 0, 1),
	(433, 8, 'CAMERA KB VISION KX/C2012C4', 'SP58', NULL, NULL, 365000, 0, 1),
	(434, 8, 'CAMERA IP F22 IMOU', 'SP59', NULL, NULL, 850000, 0, 1),
	(435, 8, 'THẺ NHỚ 32G', 'SP60', NULL, NULL, 130000, 0, 1),
	(436, 8, 'THẺ NHỚ 64G', 'SP61', NULL, NULL, 180000, 0, 1),
	(437, 8, 'NGUỒN CAMERA', 'SP62', NULL, NULL, 45000, 100000, 1),
	(438, 8, 'HỘP KỸ THUẬT', 'SP63', NULL, NULL, 20000, 50000, 1),
	(439, 8, 'USB RA LAN', 'SP64', NULL, NULL, 60000, 0, 1),
	(440, 8, 'HDD 2TB WD CTY 2N', 'SP65', NULL, NULL, 1080000, 0, 1),
	(441, 8, 'NGUỒN CAMERA 12V/24V/5V 5A', 'SP66', NULL, NULL, 130000, 0, 1),
	(442, 21, 'CÔNG LẮP ĐẶT', 'SP67', NULL, NULL, 0, 0, 1),
	(443, 8, 'NGUỒN TỔNG CAMERA 12V 10A', 'SP68', NULL, NULL, 180000, 0, 1),
	(444, 15, 'CÁP MẠNG KBVISION ĐỒNG NGYÊN CHẤT', 'SP69', NULL, NULL, 4200, 15000, 1),
	(445, 8, 'GSM/W-CDMA FDD/E-UTRA FDD,2,4 GHZ,TP-LINK,M7000', 'SP70', NULL, NULL, 880000, 0, 1),
	(446, 8, 'ĐỊNH TUYẾN KHÔNG DÂY 4G DLINK DWR 932C', 'SP71', NULL, NULL, 1150000, 0, 1),
	(447, 8, 'CHUYỂN MẠCH ĐỂ BÀN 8 CỔNG, HIỆU MERCUSYS MS108G', 'SP72', NULL, NULL, 345000, 550000, 1),
	(448, 8, 'ĐẦU MẠNG RJ45', 'SP73', NULL, NULL, 1200, 5000, 1),
	(449, 12, 'CPU INTEL PETIUM G2030', 'SP74', NULL, NULL, 100000, 0, 1),
	(450, 8, 'Camera Dome 4.0 mp KN/H41P', 'SP75', NULL, NULL, 650000, 0, 1),
	(451, 8, 'MAIN ASUS H61 3.0 (CŨ) BH 12T', 'SP76', NULL, NULL, 0, 0, 1),
	(452, 8, 'Bàn phím cơ', 'SP77', NULL, NULL, 390000, 500000, 1),
	(453, 8, 'LAPTOP ACER SỬA MAIN', 'SP78', NULL, NULL, 1600000, 1650000, 1),
	(454, 8, 'CB + VỎ', 'SP79', NULL, NULL, 63000, 0, 1),
	(455, 8, 'CAMERA KB VISION KX 2213L A', 'SP80', NULL, NULL, 860000, 0, 1),
	(456, 8, 'HỘP MỰC (CARTRIDGE) HP&CANON HIỆU SAPIDO MODEL:CE278A', 'SP81', NULL, NULL, 150000, 350000, 1),
	(457, 8, 'TRỤC SẤY', 'SP82', NULL, NULL, 0, 0, 1),
	(458, 8, 'PIN HP 1000', 'SP83', NULL, NULL, 600000, 900000, 1),
	(459, 8, 'BAO LỤA 12A', 'SP84', NULL, NULL, 30000, 200000, 1),
	(460, 8, 'QUẢ ĐÀO 12A', 'SP85', NULL, NULL, 40000, 130000, 1),
	(461, 8, 'SỬA MÁY VI TÍNH ĐỂ BÀN', 'SP86', NULL, NULL, 0, 0, 1),
	(462, 8, 'GẠT LỚN DÙNG CHUNG: 12 05 49 15', 'SP87', NULL, NULL, 10000, 100000, 1),
	(463, 8, 'SỬA LAPTOP MẤT ÂM THANH', 'SP88', NULL, NULL, 0, 0, 1),
	(464, 8, 'SỬA MÁY IN CANON 2900 KẸT GIẤY', 'SP89', NULL, NULL, 0, 0, 1),
	(465, 8, 'Cài đặt hệ điều hành WINDOWS  10', 'SP90', NULL, NULL, 0, 200000, 1),
	(466, 8, 'SẠC DELL', 'SP91', NULL, NULL, 250000, 350000, 1),
	(467, 8, 'BÀN PHÍM HP 8460', 'SP92', NULL, NULL, 190000, 290000, 1),
	(468, 8, 'PHÍM ASUS/2', 'SP93', NULL, NULL, 250000, 0, 1),
	(469, 1, 'PHỤ KIỆN (Chui,nẹp,tụ.......)', 'SP94', NULL, NULL, 0, 0, 1),
	(470, 8, 'Camera Thân 2.0 mp KN/B21', 'SP95', NULL, NULL, 720000, 0, 1),
	(471, 10, 'Mực nạp STARREX', 'SP96', NULL, NULL, 0, 100000, 1),
	(472, 8, 'SỬA MÀN HÌNH PC', 'SP97', NULL, NULL, 0, 0, 1),
	(473, 15, 'DÂY ĐIỆN 0.5', 'SP98', NULL, NULL, 3500, 7000, 1),
	(474, 8, 'CÀI ĐẶT DRIVER MÁY IN CANON 2900', 'SP99', NULL, NULL, 0, 0, 1),
	(475, 8, 'SHARE HỆ THỐNG MÁY IN', 'SP100', NULL, NULL, 0, 0, 1),
	(476, 8, 'KIỂM TRA HỆ THỐNG CAMERA VÀ LẮP ĐẶT', 'SP101', NULL, NULL, 0, 0, 1),
	(477, 8, 'Ram pc DDR3/4G/1600/Cũ', 'SP102', NULL, NULL, 300000, 0, 1),
	(478, 8, 'SỬA MÁY IN HP M1132', 'SP103', NULL, NULL, 350000, 550000, 1),
	(479, 8, 'THU WIFI TP LINK 722', 'SP104', NULL, NULL, 180000, 295000, 1),
	(480, 8, 'HDD 1 TB Segates CTY BH 2N', 'SP105', NULL, NULL, 750000, 0, 1),
	(481, 1, 'BALUN CAMERA', 'SP106', NULL, NULL, 30000, 90000, 1),
	(482, 8, 'MIẾNG LÓT CHUỘT ( LOẠI TỐT)', 'SP107', NULL, NULL, 17000, 50000, 1),
	(483, 8, 'DI DỜI MẠNG MÁY TÍNH', 'SP108', NULL, NULL, 0, 150000, 1),
	(484, 8, 'SẠC HP', 'SP109', NULL, NULL, 250000, 380000, 1),
	(485, 8, 'PHÁT WIFI TP/LINK 841', 'SP110', NULL, NULL, 300000, 0, 1),
	(486, 8, 'BOX SSK 2.5 SATA SHE 088/USB 3.0', 'SP111', NULL, NULL, 135000, 250000, 1),
	(487, 8, 'HDD 500G WD TÍM CTY', 'SP112', NULL, NULL, 350000, 700000, 1),
	(488, 8, 'MAIN GIGA H61(3.0)', 'SP113', NULL, NULL, 1000000, 0, 1),
	(489, 8, 'LAPTOP HP 348G7 KO KÍCH NGUỒN', 'SP114', NULL, NULL, 750000, 950000, 1),
	(490, 8, 'CPU G3220 SK1150', 'SP115', NULL, NULL, 400000, 0, 1),
	(491, 14, 'LẮP DẶT SỬA CHỮA HỆ THỐNG ĐIỆN ', 'SP116', NULL, NULL, 0, 0, 1),
	(492, 8, 'LAPTOP ASUS 302U thay loa', 'SP117', NULL, NULL, 0, 0, 1),
	(493, 8, 'NẠP MỰC', 'SP118', NULL, NULL, 0, 50000, 1),
	(494, 8, 'CAR FORMATTER CANON 2900', 'SP119', NULL, NULL, 600000, 0, 1),
	(495, 8, 'KASPERSKY ANTI VIRUS 1PC', 'SP120', NULL, NULL, 145000, 180000, 1),
	(496, 8, 'KASPERSKY ANTI VIRUS 3PC', 'SP121', NULL, NULL, 280000, 400000, 1),
	(497, 8, 'CPU Core i5/4670 tray', 'SP122', NULL, NULL, 1550000, 0, 1),
	(498, 8, 'SỬA MÁY IN CANON 3300', 'SP123', NULL, NULL, 0, 0, 1),
	(499, 15, 'CÁP VIỄN THÔNG CUỘN 500M', 'SP124', NULL, NULL, 1700, 5000, 1),
	(500, 8, 'QUẢ ĐÀO MÁY IN 35A', 'SP125', NULL, NULL, 35000, 100000, 1),
	(501, 8, 'BẠC ĐỠ 2 ĐẦU RULO 2900', 'SP126', NULL, NULL, 70000, 200000, 1),
	(502, 8, 'DRUM 35', 'SP127', NULL, NULL, 25000, 100000, 1),
	(503, 10, 'MỰC NẠP 35A(KH 104 11)', 'SP128', NULL, NULL, 25000, 110000, 1),
	(504, 8, 'Bộ nguồn cấp điện liên tục Cyber Power BU600E', 'SP129', NULL, NULL, 600000, 970000, 1),
	(505, 8, 'Chuột máy tính không dây EMS816 Eblue', 'SP130', NULL, NULL, 60000, 120000, 1),
	(506, 13, 'CABLE MÁY IN USB 1.5M', 'SP131', NULL, NULL, 10000, 35000, 1),
	(507, 13, 'CABLE MÁY IN USB 3M', 'SP132', NULL, NULL, 15000, 45000, 1),
	(508, 8, 'HUB USB 4P CÔNG TẮC', 'SP133', NULL, NULL, 35000, 90000, 1),
	(509, 10, 'MỰC NẠP 30A', 'SP134', NULL, NULL, 30000, 110000, 1),
	(510, 8, 'MB GIGA B85/D2V(CTY)', 'SP135', NULL, NULL, 920000, 0, 1),
	(511, 20, 'DDR DATO 8G/1600', 'SP136', NULL, NULL, 750000, 0, 1),
	(512, 8, 'RAM 2/2/800 Máy PC', 'SP137', NULL, NULL, 130000, 0, 1),
	(513, 8, 'VGA GIGA N730/2G/DDR5/64bit(CTY)', 'SP138', NULL, NULL, 1250000, 0, 1),
	(514, 8, 'CASE VISION V210', 'SP139', NULL, NULL, 286000, 380000, 1),
	(515, 8, 'SWITCH TPLINK 5 PORT', 'SP140', NULL, NULL, 135000, 350000, 1),
	(516, 8, 'LAPTOP ASUS X555U THAY PHÍM', 'SP141', NULL, NULL, 230000, 350000, 1),
	(517, 8, 'LAPTOP HP1000 VỆ SINH+DÁN LOA', 'SP142', NULL, NULL, 200000, 0, 1),
	(518, 8, 'Quà chăm sóc lãnh đạo', 'SP143', NULL, NULL, 0, 0, 1),
	(519, 8, 'LAPTOP DELL1470 THAY PHÍM', 'SP144', NULL, NULL, 350000, 0, 1),
	(520, 8, 'USB KINGTON 32G', 'SP145', NULL, NULL, 100000, 250000, 1),
	(521, 8, 'USB SANDISK 8G CZ50(2.0)', 'SP146', NULL, NULL, 70000, 150000, 1),
	(522, 8, 'Gạt nhỏ 12A', 'SP147', NULL, NULL, 7000, 0, 1),
	(523, 8, 'SẠC LCD  SAM SUNG 14V', 'SP148', NULL, NULL, 220000, 0, 1),
	(524, 15, 'DÂY ĐIỆN 1.5', 'SP149', NULL, NULL, 5200, 10000, 1),
	(525, 8, 'PIN CHUỘT', 'SP150', NULL, NULL, 10000, 15000, 1),
	(526, 8, 'SẠC DELL6420', 'SP151', NULL, NULL, 250000, 380000, 1),
	(527, 8, 'CAMERA QUAN SÁT KN/B21F', 'SP152', NULL, NULL, 850000, 0, 1),
	(528, 8, 'BỘ VỎ MÁY IN CANON 2900 ĐỜI MỚI 100%', 'SP153', NULL, NULL, 310000, 550000, 1),
	(529, 8, 'Quạt hơi nước', 'SP154', NULL, NULL, 1800000, 2400000, 1),
	(530, 8, 'Cứu dữ liệu ổ cứng 500G', 'SP155', NULL, NULL, 3000000, 3500000, 1),
	(531, 8, 'LAPTOP ASUS X454L  SỬA MAIN + THAY KEY', 'SP156', NULL, NULL, 750000, 1000000, 1),
	(532, 8, 'MỰC MÁY PHOTO TN119 KOMIKA', 'SP157', NULL, NULL, 280000, 300000, 1),
	(533, 8, 'MÁY LÀM MÁT HASAKIR 50L', 'SP158', NULL, NULL, 1800000, 2400000, 1),
	(534, 8, 'LAPTOP HP1000 THAY LOA', 'SP159', NULL, NULL, 350000, 450000, 1),
	(535, 8, 'USB WIFI MODEM 4G', 'SP160', NULL, NULL, 460000, 500000, 1),
	(536, 10, 'MỰC NẠP BỘT(PREMIUM INK)', 'SP161', NULL, NULL, 22000, 110000, 1),
	(537, 8, 'CAMERA CUE 2/A', 'SP162', NULL, NULL, 480000, 730000, 1),
	(538, 8, 'Bộ định tuyến TP-Link TL-W845N', 'SP163', NULL, NULL, 270000, 590000, 1),
	(539, 8, 'Ổ CỨNG SSD E100/256G', 'SP164', NULL, NULL, 780000, 1750000, 1),
	(540, 8, 'SSD 128Gb /VSPTech', 'SP165', NULL, NULL, 480000, 1080000, 1),
	(541, 8, 'CAMERA KBVISION / KBONE/ KN/ H21P', 'SP166', NULL, NULL, 540000, 0, 1),
	(542, 8, 'QUẠT CPU (Cũ)', 'SP167', NULL, NULL, 25000, 200000, 1),
	(543, 8, 'CAMERA NÓN BẢO HIỂM M500', 'SP168', NULL, NULL, 600000, 0, 1),
	(544, 8, 'TÚI CHỐNG SỐC 15/ 17 INCH', 'SP169', NULL, NULL, 22000, 50000, 1),
	(545, 8, 'PIN CR2032', 'SP170', NULL, NULL, 5000, 50000, 1),
	(547, 8, 'Chuột vi tính EBlue EMS146 PRO', 'SP171', NULL, NULL, 75000, 145000, 1),
	(548, 8, 'ĐÈN NĂNG LƯỢNG MẶT TRỜI 100W', 'SP172', NULL, NULL, 675000, 975000, 1),
	(549, 8, 'Màn hình LCD SamSung LC24F390FHEXXV', 'SP173', NULL, NULL, 2900000, 2900000, 1),
	(550, 8, 'KB ASUS X555L', 'SP174', NULL, NULL, 230000, 350000, 1),
	(551, 8, 'GIGA H81 DS2 RENEW', 'SP175', NULL, NULL, 950000, NULL, 1),
	(554, 8, 'QUẠT MITSUCOOLS MC-5800D', 'SP176', NULL, NULL, 1800000, NULL, 1),
	(555, 8, 'ADAPTER LAPTOP HP 431', 'SP177', NULL, NULL, 250000, NULL, 1),
	(556, 8, 'KB ASUS X550C', 'SP178', NULL, NULL, NULL, NULL, 1),
	(557, 8, 'PIN LAPTOP DELL E6410', 'SP179', NULL, NULL, NULL, NULL, 1),
	(558, 1, 'Bộ nút nguồn HP2055', 'SP180', NULL, NULL, 50000, 300000, 1),
	(559, 8, 'Cài đặt hệ điều hành WINDOWS  7', 'SP 181', NULL, NULL, 0, 150000, 1),
	(560, 1, 'Nguồn máy tính VSP 650W', 'SP182', NULL, NULL, 220000, NULL, 1),
	(561, 8, 'RAM 3 4G/1600 KINGMAX NHẬP KHẨU', 'SP183', NULL, NULL, 700000, NULL, 1),
	(562, 8, 'Main Giga H81 DS2 RN 3N', 'SP184', NULL, NULL, 1000000, NULL, 1),
	(563, 8, 'CPU G3250', 'SP185', NULL, NULL, 400000, NULL, 1),
	(564, 21, 'LẮP ĐẶT HỆ THỐNG MẠNG', 'SP186', NULL, NULL, NULL, NULL, 1),
	(565, 8, 'MB GIGA G31/775/3N', 'SP187', NULL, NULL, 680000, NULL, 1),
	(566, 8, 'Vệ sinh máy vi tính', 'SP188', NULL, NULL, NULL, NULL, 1),
	(567, 8, 'Bàn phím Dell', 'SP189', NULL, NULL, NULL, NULL, 1),
	(568, 10, 'MỰC NẠP 35A ( MITSUBISHI )', 'SP190', NULL, NULL, 25000, 110000, 1),
	(569, 8, 'SỬA MÁY IN HP 203', 'SP191', NULL, NULL, 0, 200000, 1),
	(570, 8, 'Cục sạc laptop HP', 'SP192', NULL, NULL, NULL, NULL, 1),
	(571, 8, 'Bàn phím laptop Acer', 'SP193', NULL, NULL, NULL, NULL, 1),
	(572, 8, 'LAPTOP DELL', 'SP194', NULL, NULL, 1900000, 2500000, 1),
	(573, 8, 'Pin laptop acer', 'SP195', NULL, NULL, 310000, 380000, 1),
	(574, 8, 'Cục sạc laptop acer', 'SP196', NULL, NULL, 200000, 350000, 1),
	(576, 8, 'Cài đặt lại phần mềm', 'SP197', NULL, NULL, NULL, NULL, 1),
	(577, 8, 'Ram 3/2G/1600 KINGMAX PC (CŨ)', 'SP198', NULL, NULL, 200000, NULL, 1),
	(578, 8, 'CAMERA KX 2121 S5', 'SP199', NULL, NULL, 430000, 725000, 1),
	(579, 8, 'Khay giấy máy in canon 2900', 'SP200', NULL, NULL, NULL, 250000, 1),
	(581, 8, 'BROAD  NGUỒN MÁY IN CANON 2900', 'SP202', NULL, NULL, NULL, NULL, 1),
	(582, 10, 'HỘP MỰC CARTRIDGE SAMSUNG ML 2161', 'SP203', NULL, NULL, 250000, 400000, 1),
	(583, 8, 'XUẤT VAT', 'SP205', NULL, NULL, NULL, NULL, 1),
	(584, 8, 'SỬA MÁY IN CANON 6230', 'SP206', NULL, NULL, NULL, NULL, 1),
	(586, 8, 'Cáp chuyển đổi HD sang VGA', 'SP207', NULL, NULL, 60000, 180000, 1),
	(587, 8, 'Cáp chuyển đổi  VGA ra HDMI có mic', 'SP208', NULL, NULL, 120000, 220000, 1);
/*!40000 ALTER TABLE `san_pham` ENABLE KEYS */;

-- Dumping structure for table alcomputer.users
CREATE TABLE IF NOT EXISTS `users` (
  `id` int(10) unsigned NOT NULL AUTO_INCREMENT,
  `role_id` int(10) unsigned DEFAULT NULL,
  `name` varchar(191) COLLATE utf8mb4_unicode_ci NOT NULL,
  `email` varchar(191) COLLATE utf8mb4_unicode_ci NOT NULL,
  `password` varchar(191) COLLATE utf8mb4_unicode_ci NOT NULL,
  `hinh_anh` varchar(250) COLLATE utf8mb4_unicode_ci NOT NULL DEFAULT '/user.png',
  `remember_token` varchar(100) COLLATE utf8mb4_unicode_ci DEFAULT NULL,
  `created_at` timestamp NOT NULL DEFAULT current_timestamp(),
  `updated_at` timestamp NOT NULL DEFAULT current_timestamp() ON UPDATE current_timestamp(),
  `di_dong` varchar(250) COLLATE utf8mb4_unicode_ci DEFAULT NULL,
  `state` int(11) NOT NULL DEFAULT 1,
  PRIMARY KEY (`id`),
  UNIQUE KEY `users_email_unique` (`email`),
  KEY `FK_users_admin_role` (`role_id`),
  CONSTRAINT `FK_users_admin_role` FOREIGN KEY (`role_id`) REFERENCES `admin_role` (`id`) ON DELETE SET NULL ON UPDATE CASCADE
) ENGINE=InnoDB AUTO_INCREMENT=10 DEFAULT CHARSET=utf8mb4 COLLATE=utf8mb4_unicode_ci;

-- Dumping data for table alcomputer.users: ~3 rows (approximately)
/*!40000 ALTER TABLE `users` DISABLE KEYS */;
INSERT INTO `users` (`id`, `role_id`, `name`, `email`, `password`, `hinh_anh`, `remember_token`, `created_at`, `updated_at`, `di_dong`, `state`) VALUES
	(1, 1, 'Quản trị hệ thống', 'admin', '$2y$10$VZI0siYq7lRPvqt8e.QbXOWDBelj91YwJoLsEKx4GxbWH5XQb87xO', 'al_16156462990.jpg;', 'wnCwGW6IOIS8ETJCvg3SMquGVJtxG2mBedG9MQvcsPwvXcHz7alYCJPZVAEX', '2021-03-13 11:57:11', '2021-04-03 10:22:48', '0941138484', 1),
	(2, 10, 'Giám đốc. Thạch Thất Tùng', 'thachthattung', '$2y$10$GrxytSfk/vWSl.inRWtfq.HNZ2rk6afvyPmjV6FT1li2m5ikaOpZu', 'al_16156466170.jpg;', NULL, '2021-03-14 12:43:37', '2021-04-03 10:21:58', '0941946464', 1),
	(3, 9, 'Nông Thị Lành', 'nongthilanh', '$2y$10$6NM123ce4KyoPD./0ueepeHkGcqb03n.3XyADNjrwhLAgacVjW2RK', 'al_16156462990.jpg;', '820WCV8DXDYUZbIZ4nT0khgM6JqUJzLPdg8m4dHHNI44R2RyFnufoykNHCDe', '2021-03-14 01:24:50', '2021-06-08 07:36:00', '0978425508', 1);
/*!40000 ALTER TABLE `users` ENABLE KEYS */;

-- Dumping structure for table alcomputer.user_background_color
CREATE TABLE IF NOT EXISTS `user_background_color` (
  `id` int(11) DEFAULT NULL,
  `id_user` int(11) DEFAULT NULL,
  `menu` varchar(50) DEFAULT NULL,
  `slider` varchar(50) DEFAULT NULL
) ENGINE=InnoDB DEFAULT CHARSET=utf8;

-- Dumping data for table alcomputer.user_background_color: ~0 rows (approximately)
/*!40000 ALTER TABLE `user_background_color` DISABLE KEYS */;
INSERT INTO `user_background_color` (`id`, `id_user`, `menu`, `slider`) VALUES
	(1, 1, 'light', 'warning');
/*!40000 ALTER TABLE `user_background_color` ENABLE KEYS */;

/*!40101 SET SQL_MODE=IFNULL(@OLD_SQL_MODE, '') */;
/*!40014 SET FOREIGN_KEY_CHECKS=IFNULL(@OLD_FOREIGN_KEY_CHECKS, 1) */;
/*!40101 SET CHARACTER_SET_CLIENT=@OLD_CHARACTER_SET_CLIENT */;
/*!40111 SET SQL_NOTES=IFNULL(@OLD_SQL_NOTES, 1) */;
